season,week,team,conference,logo,games,prior_weight,power_pts,off_pts,def_pts,power_rank,off_rank,def_rank,off_wepa,off_pass_epa,off_rush_epa,off_eckel_rate,off_eckel_rate_oe,def_wepa,def_pass_epa,def_rush_epa,def_eckel_rate,def_eckel_rate_oe,adj_off_rush_epa,adj_def_rush_epa,adj_off_pass_epa,adj_def_pass_epa,off_wepa_rank,off_pass_epa_rank,off_rush_epa_rank,off_eckel_rate_rank,def_wepa_rank,def_pass_epa_rank,def_rush_epa_rank,def_eckel_rate_rank,power_change,rank_change
2025,11,Notre Dame,FBS Independents,https://a.espncdn.com/i/teamlogos/ncaa/500/87.png,9,0,16.610578965341762,11.435071815653176,5.175507149688587,1,2,7,5.108724854618196,0.50403285890209,0.22125087591152062,0.5631067961165048,0.22581946583901127,-1.2474511129235855,0.15354252926592543,0.050885143668142806,0.47,0.13021253220897558,0.038906891018642545,-0.05445344243866106,0.15205495135697256,-0.06489164887865181,3,5,28,19,23,46,30,86,0,0
2025,11,Indiana,Big Ten,https://a.espncdn.com/i/teamlogos/ncaa/500/84.png,10,0,15.75554659726734,11.0322550702939,4.72329152697344,2,4,9,4.873269726751658,0.5301719547999685,0.2478637029790454,0.6106870229007634,0.26174680128233047,-1.3159047264335437,0.08406473067883388,0.012050004460731586,0.33112582781456956,-0.014587879458713109,0.07510695470241213,-0.057553736454888614,0.1546311920492803,-0.06868410239131516,5,2,22,11,21,21,14,12,0,0
2025,11,Ohio State,Big Ten,https://a.espncdn.com/i/teamlogos/ncaa/500/194.png,9,0,14.358108909849236,11.327431742616895,3.03067716723234,3,3,25,5.073504051602047,0.6103565152126034,0.1760585781486594,0.5365853658536586,0.18244680299084887,-1.6171944185820264,0.06585836498905352,-0.033491090647236224,0.22340425531914893,-0.14469224572376857,0.025666990611071482,-0.046907920100836734,0.19985348694841998,-0.07437415025432892,4,1,47,27,8,17,8,1,0,0
2025,11,Oregon,Big Ten,https://a.espncdn.com/i/teamlogos/ncaa/500/2483.png,9,0,14.228429440255333,8.017681215949574,6.210748224305759,4,5,4,4.044897196861714,0.3425338804381687,0.2887369325844334,0.5416666666666666,0.1797874664902413,-1.2398942812548877,0.04073733518472385,0.114584517971013,0.2890625,-0.06949316860071966,0.111174146429141,-0.0155603575400984,0.04734411195253507,-0.09090310684954671,11,32,11,24,26,13,62,4,0,0
2025,11,Texas A&M,SEC,https://a.espncdn.com/i/teamlogos/ncaa/500/245.png,9,0,11.274673337914763,7.746950111446912,3.5277232264678497,5,8,19,3.649697897449728,0.35150367718511416,0.19894684108137708,0.5384615384615384,0.17456237566624233,-0.765082410586084,0.08252559462348959,0.19589438242909707,0.35537190082644626,-0.0015680391418940772,0.06110250312210902,0.03767575410543004,0.0799547066812986,-0.07916101990936993,19,29,32,26,73,20,111,21,0,0
2025,11,James Madison,Sun Belt,https://a.espncdn.com/i/teamlogos/ncaa/500/256.png,9,0,10.78395289900509,5.914641688305428,4.869311210699662,6,16,8,3.3425558516041263,0.32177201953705337,0.23204832384201665,0.5,0.13494450504236907,-1.3211963865878686,0.12617807898942318,0.019680135403279387,0.3391304347826087,-0.018475653548971415,0.042427049646152425,-0.050380833432651234,0.10495132787289178,-0.05925981312825323,25,45,25,48,20,35,17,14,0,0
2025,11,Miami,ACC,https://a.espncdn.com/i/teamlogos/ncaa/500/2390.png,9,0,8.961302851557422,3.538580298768032,5.42272255278939,7,30,6,2.8309858694312333,0.33690065969707383,0.1378750320780519,0.4714285714285714,0.12497485136391685,-1.242494046945776,0.09547125068983014,0.012609174431228875,0.40625,0.06588379153466861,0.0034300001394155753,-0.0624574960494689,0.0878585527051705,-0.09578553733365734,41,35,69,65,25,24,15,42,0,0
2025,11,Utah,Big 12,https://a.espncdn.com/i/teamlogos/ncaa/500/254.png,9,0,8.819931918231747,4.177458698274298,4.642473219957449,8,24,10,3.273049344272233,0.3882325538112368,0.34205115070762754,0.6116504854368932,0.24891727736236435,-1.0025768957457024,-0.056133360320892584,0.14832973604774377,0.39655172413793105,0.039095419337774905,0.10951184841190335,0.007155755832867241,0.07752132824275998,-0.11351001433308174,28,22,4,10,47,1,89,36,0,0
2025,11,Texas Tech,Big 12,https://a.espncdn.com/i/teamlogos/ncaa/500/2641.png,10,0,8.744775352476317,0.5817074123752348,8.163067940101083,9,56,2,2.6730459562577833,0.36131243990899414,0.14007897526139543,0.5151515151515151,0.14715273648609123,-1.9214584508729813,0.0143299155061364,-0.1070347985434426,0.2708333333333333,-0.09380388671468876,-0.00519451940161494,-0.10235192277645593,0.04637944676512952,-0.10981314101677862,45,28,67,40,2,5,1,2,0,0
2025,11,Ohio,Mid-American,https://a.espncdn.com/i/teamlogos/ncaa/500/195.png,9,0,8.581201441076963,7.34879490797322,1.2324065331037428,10,11,50,5.345864015646123,0.4156353029477061,0.19816959802891207,0.4235294117647059,0.07048413712004019,-0.765983966394289,0.20087480607691163,0.2089920103669167,0.32038834951456313,-0.036619421372228324,0.006650358169876842,0.026668489062719684,0.04715383511902032,-3.3683857672828525e-4,1,15,33,92,72,67,115,8,0,0
2025,11,Cincinnati,Big 12,https://a.espncdn.com/i/teamlogos/ncaa/500/2132.png,9,0,8.333657841550048,7.942128576865076,0.39152926468497157,11,6,71,4.437764860958716,0.42247437327164006,0.31387221557139156,0.5145631067961165,0.14048445569180218,-0.602036226787149,0.19999423915297798,0.12690286386395042,0.47474747474747475,0.10270462193332966,0.07945557899857396,0.011199929285754853,0.08343564400897212,-0.0179366746745739,6,14,7,41,94,65,75,89,0,0
2025,11,Alabama,SEC,https://a.espncdn.com/i/teamlogos/ncaa/500/333.png,9,0,8.264415517568683,3.63017904690554,4.634236470663142,12,28,11,3.0790160242132276,0.4230494586640782,0.0012772649016206236,0.5196078431372549,0.16316094940062495,-0.7594377584791585,0.1049155859998665,0.12013201771274472,0.4152542372881356,0.062161946942216696,-0.06137442568495914,-0.00946354868888965,0.11090284575889293,-0.08581530283615998,36,13,131,37,74,27,69,50,0,0
2025,11,USC,Big Ten,https://a.espncdn.com/i/teamlogos/ncaa/500/30.png,9,0,8.205541982420316,7.49196467332181,0.7135773090985058,13,10,59,4.346174447092108,0.5187442026165205,0.2766139333087574,0.6990291262135923,0.34977286928025286,-0.5991345565278448,0.12585988462573428,0.18572348171358352,0.45614035087719296,0.10874087092142241,0.06474362443964933,0.028566581097108735,0.13094823066209504,-0.06710408905313515,7,4,16,1,95,34,105,79,0,0
2025,11,Vanderbilt,SEC,https://a.espncdn.com/i/teamlogos/ncaa/500/238.png,10,0,8.107590752470715,11.628717241636366,-3.521126489165651,14,1,119,5.123929736756429,0.4786792850577556,0.3387757342583359,0.5803571428571429,0.21849149121855618,-0.8507722288006982,0.370722657273126,0.07102492195626704,0.509090909090909,0.15591922763347074,0.09565221946810105,-0.02210405440088357,0.13466308312243616,0.10440787886161236,2,6,5,17,64,122,41,115,0,0
2025,11,Washington,Big Ten,https://a.espncdn.com/i/teamlogos/ncaa/500/264.png,9,0,7.462569159675779,4.169746232467675,3.292822927208103,15,25,20,3.8482946341192554,0.37668957563885,0.2601356072177036,0.6138613861386139,0.2526562198638842,-1.1911454518782674,0.1715367393010394,0.004421776256982747,0.4639175257731959,0.10168323389495389,0.036501397621016736,-0.04910711893631517,0.06257774251720435,-0.023603639973549584,17,25,20,6,32,53,11,83,0,0
2025,11,NC State,ACC,https://a.espncdn.com/i/teamlogos/ncaa/500/152.png,9,0,7.401074023550776,7.845465595367097,-0.4443915718163211,16,7,80,4.024986726814729,0.414874453698814,0.15080087290763974,0.4918032786885246,0.13452559154160693,-0.6060823353851257,0.24488795915598738,0.11727720843419662,0.5217391304347826,0.16142743962676062,0.03179689583624585,-0.006781656870860472,0.09912276301387016,0.020318125164703892,12,16,61,51,93,79,66,119,0,0
2025,11,Nebraska,Big Ten,https://a.espncdn.com/i/teamlogos/ncaa/500/158.png,10,0,6.947378537564467,6.331155866611426,0.6162226709530411,17,13,63,3.9657767424895787,0.3033853970978297,0.18476801621617547,0.4857142857142857,0.13319478149331065,0.023292064927386568,0.14401521237788262,0.3288641542332584,0.41379310344827586,0.05620820401280003,0.012136830985232702,0.06455875777839326,0.04660943579901488,-0.036200711285926584,13,49,42,58,130,41,135,48,0,0
2025,11,South Florida,American Athletic,https://a.espncdn.com/i/teamlogos/ncaa/500/58.png,9,0,6.9453557493755955,2.385850535832974,4.5595052135426215,18,42,12,2.5935946263012637,0.33562168716740043,0.21444641768399897,0.5396825396825397,0.18173869637040863,-1.3499123071946717,0.15329174846788385,0.05018240460014709,0.4365079365079365,0.08496740844510654,0.05571826542711749,-0.03140431860909449,0.08087780268217387,-0.04190191875229963,50,37,29,25,17,45,29,71,0,0
2025,11,Toledo,Mid-American,https://a.espncdn.com/i/teamlogos/ncaa/500/2649.png,9,0,6.8091072095215655,3.5801013699462128,3.2290058395753523,19,29,22,3.145816142082805,0.32578054455507527,0.13856521563859453,0.4878048780487805,0.12270007134870071,-1.7995643434709716,0.02274742795398941,-0.04256037422526876,0.28225806451612906,-0.07551605492117063,-0.00815048421505218,-0.0683356592902298,0.06893582183560533,-0.05749321447171746,33,39,68,55,4,7,7,3,0,0
2025,11,Oklahoma,SEC,https://a.espncdn.com/i/teamlogos/ncaa/500/201.png,9,0,6.791381776122851,-0.7475111039723514,7.538892880095202,20,73,3,1.950797668031914,0.1682204955627829,0.10226892773139278,0.4778761061946903,0.11802143881044118,-2.091346491549443,0.1051981885216387,-0.06855526476211192,0.32231404958677684,-0.030455164511001342,-0.001097781789697277,-0.08845882812838224,-0.0559680940005825,-0.056118257554352145,80,92,82,63,1,28,5,10,0,0
2025,11,BYU,Big 12,https://a.espncdn.com/i/teamlogos/ncaa/500/252.png,9,0,6.39229956507131,3.2431216702367642,3.149177894834546,21,36,24,2.9082133909661563,0.2839178265032572,0.24054409758161246,0.5514018691588785,0.20321812312273813,-1.0642436536140005,0.10562163635885391,0.060613391191154685,0.42727272727272725,0.08999011595443761,0.047811502516234866,-0.0305706128449939,0.03685815476681198,-0.053252803051185654,40,59,24,22,43,29,34,64,0,0
2025,11,Georgia,SEC,https://a.espncdn.com/i/teamlogos/ncaa/500/61.png,9,0,5.623693276831626,5.438583483699606,0.18510979313201997,22,18,74,3.2222194023274264,0.412344492389798,0.15872905528326958,0.5533980582524272,0.1918681177360195,-0.8923813184059677,0.26438726371317073,0.044413911469927694,0.35185185185185186,-0.0016637071264665,0.02196617612457653,-0.022885978133056935,0.09542505949037217,0.0013567219062758358,32,19,52,21,61,88,24,20,0,0
2025,11,North Texas,American Athletic,https://a.espncdn.com/i/teamlogos/ncaa/500/249.png,9,0,5.226798355865171,7.034484670983698,-1.8076863151185272,23,12,98,3.9233265495954948,0.4243549012792301,0.30326622262032044,0.646551724137931,0.2807887488780929,-0.1705625850195428,0.15665180588655517,0.21470255667635108,0.42276422764227645,0.06251138097331826,0.07277689644715522,0.037798443173722426,0.11994931730424666,2.0372736809165826e-4,16,12,9,2,126,47,120,57,0,0
2025,11,Old Dominion,Sun Belt,https://a.espncdn.com/i/teamlogos/ncaa/500/295.png,9,0,4.913995158813243,3.365767688595289,1.5482274702179541,24,34,41,3.3906358862238206,0.4608531906080817,0.11023259046648606,0.4485981308411215,0.08197957536564032,-0.551840420861159,0.10451229756375935,0.06866474204222417,0.344,-0.02625115513745519,-0.026974716357523694,-0.03057174947188229,0.09026487113267434,-0.049219146566333194,22,7,80,78,100,26,39,17,0,0
2025,11,Tennessee,SEC,https://a.espncdn.com/i/teamlogos/ncaa/500/2633.png,9,0,4.889784605073935,6.076203858220435,-1.1864192531465005,25,15,91,3.9478322004318036,0.4048449394114349,0.2610524903827354,0.6052631578947368,0.2627224121029282,-0.6821883025290866,0.23379407823691375,0.1271330700688805,0.4957983193277311,0.15391753555260426,0.05127922218556169,0.001234654623794879,0.0877239126991178,0.011427915867871556,14,20,18,13,84,77,76,102,0,0
2025,11,Michigan,Big Ten,https://a.espncdn.com/i/teamlogos/ncaa/500/130.png,9,0,4.753799454591666,2.5990270641589173,2.154772390432749,26,41,37,2.6611674922126887,0.18099186920180171,0.2814790395774141,0.5089285714285714,0.1426788292467735,-1.2177020405919396,0.18245024412167515,0.06511275646327785,0.42105263157894735,0.05281030779022099,0.08722296966645157,-0.027122692970660424,-0.025202061875371603,-0.041328203917340066,46,88,14,45,29,61,37,55,0,0
2025,11,Duke,ACC,https://a.espncdn.com/i/teamlogos/ncaa/500/150.png,9,0,4.549019491647135,7.552356365567978,-3.003336873920843,27,9,112,3.930384389719386,0.4124342951665394,0.15780130396585884,0.6261682242990654,0.26350425972090175,-0.6134591157834114,0.39493395394163455,0.08858733072543735,0.4957983193277311,0.1524073999819856,0.0030642417455045727,-0.004231968897554828,0.10951900007467877,0.06337851113891019,15,18,55,4,91,127,49,102,0,0
2025,11,Ole Miss,SEC,https://a.espncdn.com/i/teamlogos/ncaa/500/145.png,10,0,4.506137637829615,3.379220934522728,1.1269167033068865,28,33,53,3.2356071439014134,0.44450873091982185,0.17950830685288535,0.6133333333333333,0.2557789097925462,-0.507111562143515,0.1164581006184286,0.13089798780055475,0.42,0.061747931038166816,0.032289678033233966,-0.006192394242438813,0.10025161772215682,-0.05371511336979723,31,8,43,8,106,32,77,53,0,0
2025,11,Florida State,ACC,https://a.espncdn.com/i/teamlogos/ncaa/500/52.png,9,0,4.3734616695037465,4.1600088332949,0.21345283620884672,29,26,73,3.5166306155847646,0.3838257097282792,0.307443941286328,0.6138613861386139,0.26404630246549876,-1.424482429785669,0.2272823236090405,0.02987378432618953,0.36538461538461536,0.01728075223727326,0.0883843205967324,-0.02830829183540882,0.07375287706250971,0.005454255392602911,21,23,8,6,13,74,19,26,0,0
2025,11,Navy,American Athletic,https://a.espncdn.com/i/teamlogos/ncaa/500/2426.png,9,0,4.089946456420211,5.127246137295857,-1.0372996808756454,30,19,86,4.107076633610867,0.36925040418142485,0.37741240796949976,0.62,0.24518743764768525,-0.9485578137412681,0.33464828681445546,0.16890276539966054,0.4954128440366973,0.13360185925174237,0.13309740639589981,0.03012414182701671,-5.934238913710484e-4,0.0675200318040288,10,27,1,5,50,108,100,100,0,0
2025,11,San Diego State,Mountain West,https://a.espncdn.com/i/teamlogos/ncaa/500/21.png,9,0,4.063267802300055,-1.77051014671613,5.833777949016184,31,86,5,1.9170720823984975,0.1376922315169329,0.17589457065586336,0.42016806722689076,0.05937878456786802,-1.8594206331368999,-0.007261865543431025,0.04793319575155881,0.3458646616541353,-0.007069856495566239,-0.005456726666091298,-0.04578389013120023,-0.06831793489956549,-0.09827655901148723,84,107,48,93,3,3,27,18,0,0
2025,11,SMU,ACC,https://a.espncdn.com/i/teamlogos/ncaa/500/2567.png,10,0,3.870643291019175,9.579723445837297e-5,3.8705474937847164,32,61,14,2.1239320140225324,0.32569109182305755,0.11452242233541095,0.44680851063829785,0.09491623404306423,-1.342835176520918,0.1322358977408848,-0.0030902811586255414,0.42857142857142855,0.06275596404777788,-0.01004161591421501,-0.058439857189859154,0.06358977857301203,-0.03884150959255512,73,40,76,81,18,38,9,65,0,0
2025,11,UConn,FBS Independents,https://a.espncdn.com/i/teamlogos/ncaa/500/41.png,10,0,3.862564815831221,5.606108760214408,-1.7435439443831868,33,17,94,4.181405392144697,0.3830133320136425,0.2782033151864532,0.5737704918032787,0.1998282713687759,-0.3080120846987561,0.18075110031381011,0.2266861452618709,0.448,0.08553662348893115,0.031930623383973435,0.06034643286216853,0.0690809465905953,-0.013802229627786176,9,24,15,18,117,58,126,76,0,0
2025,11,Wake Forest,ACC,https://a.espncdn.com/i/teamlogos/ncaa/500/154.png,9,0,3.6155737176345877,-5.566847281539172,9.18242099917376,34,125,1,1.058185127317085,0.18507471381352938,0.11535054584544183,0.3770491803278688,0.0339512389363063,-1.6522951359282714,0.030359047657556447,0.046581759817069995,0.3700787401574803,0.023174135387545963,-0.02042897626441848,-0.040333883500956465,-0.055964868901436406,-0.11024943376105949,119,85,75,113,7,10,26,29,0,0
2025,11,Georgia Tech,ACC,https://a.espncdn.com/i/teamlogos/ncaa/500/59.png,9,0,3.486171596371939,4.899751489313858,-1.413579892941919,35,21,92,3.0417002094546284,0.433408380130741,0.22564028061693042,0.5961538461538461,0.2438600362578313,-0.47344036786004157,0.2895013379088031,0.11625382189220124,0.5233644859813084,0.17452802526058817,0.04732209466945492,0.004075249757332676,0.11470299895345018,0.04563358919781618,37,9,26,14,110,97,65,120,0,0
2025,11,Clemson,ACC,https://a.espncdn.com/i/teamlogos/ncaa/500/228.png,9,0,3.398494739708596,0.6576777127303435,2.740817026978253,36,53,28,2.048501084961771,0.2666850042189688,0.09799180839926183,0.48214285714285715,0.12181811792218977,-0.8343070334887994,0.19316359218376108,0.08189337526106279,0.4298245614035088,0.07099907857129045,-0.010029440174962781,-0.003162137995059107,0.031106290082901843,-0.02519291512793053,76,63,86,60,66,63,45,67,0,0
2025,11,Arizona,Big 12,https://a.espncdn.com/i/teamlogos/ncaa/500/12.png,9,0,3.22877433747306,-0.5387529245278468,3.767527262000907,37,70,15,1.8763458255065821,0.16448964554504997,0.19712318836680365,0.5045871559633027,0.13641272159138992,-0.9429749828331644,0.09082641176740802,0.11218557122459881,0.423728813559322,0.06784766302202583,0.023060721597653558,0.00646961261934959,-0.044553429881925975,-0.04637116052558776,86,95,35,47,53,22,61,60,0,0
2025,11,UTSA,American Athletic,https://a.espncdn.com/i/teamlogos/ncaa/500/2636.png,9,0,3.1907119938992965,4.981722654270095,-1.7910106603707991,38,20,97,3.326479432964101,0.3247846358874232,0.15162642973254692,0.4583333333333333,0.09226084726288868,-0.7495909156861715,0.28497180676707,0.1028234804208208,0.424,0.0680801029646888,-0.025098339153604675,0.0076750902168195604,0.0496039359639515,0.05097866051572689,27,41,59,74,75,96,55,62,0,0
2025,11,Texas,SEC,https://a.espncdn.com/i/teamlogos/ncaa/500/251.png,9,0,3.0740490842185193,-0.47077110433389935,3.5448201885524186,39,65,18,2.0294923446630775,0.32363560349770104,0.05366329740208752,0.46846846846846846,0.09783927195452825,-1.4087849076415455,0.13179592381332997,0.013327452078333002,0.36666666666666664,0.004308114008939297,-0.04567384413264924,-0.05225208261337837,0.05220830639618737,-0.01337946363524758,77,44,117,69,16,36,16,27,0,0
2025,11,Pittsburgh,ACC,https://a.espncdn.com/i/teamlogos/ncaa/500/221.png,9,0,2.9160287760919004,0.659969973138261,2.2560588029536395,40,52,36,2.5818966639333083,0.35085853591545524,0.0705677680191823,0.5158730158730159,0.15490303284936632,-1.6996543191759759,0.2255754138074156,-0.08785332073872432,0.31851851851851853,-0.03058119861303428,-0.02601598894796694,-0.08969429350464342,0.047086004793119925,0.0022327724032798145,52,30,105,39,6,72,3,7,0,0
2025,11,Southern Miss,Sun Belt,https://a.espncdn.com/i/teamlogos/ncaa/500/2572.png,9,0,2.8843742513797137,0.6243835145815081,2.2599907367982057,41,54,35,2.203045125600377,0.28845144099798553,0.12367972318392235,0.464,0.13156523975644732,-0.8982355917961513,0.0013706015060089222,0.21704231892157838,0.42276422764227645,0.08907042261088835,-0.008768876918386756,0.042336896263610986,0.03776838237766561,-0.08774176013803438,65,58,73,71,59,4,121,57,0,0
2025,11,Jacksonville State,Conference USA,https://a.espncdn.com/i/teamlogos/ncaa/500/55.png,9,0,2.598013008452873,1.010544583521365,1.5874684249315083,42,48,40,2.686169518589426,0.08443431387585196,0.28659426655930587,0.37735849056603776,0.021110571619331536,-0.8056978610313568,0.2197262969796907,0.08493366451989623,0.375,0.014637152988756508,0.06047076294351744,-0.006047681709712322,-0.05895703468393053,0.013090709100553361,43,123,12,112,67,71,46,30,0,0
2025,11,Fresno State,Mountain West,https://a.espncdn.com/i/teamlogos/ncaa/500/278.png,9,0,2.589079873213694,-0.6217879362354246,3.2108678094491188,43,71,23,2.2020198603465992,0.24626770514663393,0.06860599934532824,0.41284403669724773,0.0452641034032813,-1.101744116816772,0.14716521844301775,0.1111271218862699,0.3644859813084112,0.004808877610867437,-0.049933268512784,0.007488212227001751,-0.036546272039110365,-0.053455894917245256,66,67,108,98,41,43,59,25,0,0
2025,11,Illinois,Big Ten,https://a.espncdn.com/i/teamlogos/ncaa/500/356.png,9,0,2.5201735189895484,3.0693597586707013,-0.5491862396811529,44,37,81,3.345640435589465,0.43001154230054556,0.1138771325099425,0.6060606060606061,0.24351503200150798,-0.4992983829536645,0.3486753994384196,0.11145886800094587,0.5,0.1440359763692223,-0.027707082623965158,-0.021632777774681183,0.10710719843646467,0.051737616452225806,23,10,78,12,108,115,60,106,0,0
2025,11,Missouri State,Conference USA,https://a.espncdn.com/i/teamlogos/ncaa/500/2623.png,9,0,2.494552745771177,3.3367963893309653,-0.8422436435597882,45,35,85,2.9900091586758126,0.29489361459097424,0.09032115945626354,0.3611111111111111,-0.00990238167571923,-0.6101435088579193,0.3458664931469234,0.1786782588818412,0.4,0.03367427592952587,-0.01024054785964395,0.012217501033356825,0.02438637135962895,0.026103138008922642,38,54,89,119,92,114,102,39,0,0
2025,11,LSU,SEC,https://a.espncdn.com/i/teamlogos/ncaa/500/99.png,9,0,2.3805836660283752,-0.5181537155232987,2.898737381551674,46,69,27,2.1553112366863427,0.23568657035620907,0.08318867715594847,0.5339805825242718,0.1761039002698078,-0.8860421941731539,0.1686359801130374,0.08728922118025369,0.4166666666666667,0.06622796567964113,-0.021092989091114317,-0.01460888487683888,-0.009511935792540994,-0.031535775526349515,70,70,93,28,62,51,48,52,0,0
2025,11,Missouri,SEC,https://a.espncdn.com/i/teamlogos/ncaa/500/142.png,9,0,2.3517831649119967,-0.9103585795790027,3.2621417444909993,47,77,21,2.6887599802371263,0.27091841578491777,0.26077943304164813,0.5181818181818182,0.16448198130294053,-1.311007130331563,0.030666203793712807,0.07806688971085084,0.34234234234234234,-0.018249220082739524,0.0554651388331243,-0.006084314207874326,-0.02843392695898345,-0.04841299636817477,42,61,19,38,22,11,44,16,0,0
2025,11,Penn State,Big Ten,https://a.espncdn.com/i/teamlogos/ncaa/500/213.png,9,0,2.319713683602771,1.0222648998514667,1.297448783751304,48,47,49,2.124902818936048,0.17373188141620138,0.1926815667066357,0.46987951807228917,0.0948305620831344,-1.0710495806223546,0.1820072089055217,0.15994857331438533,0.3978494623655914,0.036500612321614265,0.01841851883662617,0.017709656817411556,-5.485857145890832e-4,-0.008882990420232315,72,90,37,67,42,60,94,37,0,0
2025,11,TCU,Big 12,https://a.espncdn.com/i/teamlogos/ncaa/500/2628.png,9,0,2.2389144316050675,0.7957405300495614,1.443173901555506,49,50,45,2.6316017698498544,0.3889663753508277,0.07666034370625655,0.5,0.13905030424093853,-1.1829735667246737,0.2786087478969263,-0.0014185973924360758,0.4380952380952381,0.07452154417396334,-0.05652773634084051,-0.053511377343408835,0.06413332409330454,0.013348973395629744,48,21,97,48,33,93,10,72,0,0
2025,11,Iowa,Big Ten,https://a.espncdn.com/i/teamlogos/ncaa/500/2294.png,9,0,2.222783263244724,-1.4751977182246203,3.6979809814693443,50,81,16,1.9634374099193794,0.18099594571602806,0.19018133753451538,0.4731182795698925,0.10434867915693909,-0.9070134414294644,0.1106347585075583,0.046370407123987864,0.3119266055045872,-0.0463616633986027,0.029026346257751114,-0.028754851455446456,-0.04379301331875228,-0.06365768927488062,79,87,38,64,58,30,25,6,0,0
2025,11,Western Kentucky,Conference USA,https://a.espncdn.com/i/teamlogos/ncaa/500/98.png,9,0,2.101950858358168,-2.103689564540794,4.205640422898962,51,93,13,1.8523721519909575,0.25842451440640074,0.10213335826164747,0.3963963963963964,0.033339206823517244,-0.7851791568594167,0.06103839630599236,0.12531735710611258,0.4017094017094017,0.04005634077951246,-0.028499507068187678,-0.008025296041674271,0.00828607088885573,-0.03910781007374653,88,66,83,107,70,16,72,41,0,0
2025,11,Arkansas,SEC,https://a.espncdn.com/i/teamlogos/ncaa/500/8.png,9,0,2.098023583291026,6.08934014527221,-3.991316561981184,52,14,123,4.313024415616042,0.348574800582904,0.3566796764581592,0.6122448979591837,0.2688723962909404,0.03997068850620116,0.4244166011943365,0.21130387319646826,0.54,0.19918066490981168,0.11459036690927253,0.02085489930151049,0.03265034846277069,0.07771561198819908,8,31,3,9,132,131,119,128,0,0
2025,11,Tulane,American Athletic,https://a.espncdn.com/i/teamlogos/ncaa/500/2655.png,9,0,1.970700513361312,2.7812629864976905,-0.8105624731363786,53,40,84,2.601495800919576,0.32421522278086856,0.06708129976564202,0.48148148148148145,0.10935533691588661,-0.7165563181619652,0.31661416996480213,0.14503134596776698,0.5446428571428571,0.1838151530277365,-0.016888531643313533,-0.015023558675806074,0.08523128032504221,0.05052565846985017,49,42,109,61,81,105,85,130,0,0
2025,11,Arizona State,Big 12,https://a.espncdn.com/i/teamlogos/ncaa/500/9.png,9,0,1.8445061479645999,0.1041564459166728,1.740349702047927,54,60,39,2.1841028273933087,0.19508740141064262,0.18652245366930992,0.4473684210526316,0.10466679486488119,-0.7693130040199988,0.13435667388786968,0.16011904652615186,0.4298245614035088,0.06655022401058572,0.04152447363949855,0.013797510632785597,-0.023592014804114866,-0.05652398514128262,68,82,41,79,71,39,96,67,0,0
2025,11,Auburn,SEC,https://a.espncdn.com/i/teamlogos/ncaa/500/2.png,10,0,1.8414675237202491,-0.48939829060060847,2.3308658143208576,55,66,33,2.2008504996708766,0.07384476469103148,0.25142675326140296,0.44339622641509435,0.0830233433857774,-1.5665145986370155,0.29322800516750486,-0.10386776601706237,0.4594594594594595,0.09457556065146606,0.06555711095468639,-0.12796893084359476,-0.08561070227830236,0.025186507861516973,67,125,21,82,9,98,2,82,0,0
2025,11,Mississippi State,SEC,https://a.espncdn.com/i/teamlogos/ncaa/500/344.png,10,0,1.805599390312623,0.4620699704094898,1.3435294199031333,56,58,47,2.47864217859503,0.27815718004016265,0.16121230328141758,0.4696969696969697,0.111400827054755,-0.5271061661941614,0.25112779125347673,0.15518824916635232,0.4701492537313433,0.11559578668411011,-0.003062489724392228,0.028222040129975205,0.041074033949442854,0.004832027793197081,59,60,51,68,102,84,91,87,0,0
2025,11,Boise State,Mountain West,https://a.espncdn.com/i/teamlogos/ncaa/500/68.png,9,0,1.7437372093198968,-0.518098114462985,2.261835323782882,57,68,34,2.1398046409218794,0.23590880503392275,0.13065246794921295,0.5338983050847458,0.18218742688049833,-0.947227605839368,0.030081623770765443,0.19683511135369608,0.4,0.049605892655790816,0.0027048256912630547,0.026223504713092604,-0.006690390325904752,-0.10419822955916411,71,69,70,29,51,9,112,39,0,0
2025,11,Houston,Big 12,https://a.espncdn.com/i/teamlogos/ncaa/500/248.png,10,0,1.6260493646958378,0.4775680943344287,1.1484812703614091,58,57,51,1.9765374098178539,0.31016278525480717,0.0035983846894109997,0.5230769230769231,0.14093908809113956,-1.1820877441448991,0.16863754480219795,0.0749387240026676,0.3888888888888889,0.01986074030937057,-0.06821704222798249,0.007416135203049063,0.02955930154229955,-0.004723990713067144,78,47,129,34,34,52,43,34,0,0
2025,11,Hawai'i,Mountain West,https://a.espncdn.com/i/teamlogos/ncaa/500/62.png,10,0,1.5522633662158065,1.0096281452370413,0.5426352209787653,59,49,65,2.2806050672216287,0.2921646329717524,0.09245413427767936,0.4918032786885246,0.1221338491889603,-0.6673145044005052,0.2451110542941324,0.15692753847347873,0.4566929133858268,0.08707024067859546,-0.031056311831976668,0.02191655561540209,0.043402854970674476,0.011005421232176623,62,56,88,51,87,80,92,80,0,0
2025,11,Central Michigan,Mid-American,https://a.espncdn.com/i/teamlogos/ncaa/500/2117.png,9,0,1.244095851561479,1.4517121763259129,-0.20761632476443379,60,46,76,2.6329024002425743,0.4272543006252214,0.06995643546435394,0.375,0.016694882994705285,-1.2372633076776232,0.11194132494030988,0.161534323837236,0.48148148148148145,0.11210200011002847,-0.040131484072599116,0.02740376152254215,0.11090844136164973,-0.054513415715513935,47,11,107,115,27,31,98,91,0,0
2025,11,San José State,Mountain West,https://a.espncdn.com/i/teamlogos/ncaa/500/23.png,9,0,1.175955184040014,3.517017468374681,-2.341062284334667,61,31,102,3.122358270318002,0.3361879387680528,0.2134117563522316,0.5094339622641509,0.14351380766204486,-0.5070879716441521,0.4021202050376477,0.11596091901296593,0.5263157894736842,0.15913235221018904,0.03476289081579378,0.006790288086202895,0.06032134977319153,0.07214466033888584,34,36,30,44,107,128,64,121,0,0
2025,11,Louisville,ACC,https://a.espncdn.com/i/teamlogos/ncaa/500/97.png,9,0,1.0014720115272553,-2.026385818732482,3.0278578302597374,62,90,26,1.9488787169512671,0.12951839137727816,0.2450354385184466,0.45614035087719296,0.09680662169749464,-1.1940265372576528,0.027658150142343938,0.08700199798061863,0.33884297520661155,-0.014798146342198875,0.07372100165407425,-0.014355999243842487,-0.0753307982946535,-0.0692120511632454,81,114,23,75,31,8,47,13,0,0
2025,11,Kansas State,Big 12,https://a.espncdn.com/i/teamlogos/ncaa/500/2306.png,9,0,0.6177515373467587,0.17968135464699247,0.4380701826997662,63,59,70,2.244842290736023,0.26813770178158114,0.09494718586380826,0.43137254901960786,0.07365114354288753,-0.6642711027534434,0.18636214666554154,0.14523291643967484,0.44954128440366975,0.08889784469564938,-0.00221915712756303,0.011511216634863763,0.009517478507209385,-0.02512235871059234,64,62,87,89,88,62,87,77,0,0
2025,11,Iowa State,Big 12,https://a.espncdn.com/i/teamlogos/ncaa/500/66.png,10,0,0.459920848168471,-0.06454739628755868,0.5244682444560297,64,63,68,2.673389412924417,0.26592091808547796,0.17690510702606407,0.5865384615384616,0.23312327334555735,-1.0114867732746977,0.25682278377608064,0.04354973815331891,0.45794392523364486,0.11427063096197561,0.02701418890950917,-0.03737513059628962,-0.019076022773198004,0.02883502813477841,44,65,45,15,46,85,23,81,0,0
2025,11,Kentucky,SEC,https://a.espncdn.com/i/teamlogos/ncaa/500/96.png,9,0,0.3090931127596892,-1.4372106528901247,1.746303765649814,65,79,38,1.4649270097895057,0.176659976976987,0.09930151433055023,0.44,0.07681610947094969,-1.0275309654875895,0.2126199498325727,0.07479788410239953,0.42857142857142855,0.07637700819987016,-0.008875362473350752,-0.02163493597692164,-0.012823556059003633,-0.02318155318419759,105,89,85,86,45,69,42,65,0,0
2025,11,California,ACC,https://a.espncdn.com/i/teamlogos/ncaa/500/25.png,10,0,0.007921301930599478,-0.799426579207382,0.8073478811379815,66,75,58,1.7686464909801851,0.20402023071139028,0.06399462735750949,0.4166666666666667,0.057573923975667726,-0.7462560080546009,0.092729787144762807,0.20932527693643507,0.49586776859504134,0.13124350181985509,-0.04379809453638794,0.058354831805433646,-0.021252730660895197,-0.053472972535778256,91,79,110,95,76,23,116,104,0,0
2025,11,Memphis,American Athletic,https://a.espncdn.com/i/teamlogos/ncaa/500/235.png,10,0,-0.14065869211635817,2.884616963567574,-3.025275655683932,67,39,113,3.2367265301215555,0.22398262559713444,0.3299890686946276,0.5245901639344263,0.1676184934073806,-0.8976196946095915,0.3155519291122969,0.008365586597126986,0.43846153846153846,0.0800101288742191,0.09604257723536222,-0.040140300006231096,-0.006741321126027343,0.06932625055255374,30,72,6,32,60,104,13,73,0,0
2025,11,Texas State,Sun Belt,https://a.espncdn.com/i/teamlogos/ncaa/500/326.png,9,0,-0.4380151679711033,2.906316483151322,-3.3443316511224253,68,38,118,3.249192070845247,0.29838355631181945,0.28321739805044466,0.559322033898305,0.21484077666582047,-0.9261452906436738,0.36083821411856165,0.09076830957162946,0.5277777777777778,0.17099077452005246,0.07605149435920285,-0.01521987622118618,0.044644746297238976,0.08361246826251639,29,53,13,20,57,121,50,122,0,0
2025,11,Northwestern,Big Ten,https://a.espncdn.com/i/teamlogos/ncaa/500/77.png,9,0,-0.44211991489198565,-1.562497294887055,1.1203773799950694,69,82,54,1.7567739190438831,0.1429927170942879,0.2232273641511499,0.53125,0.17301335461719397,-0.40689262846048707,0.1812310800624629,0.22194837436060139,0.40816326530612246,0.04372232910122528,0.031711386336368566,0.03389445702577485,-0.04708362995627248,-0.00469335523675503,92,104,27,30,112,59,122,44,0,0
2025,11,Michigan State,Big Ten,https://a.espncdn.com/i/teamlogos/ncaa/500/127.png,9,0,-0.5263745424774857,4.70008712533875,-5.226461667816236,70,22,129,3.3335937718981103,0.2213282714850103,0.1732530279961465,0.36666666666666664,0.017455007721690327,0.0858024932564747,0.41294590512222556,0.36100575359603865,0.43209876543209874,0.0774196669378738,0.014580170961349106,0.05197056837413954,0.0234109345546845,0.03467675029768427,26,73,49,117,135,129,136,69,0,0
2025,11,Colorado,Big 12,https://a.espncdn.com/i/teamlogos/ncaa/500/38.png,10,0,-0.5693964091540571,-1.094908691779862,0.525512282625805,71,78,67,1.9462275402556335,0.1943153020706754,0.0871825990688335,0.43333333333333335,0.07710799643866208,-0.6447068540129801,0.3107012681002181,0.14198560271027572,0.5045871559633027,0.14919606876891287,-0.03142996390242403,0.010214421676925234,-0.032051094841772806,0.028631174997558555,82,83,91,88,89,103,83,112,0,0
2025,11,Florida,SEC,https://a.espncdn.com/i/teamlogos/ncaa/500/57.png,9,0,-0.7749784752474214,-2.2354616343378946,1.4604831590904732,72,96,44,1.5782042586663798,0.1200596374504888,0.10212479645971718,0.37623762376237624,0.0190624103011928,-1.246559028045809,0.2462934045852699,0.06907093709592645,0.3979591836734694,0.03126511994602647,-0.02256553816601277,-0.011581514520348592,-0.05855647656767618,0.004369608614128459,99,118,84,114,24,82,40,38,0,0
2025,11,Miami (OH),Mid-American,https://a.espncdn.com/i/teamlogos/ncaa/500/193.png,9,0,-0.8140247672492886,-2.309204943410411,1.4951801761611223,73,98,43,1.8080525775905505,0.21541777082359853,0.08603791666963867,0.41,0.05459830862202579,-1.2083129761092526,0.13181851060328398,0.14249828076768636,0.4077669902912621,0.061409660717179806,-0.04424121367673241,0.015839929195103755,0.016569779621556015,-0.031834033725600556,89,75,92,101,30,37,84,43,0,0
2025,11,Washington State,Pac-12,https://a.espncdn.com/i/teamlogos/ncaa/500/265.png,9,0,-0.9357524991787471,-1.6188377626849395,0.6830852635061924,74,83,60,1.610239575085465,0.20481517366292792,0.07101889392612282,0.4166666666666667,0.07350873027909813,-0.7398150814000768,0.1462553172682842,0.12547056501520654,0.411214953271028,0.06281855116838292,-0.01247946474057333,-0.00510266405740823,-0.02688050058073743,-0.0627467104257956,97,78,104,95,77,42,73,47,0,0
2025,11,Army,American Athletic,https://a.espncdn.com/i/teamlogos/ncaa/500/349.png,9,0,-0.9714946001786386,-1.457010093869551,0.4855154936909123,75,80,69,2.496583594192173,0.4130806336510619,0.17659967192001924,0.5274725274725275,0.1598149777316713,-0.6925179947430369,0.2950818484198133,0.10650447571536885,0.5,0.13569081030056818,0.0012870552921910642,-0.021093031373418798,0.029630994640600705,0.029725849188583224,58,17,46,31,83,99,58,106,0,0
2025,11,Coastal Carolina,Sun Belt,https://a.espncdn.com/i/teamlogos/ncaa/500/324.png,9,0,-1.0616255194373834,1.511895627594144,-2.5735211470315273,76,45,103,2.534935034611841,0.08162421810156566,0.15801461121661922,0.27049180327868855,-0.08095145799079463,-0.2142425358700412,0.200366670305507,0.19968426056476424,0.30275229357798167,-0.04655693170890412,0.03515177308142955,0.0418227990900893,-0.04759414837200476,-0.003467424366756093,57,124,54,136,123,66,114,5,0,0
2025,11,UNLV,Mountain West,https://a.espncdn.com/i/teamlogos/ncaa/500/2439.png,9,0,-1.0944552658703777,3.8643208116523557,-4.958776077522733,77,27,128,3.580220493638243,0.30062543235890443,0.3656713804162656,0.49038461538461536,0.1292997304611857,-0.16022892499232985,0.26430750801638,0.2686097528175926,0.509090909090909,0.1449177116477624,0.11584953379198612,0.053234448711398236,0.01632055687073233,0.053242466222785105,20,50,2,54,127,87,131,115,0,0
2025,11,East Carolina,American Athletic,https://a.espncdn.com/i/teamlogos/ncaa/500/151.png,9,0,-1.1234871947941953,-2.021384777630209,0.8978975828360136,78,89,56,2.092377451097336,0.30946823884553043,0.11338570649105968,0.48623853211009177,0.12082334190692182,-1.7455235954768042,0.1225267787049728,-0.07277220570633262,0.3416666666666667,-0.025913849630054026,0.010660467196783444,-0.07742917668126922,0.0041187547637103845,-0.04071348100861861,74,48,79,57,5,33,4,15,0,0
2025,11,Temple,American Athletic,https://a.espncdn.com/i/teamlogos/ncaa/500/218.png,10,0,-1.2788649384818358,2.3680140429640044,-3.64687898144584,79,43,120,3.3443166019891573,0.37355994505118906,0.06353779215972957,0.47,0.10670564356784627,-0.4606334971045846,0.22902098528494425,0.22226216856567202,0.4811320754716981,0.12922821854696734,-0.04228550207274353,0.056844077504084205,0.03667199593252529,0.033751414601361614,24,26,111,66,111,76,123,90,0,0
2025,11,Kansas,Big 12,https://a.espncdn.com/i/teamlogos/ncaa/500/2305.png,10,0,-1.3145247220385115,1.7675703791825639,-3.0820951012210753,80,44,115,2.912005171183413,0.3394389508092587,0.1659000707355558,0.5225225225225225,0.15309760368690248,-1.1351590265317477,0.2705667546521085,0.14881462307862878,0.42201834862385323,0.05894143131883985,0.027168784355255923,0.0379340931508103,0.03679256778395427,0.034446506121116126,39,33,50,35,38,89,90,56,0,0
2025,11,Louisiana Tech,Conference USA,https://a.espncdn.com/i/teamlogos/ncaa/500/2348.png,9,0,-1.3192556367464587,-3.964863470096853,2.645607833350394,81,112,29,1.0441212848746255,0.18874394382763302,0.1239744252695885,0.35344827586206895,-0.006258997255257862,-1.339144121381596,0.0342310295545586,0.006917944163386043,0.3467741935483871,-0.010579296617568595,0.009491758964425414,-0.02951986536541494,-0.009803529652846468,-0.07825789276420811,120,84,72,120,19,12,12,19,0,0
2025,11,Virginia,ACC,https://a.espncdn.com/i/teamlogos/ncaa/500/258.png,10,0,-1.6823599450374198,-2.2894913415455984,0.6071313965081785,82,97,64,1.7794305129319794,0.16315019977305792,0.18922042074709158,0.43103448275862066,0.08893475034188514,-0.5631093632411627,0.09829863801347619,0.1194416151493196,0.32061068702290074,-0.01912358736527334,0.013045314390420304,-0.01062282822180856,-0.04003345816823654,-0.07190991213102119,90,97,39,90,98,25,68,9,0,0
2025,11,Minnesota,Big Ten,https://a.espncdn.com/i/teamlogos/ncaa/500/135.png,9,0,-1.6826274531344199,-4.178817306484361,2.496189853349941,83,114,31,2.0616183754405943,0.20961247664682037,0.04970238759065171,0.4536082474226804,0.08844855725828714,-1.4441976862758592,0.06910238394111798,0.11808877683147993,0.38144329896907214,0.02934188232263588,-0.07046747593417996,0.014007755428161404,-0.05351921194609931,-0.05128663758011693,75,76,118,76,12,18,67,33,0,0
2025,11,Wyoming,Mountain West,https://a.espncdn.com/i/teamlogos/ncaa/500/2751.png,9,0,-1.7612943499621696,-2.8467091632482515,1.085414813286082,84,101,55,1.515288142645802,0.16304197992966454,0.07715391177649647,0.33980582524271846,-0.016392949345533137,-0.9714238718083708,0.015992006590108285,0.14653450105109964,0.3804347826086957,0.017589508748205907,-0.03907876857529704,0.0030053718955138434,-0.04827748879082934,-0.057551588984236096,103,98,96,122,48,6,88,32,0,0
2025,11,Delaware,Conference USA,https://a.espncdn.com/i/teamlogos/ncaa/500/48.png,9,0,-1.8640388187357677,-1.6290778866526996,-0.23496093208306812,85,84,78,2.270733141350408,0.29453019940995107,0.0814917151296844,0.4811320754716981,0.11826265452012015,-0.8030021378617523,0.16397369540340184,0.226516492568405,0.4639175257731959,0.10036153375154133,-0.032454812338887494,0.04236148108480346,0.011805858394181546,0.006995376037380298,63,55,94,62,68,49,125,83,0,0
2025,11,Utah State,Mountain West,https://a.espncdn.com/i/teamlogos/ncaa/500/328.png,9,0,-1.8646285061440602,-0.7446526998503161,-1.119975806293744,86,72,88,2.560358412966711,0.3003939094820043,0.151169477351923,0.4426229508196721,0.07832124465249839,-0.3897381945175721,0.2282037868924386,0.2445555803063874,0.48412698412698413,0.11906669401491327,-0.00976059040416474,0.058877408962453755,0.03793602229928495,-0.01062390131694734,55,51,60,83,113,75,127,93,0,0
2025,11,South Carolina,SEC,https://a.espncdn.com/i/teamlogos/ncaa/500/2579.png,9,0,-2.066068645453299,-3.6038020400673383,1.5377333946140395,87,109,42,1.2637039029050328,0.05033503232506527,0.07458540877632813,0.41237113402061853,0.07407418496670794,-0.9463896469723697,0.21824845549145955,0.05343340245733019,0.3673469387755102,0.024257471169553572,-0.027604054260152992,-0.03116414186473606,-0.10707642657527697,-0.0013684486781165757,114,127,101,99,52,70,33,28,0,0
2025,11,Baylor,Big 12,https://a.espncdn.com/i/teamlogos/ncaa/500/239.png,9,0,-2.0725206642608742,-0.5137883496484059,-1.5587323146124683,88,67,93,2.283109064678248,0.33849500273557215,0.14209922305440906,0.5490196078431373,0.1813837512119388,-0.5695662478720334,0.17255262101953647,0.10518763974964764,0.44761904761904764,0.08065432960681122,0.0034027037900356363,-0.021987513580559104,0.04527487669940453,-0.013726227721117791,61,34,65,23,97,54,57,75,0,0
2025,11,Oregon State,Pac-12,https://a.espncdn.com/i/teamlogos/ncaa/500/204.png,10,0,-2.084753180814622,-3.458756657932485,1.3740034771178629,89,106,46,1.5925604261926478,0.1273199998462371,0.07563344519807819,0.44166666666666665,0.08428687268293251,-1.1604983238274975,0.3070521030526055,0.06209900710663918,0.4107142857142857,0.05413331096587383,-0.029008347940340146,-0.018007461842399014,-0.0962443110192205,0.030504712771062224,98,116,99,85,37,102,35,45,0,0
2025,11,New Mexico,Mountain West,https://a.espncdn.com/i/teamlogos/ncaa/500/167.png,9,0,-2.199566152016345,0.7789832676468891,-2.9785494196632345,90,51,111,2.575194881696585,0.33436030154794205,0.14461680279253966,0.5204081632653061,0.16203094126340428,-0.5554804398629629,0.28072737736045233,0.09254969595855439,0.49473684210526314,0.12900556741516844,7.571742138919268e-4,-0.020263544079411108,0.07148650710421951,0.05295048724800238,53,38,64,36,99,95,52,99,0,0
2025,11,Troy,Sun Belt,https://a.espncdn.com/i/teamlogos/ncaa/500/2653.png,9,0,-2.2718040126484063,-2.061144174926109,-0.21065983772229746,91,91,77,1.6985199670390752,0.1399068165282065,0.06998248327902089,0.4117647058823529,0.059879025761248324,-1.4198938810874497,0.15279830594891083,0.09295349177276592,0.3584905660377358,0.01721598106698842,-0.03599427853669219,-0.004770419201177691,-0.06009361499136015,-2.7608852524864413e-4,93,106,106,100,14,44,53,22,0,0
2025,11,Air Force,Mountain West,https://a.espncdn.com/i/teamlogos/ncaa/500/2005.png,9,0,-2.441946324118165,4.2216947233916295,-6.6636410475097945,92,23,135,3.7104013728828993,0.5254896490375347,0.26967285513984246,0.5842696629213483,0.22690839732527293,0.11676770095831068,0.5830066768269095,0.2769688176693387,0.5851063829787234,0.2269152960804818,0.058001875074804775,0.06463150274331238,0.08629778139802151,0.13914586280410013,18,3,17,16,136,136,132,133,0,0
2025,11,UCLA,Big Ten,https://a.espncdn.com/i/teamlogos/ncaa/500/26.png,9,0,-2.4976018636049595,-2.1241517781089843,-0.37345008549597514,93,94,79,1.449628537117244,0.0657919792748736,0.2960736959946777,0.4,0.03455094281048766,-0.2497091442428578,0.3427298340023139,0.22472960408154757,0.5595238095238095,0.18055962335623027,0.06795916026019051,0.025325429953271528,-0.07955471749892654,0.03311284802080617,107,126,10,105,120,111,124,131,0,0
2025,11,Western Michigan,Mid-American,https://a.espncdn.com/i/teamlogos/ncaa/500/2711.png,9,0,-2.541236830708394,-2.926977025174779,0.38574019446638497,94,103,72,1.5487317433565189,0.09534990080244468,0.12561592458798726,0.42857142857142855,0.07452234811880729,-0.8724792825566261,-0.010432482111697158,0.13395880417649322,0.32456140350877194,-0.026545514489512013,-0.012133578896586037,-0.009748125659338205,-0.06792217120579429,-0.05964514481409817,101,122,71,91,63,2,79,11,0,0
2025,11,Georgia Southern,Sun Belt,https://a.espncdn.com/i/teamlogos/ncaa/500/290.png,9,0,-2.5922286745234473,0.5918511003982145,-3.184079774921662,95,55,117,2.5829512294208863,0.23439933039526628,0.194648769544339,0.5130434782608696,0.167173483137965,0.06796201727312552,0.27831292146901304,0.2861285846850455,0.5847457627118644,0.22797105311385918,0.015008895835929518,0.07684990904036973,0.02092425080195955,0.03196811240339473,51,71,36,43,134,92,134,132,0,0
2025,11,Kennesaw State,Conference USA,https://a.espncdn.com/i/teamlogos/ncaa/500/338.png,9,0,-2.626108553235862,-3.4429937347194075,0.8168851814835458,96,105,57,1.213777967275153,0.150282490836299,0.11405386847874216,0.45,0.10439938805330953,-0.7325575214606762,0.17537984875711427,0.1589414246569924,0.4462809917355372,0.10777452879863952,0.004642321098856077,0.02392513388194444,-0.020179077532713856,-0.014732658740221232,116,100,77,77,78,55,93,74,0,0
2025,11,Florida Atlantic,American Athletic,https://a.espncdn.com/i/teamlogos/ncaa/500/2226.png,9,0,-2.779606881342377,-2.162521856165621,-0.617085025176756,97,95,82,1.515179301531594,0.2666031984496171,0.07420206341197999,0.514018691588785,0.1481867536914564,-0.5298257703348316,0.13860207542990505,0.26036778386077325,0.5,0.13724699248341024,-0.03933812889371528,0.06922329539133346,0.038969293065580106,-0.03465196861612092,104,64,102,42,101,40,130,106,0,0
2025,11,North Carolina,ACC,https://a.espncdn.com/i/teamlogos/ncaa/500/153.png,9,0,-2.8974083278865344,-5.506799507589081,2.6093911797025466,98,124,30,0.8631351494718348,0.12992032313129068,0.05539620453193908,0.3434343434343434,-0.017204075712942392,-1.502156797655422,0.17742085591936396,0.04304022858340149,0.39603960396039606,0.04239529538384336,-0.04746443594645609,-0.01851517061350214,-0.04770425571293926,-0.02689136720578711,126,113,116,121,11,57,22,35,0,0
2025,11,UCF,Big 12,https://a.espncdn.com/i/teamlogos/ncaa/500/2116.png,9,0,-2.90500949753161,-5.385952772178688,2.480943274647078,99,121,32,1.2829854143593782,0.14642182114032515,0.2024945948330508,0.46078431372549017,0.09494296420624423,-1.1029583250803878,0.05349537012209479,0.136662964200239,0.42,0.05207666622510145,0.013888051749788565,0.019174840716820955,-0.10099473183970041,-0.07441999373232004,111,102,31,73,40,15,80,53,0,0
2025,11,Marshall,Sun Belt,https://a.espncdn.com/i/teamlogos/ncaa/500/276.png,9,0,-3.1818442896035894,-2.005428416608174,-1.1764158729954155,100,88,90,2.16323285882673,0.30033117952071126,0.044430306420429194,0.41904761904761906,0.0560637726924256,-1.4190228501858384,0.3584719905129247,0.0631856860828404,0.47107438016528924,0.12939690770613113,-0.060244445774804534,-0.0453337064844041,0.009894588056291015,0.06328138145266012,69,52,122,94,15,119,36,88,0,0
2025,11,West Virginia,Big 12,https://a.espncdn.com/i/teamlogos/ncaa/500/277.png,10,0,-3.3159984410315033,-4.453670643049607,1.1376722020181038,101,116,52,0.9477510878329837,0.13599315155964384,0.10536820505361733,0.3008130081300813,-0.04490278914136221,-1.2194665196318644,0.3272562475339602,0.09614347618358327,0.48333333333333334,0.12897611717210714,-0.01709125072653157,-0.023094919965524364,-0.04179923395585455,0.04014662342303222,123,109,81,128,28,107,54,92,0,0
2025,11,UL Monroe,Sun Belt,https://a.espncdn.com/i/teamlogos/ncaa/500/2433.png,9,0,-3.7334574658083275,-1.951964974686014,-1.7814924911223133,102,87,96,1.891980792373842,0.1653385953219645,0.07525962040704656,0.297029702970297,-0.04852669831472777,-0.9326962036837206,0.35928660387091194,0.10471041539331462,0.4891304347826087,0.12844431062288794,-0.04786871862733122,-6.953019790520803e-5,-0.03593266730061609,0.07061438195323883,85,93,100,129,55,120,56,96,0,0
2025,11,South Alabama,Sun Belt,https://a.espncdn.com/i/teamlogos/ncaa/500/6.png,9,0,-3.7712264783989133,-0.03758179261618189,-3.7336446857827315,103,62,121,2.5679220351126353,0.2207334400513333,0.19735957042501867,0.5,0.1579200651742826,-0.24102225999260793,0.3735036427012724,0.1907424163420183,0.4883720930232558,0.13261335918128958,0.028137959936193935,0.018122882161740128,-0.013418449184612928,0.07687366044548335,54,74,34,48,121,123,108,95,0,0
2025,11,Stanford,ACC,https://a.espncdn.com/i/teamlogos/ncaa/500/24.png,10,0,-3.860060264744409,-3.780510229027046,-0.0795500357173631,104,111,75,0.918236310820946,0.14184267070295975,-0.024220506249122788,0.3884297520661157,0.050861600871751136,-0.6691009371939104,0.3367118622322952,0.04821671866923604,0.5357142857142857,0.18181557899420173,-0.07470129208459128,-0.04815754627053979,-0.04291159818478343,0.04435793435001296,124,105,133,109,86,109,28,126,0,0
2025,11,Virginia Tech,ACC,https://a.espncdn.com/i/teamlogos/ncaa/500/259.png,9,0,-3.9190047100382985,-0.8106652149704554,-3.108339495067843,105,76,116,1.9317015997353042,0.15372485503309424,0.18680618059054963,0.4423076923076923,0.07903107741688518,-0.4839135186882255,0.38484427126532494,0.19841954160183511,0.5108695652173914,0.14855112373072688,0.01959915452692567,0.02529033915833788,-0.05685891336048054,0.06014242407848539,83,99,40,84,109,125,113,117,0,0
2025,11,Florida International,Conference USA,https://a.espncdn.com/i/teamlogos/ncaa/500/2229.png,9,0,-3.9308324937627757,-1.6604182945168304,-2.2704141992459452,106,85,100,1.5764387138062974,0.10220122328412153,0.15039192602611365,0.464,0.11057690445886657,-0.7976124814994626,0.24567774636699596,0.18327251662830943,0.49193548387096775,0.12831209976271538,-0.010027367447171854,0.026884851698680528,-0.036578430726807956,0.00950880753950819,100,120,62,71,69,81,103,98,0,0
2025,11,Rutgers,Big Ten,https://a.espncdn.com/i/teamlogos/ncaa/500/164.png,10,0,-4.095924802291574,3.450132238849593,-7.546057041141167,107,32,136,3.0968911470264753,0.3102954420558043,0.15716320846366502,0.6326530612244898,0.2668444570484538,-0.18107434235024475,0.4317105039374608,0.28500799056205744,0.5047619047619047,0.14358304886911358,6.216743892979869e-4,0.08949413191343378,0.03847783960379515,0.08027359568347449,35,46,56,3,125,133,133,113,0,0
2025,11,Rice,American Athletic,https://a.espncdn.com/i/teamlogos/ncaa/500/242.png,10,0,-4.624548424470135,-5.277533353164878,0.6529849286947425,108,120,61,1.4625607837171815,0.13298629368691242,0.039516801180597576,0.44715447154471544,0.08408160884186759,-0.7308974700376334,0.24643433831241096,0.1309761661949832,0.4959349593495935,0.13474353586724777,-0.09219137853005285,-0.011397330182252943,-0.05815653160838773,0.02237182254429777,106,112,124,80,79,83,78,105,0,0
2025,11,Buffalo,Mid-American,https://a.espncdn.com/i/teamlogos/ncaa/500/2084.png,9,0,-4.716567250032429,-5.255301342977875,0.5387340929454462,109,119,66,1.27687759183551,0.09592241753236569,0.04518184166513316,0.29411764705882354,-0.07144783925448706,-0.9553345347170596,0.17593115267152243,0.06712843317235223,0.37719298245614036,0.010367395656636691,-0.06335839426183672,-0.024860254401041674,-0.10250397699185669,-0.01562559565901366,112,121,121,130,49,56,38,31,0,0
2025,11,Akron,Mid-American,https://a.espncdn.com/i/teamlogos/ncaa/500/2006.png,10,0,-4.80643466584776,-2.651623082974152,-2.154811582873608,110,99,99,1.6448902774268441,0.18449513290186273,0.007963888041266371,0.3076923076923077,-0.05728246213356796,-0.345895480788582,0.16301354367299886,0.16895815710219667,0.42342342342342343,0.05550764204999842,-0.06144199616426496,0.04155651514554925,-0.005379604287421985,-0.025770666194490453,94,86,127,127,114,48,101,59,0,0
2025,11,Kent State,Mid-American,https://a.espncdn.com/i/teamlogos/ncaa/500/2309.png,9,0,-5.030713481739558,-2.102748896562134,-2.927964585177424,111,92,110,1.3919563237067725,0.16428707732692385,-0.032867229474941966,0.2857142857142857,-0.07955710695363934,-0.5219130545128753,0.35332304602398756,0.1600189756623265,0.5,0.12416688988842445,-0.06100909149341285,0.005427325380451056,-0.02541840688697379,0.06545836771030018,109,96,134,132,103,117,95,106,0,0
2025,11,UAB,American Athletic,https://a.espncdn.com/i/teamlogos/ncaa/500/5.png,9,0,-5.189594263478925,-0.7536894561270286,-4.435904807351896,112,74,125,2.536567655064497,0.2914149190255534,0.14907167084884335,0.5052631578947369,0.14699477557016966,-0.21525558308137238,0.4979710585608903,0.19361262758833944,0.6091954022988506,0.2424152302134353,-0.009921057340066618,0.011830807811352151,0.005193512788729344,0.07538953739043484,56,57,63,46,122,134,109,135,0,0
2025,11,UTEP,Conference USA,https://a.espncdn.com/i/teamlogos/ncaa/500/2638.png,9,0,-5.718521869765667,-9.369869674314035,3.6513478045483687,113,136,17,-0.04240655356247556,-0.05241004104762925,0.07368447290107759,0.32786885245901637,-0.008204132832165678,-1.1339984193790178,0.08067691139965334,0.02988548729674548,0.41509433962264153,0.06650747409753598,-0.03760575494640226,-0.03035998159313942,-0.18109659486799398,-0.056756881147813854,136,133,103,124,39,19,20,49,0,0
2025,11,Syracuse,ACC,https://a.espncdn.com/i/teamlogos/ncaa/500/183.png,10,0,-5.749835009603661,-2.698846600529191,-3.0509884090744697,114,100,114,1.630089835227089,0.19540629511230218,0.06260224743408728,0.3875968992248062,0.030359743921504943,-0.509738792483985,0.37936176877095606,0.1268529232003613,0.4152542372881356,0.062479225733888345,-0.01544256181429185,3.635748851287978e-4,-0.0660373475566568,0.07052537200088664,95,81,113,110,105,124,74,50,0,0
2025,11,Liberty,Conference USA,https://a.espncdn.com/i/teamlogos/ncaa/500/2335.png,9,0,-6.143522585702952,-3.554079433484267,-2.5894431522186845,115,108,105,1.3305234664420404,0.20839815297493344,0.17871417246330407,0.3804347826086957,0.026814491685444884,-0.6368034435777848,0.16786179308809482,0.16118248108062944,0.36363636363636365,0.003274821410524974,0.0299686464190528,0.017111057684613136,-0.014910760111989586,0.01632992064559115,110,77,44,111,90,50,97,24,0,0
2025,11,Georgia State,Sun Belt,https://a.espncdn.com/i/teamlogos/ncaa/500/2247.png,9,0,-6.174834714635496,-0.2545830368146798,-5.920251677820817,116,64,133,2.3393226916374252,0.32412572365764974,0.08144216203141053,0.4095238095238095,0.05449165249754926,0.04682864099835091,0.39126463033669767,0.2588743432769109,0.6333333333333333,0.27869272957114133,-0.017803362246453354,0.04263940942129653,0.021281804229431274,0.07290945160853518,60,43,95,102,133,126,129,136,0,0
2025,11,Louisiana,Sun Belt,https://a.espncdn.com/i/teamlogos/ncaa/500/309.png,10,0,-6.598336260771126,-3.7160200219418593,-2.882316238829267,117,110,108,1.1888224402532996,0.13522109824855896,0.1582547525520068,0.48672566371681414,0.13560868961342679,0.02468139808260243,0.27586797170502225,0.19570818027720213,0.5087719298245614,0.1449691439682365,-0.0037834162149449234,0.04084652755821537,-0.021142539997131535,0.035889061915082274,117,111,53,56,131,91,110,114,0,0
2025,11,Wisconsin,Big Ten,https://a.espncdn.com/i/teamlogos/ncaa/500/275.png,9,0,-6.810020828739987,-8.148839326992762,1.338818498252776,118,134,48,-0.030890431923805407,0.004204062659485812,0.046373826816154574,0.28421052631578947,-0.08362495760119346,-1.1629156417344753,0.30016333629739794,0.05165038214329192,0.4666666666666667,0.11331645233972994,-0.05233215514405974,-0.031199397736239434,-0.10392299209952552,0.010131723626114477,135,129,120,133,36,101,31,85,0,0
2025,11,App State,Sun Belt,https://a.espncdn.com/i/teamlogos/ncaa/500/2026.png,9,0,-6.833009513253277,-4.532285441481358,-2.300724071771919,119,117,101,1.6141847686518,0.12228115911315957,0.11924412264041018,0.4369747899159664,0.09688191001588546,-0.71925748197555,0.2988759693324209,0.0527513627422219,0.4956521739130435,0.15072054941502044,-0.03617422773587053,-0.0351181883987848,-0.04249169790388043,0.05278040755727046,96,117,74,87,80,100,32,101,0,0
2025,11,Maryland,Big Ten,https://a.espncdn.com/i/teamlogos/ncaa/500/120.png,9,0,-6.930032467499828,-6.203518316952854,-0.7265141505469742,120,128,83,0.9168370473596782,0.20055252235028562,0.06330667338825285,0.36363636363636365,0.005927244237617352,-1.5051915177526618,0.041547971262790716,0.1241999284176767,0.42592592592592593,0.06497508660778249,-0.015343202277229977,0.014943075566416105,-0.059367771114558376,-0.043260305056496105,125,80,112,118,10,14,71,63,0,0
2025,11,New Mexico State,Conference USA,https://a.espncdn.com/i/teamlogos/ncaa/500/166.png,9,0,-7.595637814969232,-8.223954410398028,0.6283165954287959,121,135,62,0.42883325349925194,0.11248284542515488,-0.017048001087054922,0.39823008849557523,0.03165987517525131,-1.1635208256540792,0.23402350658843904,-0.05854760765755058,0.4107142857142857,0.04938180601893203,-0.05777816725568477,-0.06198109038403902,-0.11375060049512617,0.006697372894167061,130,119,132,106,35,78,6,45,0,0
2025,11,Bowling Green,Mid-American,https://a.espncdn.com/i/teamlogos/ncaa/500/189.png,10,0,-7.6552246281369865,-6.519669874057144,-1.1355547540798419,122,129,89,0.7125158017075048,-0.05633745376458339,0.03964962040358638,0.2909090909090909,-0.07764241209768243,-0.8438215706247791,0.25749838566413236,0.03414728840957,0.3619047619047619,-0.006204876846624626,-0.05376950538594038,-0.027111766103369354,-0.1486908845770483,0.01562892535956672,128,134,123,131,65,86,21,23,0,0
2025,11,Eastern Michigan,Mid-American,https://a.espncdn.com/i/teamlogos/ncaa/500/2199.png,10,0,-7.683689344651091,-2.9242449064015577,-4.759444438249534,123,102,127,1.8623170268143645,0.24350095184916296,0.15687344421771696,0.4661016949152542,0.133589961552205,-0.18568255026880479,0.35240389086195295,0.21126487958705698,0.5299145299145299,0.1986752544683427,0.0012980011009857554,0.04009470002225873,-0.0037930371404800976,0.0623670137269424,87,68,58,70,124,116,118,123,0,0
2025,11,Arkansas State,Sun Belt,https://a.espncdn.com/i/teamlogos/ncaa/500/2032.png,10,0,-7.8263715878123286,-4.901245554058863,-2.925126033753466,124,118,109,1.2659400875518032,0.169947808247726,0.005958110824859153,0.48333333333333334,0.10151597809225262,-0.3344999291171263,0.279462536272744,0.13953779032785932,0.45,0.07925834252590364,-0.07557155953263442,-0.004055748873202082,-0.04887662143422646,0.00374110851102498,113,91,128,59,115,94,82,78,0,0
2025,11,Nevada,Mountain West,https://a.espncdn.com/i/teamlogos/ncaa/500/2440.png,9,0,-7.838664880299282,-6.773936123044296,-1.0647287572549866,125,131,87,0.1909241971434337,-0.11802505069686026,0.05763254610352616,0.3695652173913043,0.005746278629932248,-0.9359383881714523,0.2029185603319672,0.18858663580157384,0.42391304347826086,0.0772145688160831,-0.045141552182579536,0.02582510463726509,-0.15266841227195754,0.016907503902095784,132,136,114,116,54,68,106,61,0,0
2025,11,Purdue,Big Ten,https://a.espncdn.com/i/teamlogos/ncaa/500/2509.png,10,0,-7.981364099725219,-4.103429876829548,-3.8779342228956715,126,113,122,1.5224364437301536,0.13548653151887777,0.15689742072406163,0.5233644859813084,0.17016537778835225,-0.5923340262369047,0.3450451801202163,0.13851370026586235,0.5392156862745098,0.1926476050512719,2.382592190456944e-4,0.01037453146446678,-0.06609618828747285,0.03094478085589957,102,110,57,33,96,112,81,127,0,0
2025,11,Colorado State,Mountain West,https://a.espncdn.com/i/teamlogos/ncaa/500/36.png,9,0,-8.058827131147337,-5.4742853239505544,-2.5845418071967834,127,123,104,1.2219235431990287,0.14610229352985848,0.14177203803727637,0.3917525773195876,0.044394790332566554,-0.5146300053686685,0.3450715810524983,0.18521694851972548,0.5192307692307693,0.1655588357102017,-0.015114191704155792,0.0521197695320843,-0.0639933383552941,0.07124108847256895,115,103,66,108,104,113,104,118,0,0
2025,11,Boston College,ACC,https://a.espncdn.com/i/teamlogos/ncaa/500/103.png,10,0,-8.187842782996135,-3.4982842080893932,-4.6895585749067425,128,107,126,1.4297006893662128,0.1652276410930018,0.05595495393918425,0.49137931034482757,0.1341336425808474,-0.3335257295671301,0.33810611161778376,0.16270920989811202,0.5043478260869565,0.14124344389963162,-0.044594153246313356,0.04937666335423201,-0.08301886123241901,0.0713624389743031,108,94,115,53,116,110,99,111,0,0
2025,11,Charlotte,American Athletic,https://a.espncdn.com/i/teamlogos/ncaa/500/2429.png,9,0,-8.408541811208924,-5.589505393871439,-2.8190364173374847,129,126,106,0.7901829785054969,0.12859043302652862,-0.04866914565015293,0.40186915887850466,0.04701468558743616,-0.1378884468753047,0.3581326147911031,0.1892964045883636,0.5353535353535354,0.16343777428313383,-0.09159012467739819,0.03629856813923267,-0.07013524688350214,0.03361609455272278,127,115,136,103,128,118,107,124,0,0
2025,11,Ball State,Mid-American,https://a.espncdn.com/i/teamlogos/ncaa/500/2050.png,9,0,-8.632622262682641,-5.753539272916207,-2.8790829897664354,130,127,107,1.1502762417991854,0.03799082013470121,0.026295456973249108,0.28,-0.08635762762057082,-0.676779492994801,0.22707831882091759,0.2111658151658855,0.5,0.1344232974357919,-0.07200907541749439,0.03329099910871125,-0.10259964396322668,0.003324249688547044,118,128,126,134,85,73,117,106,0,0
2025,11,Sam Houston,Conference USA,https://a.espncdn.com/i/teamlogos/ncaa/500/2534.png,9,0,-8.687603297201312,-3.0043331013800425,-5.683270195821269,131,104,132,0.5408909913065276,-0.04318049802465254,0.04892884929140734,0.3157894736842105,-0.048654559712364376,-0.2750642414953862,0.3176399202889753,0.2537469758047923,0.5402298850574713,0.17099261051562248,-0.010622691406848482,0.07912224191642793,-0.12195917067399704,0.009808800622225094,129,132,119,126,119,106,128,129,0,0
2025,11,Northern Illinois,Mid-American,https://a.espncdn.com/i/teamlogos/ncaa/500/2459.png,9,0,-9.147930847203224,-7.370371708336281,-1.7775591388669425,132,132,95,0.15683592109883748,-0.06316459143172339,0.08875771420859312,0.27450980392156865,-0.05590594619745443,-0.9268011765849683,0.19975186888090896,0.11515409687849497,0.43478260869565216,0.09183764862057726,-0.029833432645098742,0.020752946250750248,-0.13327699962157305,0.009445789468768258,134,135,90,135,56,64,63,70,0,0
2025,11,Tulsa,American Athletic,https://a.espncdn.com/i/teamlogos/ncaa/500/202.png,9,0,-9.611384974080421,-5.3900168026306154,-4.2213681714498055,133,122,124,0.9666972856694928,0.1484241983816038,0.07621954490824534,0.4144144144144144,0.05676844880850278,-0.6940510160426017,0.272148055972645,0.09097223875496173,0.49107142857142855,0.11836387546955043,-0.026279748658725233,-0.02480508201191275,-0.07453375896862863,0.046387971762738844,122,101,98,97,82,90,51,97,0,0
2025,11,Middle Tennessee,Conference USA,https://a.espncdn.com/i/teamlogos/ncaa/500/2393.png,9,0,-9.694204826786557,-4.422601492152827,-5.271603334633729,134,115,131,0.99013900023039,0.1375570534014049,0.02852654026030787,0.4017857142857143,0.036997572228373625,-1.059869144292892,0.4290903835586459,0.026377938189554927,0.4857142857142857,0.12552401752414122,-0.05390941472889156,-0.04494358464324349,-0.062364677351461034,0.10460730482901585,121,108,125,104,44,132,18,94,0,0
2025,11,Oklahoma State,Big 12,https://a.espncdn.com/i/teamlogos/ncaa/500/197.png,9,0,-11.827346531435282,-6.585068721551659,-5.242277809883622,135,130,130,0.3298957944879204,-0.0034923984503173605,-0.040488826183816884,0.3238095238095238,-0.05039935999037933,-0.08037660142921553,0.49948367958627354,0.14515848541333004,0.594059405940594,0.21890724862250946,-0.10043644316512132,0.003544581499911374,-0.10944938353986305,0.1203479319514202,131,130,135,125,129,135,86,134,0,0
2025,11,Massachusetts,Mid-American,https://a.espncdn.com/i/teamlogos/ncaa/500/113.png,9,0,-14.028979158806369,-7.976626722389144,-6.052352436417226,136,133,134,0.1760615858267185,-0.031087895973168668,0.0014818996521587485,0.330188679245283,-0.030881640957624804,-0.28265311416502503,0.4166241880758664,0.120407000778152,0.5353535353535354,0.1784855241123126,-0.0585358992846503,0.017621178185491106,-0.1587578156733725,0.11582692037712868,133,131,130,123,118,130,70,124,0,0
2025,12,Indiana,Big Ten,https://a.espncdn.com/i/teamlogos/ncaa/500/84.png,11,0,15.640544626282392,11.520882235800249,4.119662390482142,1,1,16,4.869846751774353,0.5412084235061951,0.23495274178957676,0.6028368794326241,0.2560202474055361,-1.3473115007214098,0.08449680706347061,0.007307165709611762,0.32298136645962733,-0.020908748854407588,0.06307820744654434,-0.06049747652228974,0.17609737885133692,-0.06637498105094405,2,2,25,10,13,18,12,6,-0.1150019709849488,1
2025,12,Notre Dame,FBS Independents,https://a.espncdn.com/i/teamlogos/ncaa/500/87.png,10,0,15.5161317602816,8.16990419025615,7.346227570025449,2,7,3,4.5048540929252585,0.434778821667563,0.21288655926169553,0.5652173913043478,0.2219614262323562,-1.2353849448811314,0.10809720649895842,0.05495673575014177,0.4642857142857143,0.12302854381742372,0.041974382161072174,-0.0520394037269323,0.09895909876327567,-0.11454527619323195,5,10,32,20,26,29,30,86,-1.0944472050601632,-1
2025,12,Oregon,Big Ten,https://a.espncdn.com/i/teamlogos/ncaa/500/2483.png,10,0,14.654251324105033,8.926802373683195,5.727448950421838,3,5,8,4.167365000836393,0.3784189746388156,0.2907368492213736,0.5461538461538461,0.18541282975739437,-1.3156933342914285,0.03138618689785094,0.11260826744437025,0.30714285714285716,-0.050627059854011204,0.11538704793405659,-0.013971305404978212,0.09141707945052377,-0.10244198099183209,7,21,12,23,17,11,61,4,0.4258218838497001,1
2025,12,Ohio State,Big Ten,https://a.espncdn.com/i/teamlogos/ncaa/500/194.png,10,0,12.69369952557112,9.9379598130363,2.7557397125348193,4,3,29,4.829811219534665,0.5793512548800546,0.21947217116775897,0.5434782608695652,0.18792577238456235,-1.7525085846904207,0.09716789371754103,-0.04735713265247375,0.23809523809523808,-0.13079465513347244,0.05305349334965444,-0.0674438620605989,0.18027507032527093,-0.05532628864587176,3,1,28,24,5,22,4,1,-1.664409384278116,-1
2025,12,Texas A&M,SEC,https://a.espncdn.com/i/teamlogos/ncaa/500/245.png,10,0,12.052046818371313,9.266591829535136,2.785454988836176,5,4,28,3.780115929528603,0.36123008972951776,0.18846838993399567,0.5384615384615384,0.17413872262876545,-0.9416819801655728,0.10405223639653577,0.17382381973564934,0.35294117647058826,-0.004172337328038865,0.04948119911426736,0.019369515985818653,0.09651624333500426,-0.04900322681507229,15,30,40,26,52,26,101,18,0.77737348045655,0
2025,12,Miami,ACC,https://a.espncdn.com/i/teamlogos/ncaa/500/2390.png,10,0,11.33120888097834,4.194167940048068,7.137040940930271,6,23,4,2.93766627482494,0.35918385855422447,0.14704402374163528,0.4866666666666667,0.1412685736320918,-1.3447302415671174,0.08614943214787198,-0.002264855765313409,0.38953488372093026,0.0490575322783247,0.009180273026803451,-0.07847739069985372,0.1082614801561525,-0.11302797036067509,35,31,62,58,14,19,10,32,2.3699060294209175,1
2025,12,James Madison,Sun Belt,https://a.espncdn.com/i/teamlogos/ncaa/500/256.png,10,0,10.776047146871,5.378067882548456,5.397979264322545,7,15,9,3.3119700625408406,0.2965532840363678,0.26674066174426825,0.528,0.16204724049223626,-1.3123437560241775,0.09972304040532301,0.011071895142890895,0.3488372093023256,-0.010319815012417475,0.08558486306336387,-0.05952232008049486,0.07311841373934051,-0.08357904096815047,23,51,17,32,18,23,13,16,-0.007905752134089283,-1
2025,12,Washington,Big Ten,https://a.espncdn.com/i/teamlogos/ncaa/500/264.png,10,0,10.220541411754956,6.187490842500124,4.033050569254832,8,10,17,4.102356855119868,0.4066782153723431,0.2824441081157561,0.6106194690265486,0.2479640893785565,-1.175868430901837,0.1504240147718298,-0.0010034663619908483,0.4444444444444444,0.07967615451631704,0.06578784111815293,-0.0576391582976444,0.09151224923249827,-0.03562369496833586,10,16,15,9,34,47,11,70,2.7579722520791776,7
2025,12,Toledo,Mid-American,https://a.espncdn.com/i/teamlogos/ncaa/500/2649.png,10,0,9.235434512249054,3.3301949683547187,5.905239543894334,9,29,7,3.0383781296776924,0.30649819008921764,0.13624320945004315,0.48872180451127817,0.12386286908470599,-1.8711983560421634,-0.03298392553406627,-0.03613883709969502,0.2898550724637681,-0.06768912176504402,-0.011878146721559103,-0.07274704131981341,0.058882631970274,-0.13043631643036768,32,48,68,55,2,1,6,3,2.426327302727488,10
2025,12,Utah,Big 12,https://a.espncdn.com/i/teamlogos/ncaa/500/254.png,10,0,9.21593168344938,4.96440687483471,4.251524808614669,10,18,13,3.374217816777539,0.39074996946750656,0.3600411128607495,0.5948275862068966,0.23178751618327084,-0.9574127138359197,-0.027241645600626946,0.13907975230401054,0.4122137404580153,0.05249965626413879,0.14378178948408823,3.665045864838295e-4,0.08536026911800039,-0.12778106806341025,21,18,2,13,48,2,79,42,0.395999765217633,-2
2025,12,Texas Tech,Big 12,https://a.espncdn.com/i/teamlogos/ncaa/500/2641.png,11,0,9.0061594208951945,2.115706916835233,6.890452504059961,11,40,5,2.790176688625022,0.3685340063315054,0.16894557759168868,0.5244755244755245,0.15529730810468326,-1.8600119251000395,0.008978650933786202,-0.0961697253444195,0.2838709677419355,-0.08178878510324811,0.018107969642596856,-0.09698646675120598,0.07019041902160261,-0.1165226113238293,42,27,52,35,3,6,2,2,0.2613840684188773,-2
2025,12,Alabama,SEC,https://a.espncdn.com/i/teamlogos/ncaa/500/333.png,10,0,8.30370923460613,3.413761374858316,4.889947859747814,12,28,10,2.930392258455306,0.38856105160967674,0.019033973958590196,0.5043478260869565,0.15180561898457834,-0.8112758275794423,0.10920127909972505,0.09917260406734711,0.3984375,0.04676078505967854,-0.04577001418618596,-0.027756483000904036,0.0896786553671964,-0.0806503625573677,36,19,128,45,70,30,53,35,0.039293717037446996,0
2025,12,North Texas,American Athletic,https://a.espncdn.com/i/teamlogos/ncaa/500/249.png,10,0,7.865944221041611,8.328554644573735,-0.4626104235321247,13,6,85,4.103850266690861,0.4420481785784176,0.32054503927893263,0.6456692913385826,0.2789778852440074,-0.15646793564765446,0.13662002246647384,0.22858577305422564,0.43703703703703706,0.07392936974817668,0.09999354210842239,0.051371425680842416,0.1370513365987845,-0.02775970551717338,9,7,7,2,127,41,123,63,2.63914586517644,10
2025,12,Vanderbilt,SEC,https://a.espncdn.com/i/teamlogos/ncaa/500/238.png,10,0,7.6393093721479755,11.196835372626932,-3.557526000478956,14,2,118,5.123929736756429,0.4786792850577556,0.3387757342583359,0.5803571428571429,0.21849149121855618,-0.8507722288006982,0.370722657273126,0.07102492195626704,0.509090909090909,0.15591922763347074,0.09663227867634386,-0.027488602823320687,0.1304087591890587,0.11368765855941368,1,5,5,16,62,122,38,110,-0.4682813803227397,0
2025,12,USC,Big Ten,https://a.espncdn.com/i/teamlogos/ncaa/500/30.png,10,0,7.324364823465051,7.52277422921735,-0.19840940575229937,15,8,82,4.252037124683896,0.5038462719064997,0.2521292707392704,0.6909090909090909,0.3404439006555458,-0.5893532184825525,0.1356452322267419,0.1873851756926507,0.45528455284552843,0.10429894324210878,0.04554772825005023,0.029003117674066492,0.132104173503588,-0.050753356168419195,6,3,20,1,99,39,106,76,-0.881177158955265,-2
2025,12,South Florida,American Athletic,https://a.espncdn.com/i/teamlogos/ncaa/500/58.png,10,0,7.0055848655517465,3.036098974693851,3.969485890857895,16,33,18,2.611992060290402,0.3648367695484767,0.20199587546947909,0.5211267605633803,0.1620282061260441,-1.2568548240640816,0.16282368755084264,0.09043209500768357,0.460431654676259,0.105397913392911,0.042175440823837076,-0.024707406295904746,0.11152279520089778,-0.03215591099153622,50,28,34,38,24,51,47,82,0.06022911617615101,2
2025,12,Michigan,Big Ten,https://a.espncdn.com/i/teamlogos/ncaa/500/130.png,10,0,6.306637182530423,3.752246150959498,2.5543910315709253,17,25,32,2.7829046305771747,0.19745019601012137,0.2875279430967917,0.5284552845528455,0.1625590198200399,-1.2962734970377194,0.17423101902669497,0.05942778253913849,0.4126984126984127,0.044839206649039565,0.09380376494061271,-0.03445869535583815,-0.009809162449222003,-0.04055524168337881,43,78,14,31,21,56,32,44,1.5528377279387566,9
2025,12,Nebraska,Big Ten,https://a.espncdn.com/i/teamlogos/ncaa/500/158.png,10,0,6.235706300542741,5.76622711725222,0.4694791832905214,18,12,65,3.9657767424895787,0.3033853970978297,0.18476801621617547,0.4857142857142857,0.13319478149331065,0.023292064927386568,0.14401521237788262,0.3288641542332584,0.41379310344827586,0.05620820401280003,0.007611122519627808,0.06418291701270933,0.04030375641087879,-0.036172895931634544,13,50,42,59,132,43,136,46,-0.7116722370217259,-1
2025,12,Oklahoma,SEC,https://a.espncdn.com/i/teamlogos/ncaa/500/201.png,10,0,5.973144800930723,-1.4183518991698476,7.3914967001005705,19,83,2,1.762086651840564,0.16810471797738857,0.07898388912334385,0.45528455284552843,0.09745279133363526,-1.9691500619151716,0.1035687450744397,-0.041642593896554204,0.3283582089552239,-0.02141675792140596,-0.023014912433017398,-0.07315926576494164,-0.04154364823647023,-0.0812900057245321,90,93,100,79,1,25,5,8,-0.8182369751921277,1
2025,12,Georgia,SEC,https://a.espncdn.com/i/teamlogos/ncaa/500/61.png,10,0,5.950961321771161,5.312524105019753,0.6384372167514082,20,17,60,3.1832377278526875,0.419796103245415,0.15073358581018215,0.5398230088495575,0.17882008881683675,-0.9813358380606694,0.23551587490650516,0.03587466975499946,0.36134453781512604,0.006350183859650644,0.011421468311163453,-0.03281972432028332,0.10877312802626506,-0.014323376536332632,26,12,60,25,47,77,21,21,0.3272680449395349,2
2025,12,BYU,Big 12,https://a.espncdn.com/i/teamlogos/ncaa/500/252.png,10,0,5.933462483716132,2.703065272484212,3.2303972112319195,21,37,24,2.8216531795891955,0.30923487049008214,0.2302414129761982,0.5677966101694916,0.22333115150617558,-0.9835156559007675,0.08185208155560084,0.06623038552060362,0.4297520661157025,0.09350426756190146,0.04471751982420926,-0.02644669352007354,0.05663668209639595,-0.08686477939564333,40,46,27,19,46,17,34,59,-0.45883708135517853,0
2025,12,Ohio,Mid-American,https://a.espncdn.com/i/teamlogos/ncaa/500/195.png,10,0,5.832478782898656,5.788078903182604,0.044399879716052734,22,11,73,4.715663135297585,0.33350400338637154,0.21871471854419083,0.41836734693877553,0.06843129984442203,-0.5948836177066804,0.22753109465117471,0.17078751667389527,0.34234234234234234,-0.012217790808754814,0.032012588243640665,0.011039794757154954,0.018635700686421952,0.02154883024797994,4,36,29,95,98,73,100,14,-2.7487226581783073,-12
2025,12,Cincinnati,Big 12,https://a.espncdn.com/i/teamlogos/ncaa/500/2132.png,10,0,5.568074647953995,6.590887507183787,-1.022812859229792,23,9,91,4.13101595294263,0.41132781794768153,0.31097439036027497,0.49137931034482757,0.11851377118367701,-0.6297423706162956,0.24013155476799664,0.11784559596322043,0.5,0.12676139617223853,0.07826286454563867,-0.0026328283877156042,0.0838990607371063,0.02027592537348264,8,15,8,54,95,80,66,103,-2.7655831935960533,-12
2025,12,Arizona,Big 12,https://a.espncdn.com/i/teamlogos/ncaa/500/12.png,10,0,5.508113251138237,1.3832655149697426,4.124847736168494,24,50,15,2.1022680294695166,0.19729007277231778,0.18007546483879036,0.5254237288135594,0.15585982939545445,-0.9489676816983498,0.1113442272728332,0.1252240583301777,0.4122137404580153,0.055600937081297375,0.011941884529878965,0.008329645695410883,-0.0013367274385079105,-0.04267147418250664,71,79,45,34,51,31,69,42,2.279338913665177,13
2025,12,Old Dominion,Sun Belt,https://a.espncdn.com/i/teamlogos/ncaa/500/295.png,10,0,5.267568897391483,2.767305680475139,2.5002632169163443,25,36,33,3.2294193456987674,0.43954490036822597,0.13286144051963453,0.47058823529411764,0.10548639609435125,-0.741080032528998,0.04178237718133898,0.04380163601777155,0.3188405797101449,-0.052078937513020805,-0.013895192220978205,-0.051748674256930804,0.08117280129357587,-0.093460415936625,24,9,69,69,78,14,24,5,0.35357373857823937,-1
2025,12,San Diego State,Mountain West,https://a.espncdn.com/i/teamlogos/ncaa/500/21.png,10,0,4.802835059900687,-1.1516183985374349,5.954453458438122,26,79,6,1.8887376145361072,0.1137763963719772,0.19749751257265738,0.40458015267175573,0.04519719979806712,-1.7786309881621132,0.0046553050597350435,0.045163763324885565,0.3402777777777778,-0.013305763549650166,0.01567965541298903,-0.05168265763197994,-0.07578195844729385,-0.09548169359398202,84,118,35,103,4,5,25,13,0.7395672576006325,5
2025,12,SMU,ACC,https://a.espncdn.com/i/teamlogos/ncaa/500/2567.png,10,0,4.121993344559806,-0.02623345239814281,4.148226796957949,27,63,14,2.1239320140225324,0.32569109182305755,0.11452242233541095,0.44680851063829785,0.09491623404306423,-1.342835176520918,0.1322358977408848,-0.0030902811586255414,0.42857142857142855,0.06275596404777788,-0.013383485622219518,-0.0621636642720565,0.060216456094351466,-0.04182832468206701,70,38,80,84,15,37,9,57,0.25135005354063145,5
2025,12,Tennessee,SEC,https://a.espncdn.com/i/teamlogos/ncaa/500/2633.png,10,0,4.056656080272377,4.951521358494819,-0.8948652782224423,28,19,87,3.7347149029113145,0.39863920580899775,0.26066624548514206,0.5859375,0.25046697201802565,-0.658152088400998,0.17148607857734494,0.1084666692091032,0.49242424242424243,0.1529067613662289,0.060151483695178025,-0.012694342561838778,0.08645215999514706,-0.020604774225406082,16,17,18,15,92,55,58,98,-0.8331285248015581,-3
2025,12,Navy,American Athletic,https://a.espncdn.com/i/teamlogos/ncaa/500/2426.png,10,0,3.877684306642973,5.468243887811372,-1.590559581168399,29,13,95,3.943594552258658,0.36883871761614484,0.3749641411507488,0.6283185840707964,0.25188637400265246,-0.8451982284116881,0.36618116964555547,0.15950913307568823,0.48,0.11737225748533356,0.14238652717381278,0.015599222526104151,0.01349858112216914,0.10217125239357817,14,26,1,5,66,121,92,93,-0.21226214977723812,1
2025,12,Ole Miss,SEC,https://a.espncdn.com/i/teamlogos/ncaa/500/145.png,11,0,3.8297328233401395,3.232227147168233,0.5975056761719065,30,32,61,3.154120654761844,0.42751418317968143,0.18456021514334367,0.6149068322981367,0.2576865827574631,-0.46262440278829225,0.11609115690543143,0.14116349683924434,0.4294478527607362,0.0733677857412229,0.03768929328120697,0.006489739701651178,0.09233363785262919,-0.05660413613763811,28,11,43,7,109,32,82,58,-0.6764048144894752,-2
2025,12,Penn State,Big Ten,https://a.espncdn.com/i/teamlogos/ncaa/500/213.png,10,0,3.66040001887356,1.0059912170463767,2.6544088018271834,31,52,31,2.2119284107849486,0.18875850350515472,0.19335730281879257,0.4787234042553192,0.11142766670228711,-1.1278810172596156,0.12961247601185488,0.16444464912536302,0.4056603773584906,0.05037338253802602,0.02097943800628706,0.01785625710379062,0.01072928270763901,-0.05721162224268049,64,85,36,64,36,36,94,40,1.3406863352707892,17
2025,12,Florida State,ACC,https://a.espncdn.com/i/teamlogos/ncaa/500/52.png,10,0,3.60863710828678,3.62908602300667,-0.020448914719890146,32,26,76,3.4064000921767055,0.38412135277146403,0.30213653619746267,0.6388888888888888,0.2863835302409901,-1.1809420455391628,0.20837797226290533,0.07605484875425735,0.375,0.0239683149680203,0.08791007502569399,-0.0024600405506662597,0.07488381453922513,-0.0032308349552290223,20,20,9,3,33,69,42,26,-0.7648245612169666,-3
2025,12,NC State,ACC,https://a.espncdn.com/i/teamlogos/ncaa/500/152.png,10,0,3.5264243961085224,5.320176178244005,-1.7937517821354827,33,16,98,3.557167296433065,0.37554730000640574,0.12529825030742472,0.4626865671641791,0.10678067965970833,-0.7464222429996202,0.2755019090795715,0.13220380644223956,0.536,0.17806369928754306,0.007210211823698627,-0.0012697666073463645,0.0792743233551688,0.048441105829060915,18,23,74,74,76,92,75,122,-3.8746496274422535,-17
2025,12,Wake Forest,ACC,https://a.espncdn.com/i/teamlogos/ncaa/500/154.png,10,0,3.220244689844031,-4.48132905942885,7.701573749272881,34,119,1,1.128788784391073,0.18388493495634692,0.15164139878828076,0.38345864661654133,0.04259146965042519,-1.632157459973907,0.04025393206011542,0.03313934508915477,0.38848920863309355,0.04510799987628601,0.008165019152010962,-0.05148813501806666,-0.0521825790327069,-0.10389718737922148,117,87,59,114,7,13,19,30,-0.3953290277905568,0
2025,12,Missouri,SEC,https://a.espncdn.com/i/teamlogos/ncaa/500/142.png,10,0,3.157557135798864,-0.2410137866597612,3.398570922458625,35,67,20,2.712146650267819,0.24649884733307353,0.2907973865525134,0.5206611570247934,0.16310192439890295,-1.3781972162961824,-2.556219974607611e-4,0.06863534614852312,0.36,-0.0038793016665079855,0.08955446666110618,-0.015916040803694083,-0.051495476069329776,-0.09268865221914661,46,67,11,39,12,4,36,20,0.8057739708868672,12
2025,12,Louisville,ACC,https://a.espncdn.com/i/teamlogos/ncaa/500/97.png,10,0,3.035921144397805,-0.2841123995063356,3.3200335439041404,36,70,23,2.0498645980032886,0.13807456232988397,0.24068542027186263,0.448,0.09032733401839031,-1.1177344657190798,0.02578487494025974,0.10403087430799146,0.3383458646616541,-0.015919261369292115,0.07127818362699524,-0.006268840816225401,-0.05769466669862126,-0.08227623417154255,73,105,24,81,37,9,55,11,2.0344491328705496,26
2025,12,UTSA,American Athletic,https://a.espncdn.com/i/teamlogos/ncaa/500/2636.png,10,0,2.701322165968628,3.2511831891475884,-0.5498610231789605,37,31,86,3.030342388816614,0.31315056303148336,0.17374918065937378,0.48854961832061067,0.12139832524074448,-0.8432289283199047,0.2377468713752664,0.0850736863754563,0.41911764705882354,0.0620498319465886,-0.0024614602670662397,-0.0032120458279224014,0.04578683740721821,0.0133658982368064,33,42,51,56,68,78,43,50,-0.48938982793066854,1
2025,12,TCU,Big 12,https://a.espncdn.com/i/teamlogos/ncaa/500/2628.png,10,0,2.643198117337123,1.1011390781693207,1.5420590391678026,38,51,45,2.575164324100612,0.3474998274131723,0.0813196721407509,0.4957983193277311,0.13808854183212857,-1.1148739227496414,0.3025802666758166,0.01216236933226446,0.46551724137931033,0.10718533484363697,-0.05199604663001401,-0.05009641785955985,0.03699167123139294,0.031312557991778664,52,32,98,51,38,104,14,88,0.40428368573205553,11
2025,12,Pittsburgh,ACC,https://a.espncdn.com/i/teamlogos/ncaa/500/221.png,10,0,2.5644264562125434,-1.7744331777228384,4.338859633935382,39,90,11,2.1296900966505303,0.2908035914252245,0.07302210275516922,0.5072463768115942,0.1469255494614062,-1.7167632732742195,0.19785277892266395,-0.06446737196277048,0.3401360544217687,-0.01266872637725733,-0.028961775859289537,-0.07978783026550001,-0.0027878718281942405,-0.030521410613510557,69,53,103,44,6,64,3,12,-0.351602319879357,1
2025,12,Arkansas,SEC,https://a.espncdn.com/i/teamlogos/ncaa/500/8.png,10,0,2.436694331961699,5.440310466381835,-3.0036161344201355,40,14,110,4.054185295700175,0.31906713049315194,0.34604619656276514,0.5963302752293578,0.25116713190939,-0.09401218329005738,0.39925549036484004,0.20365899243259195,0.5398230088495575,0.198680317218182,0.11580794449119851,0.017156755709572084,0.020863139374940352,0.07731554860289225,11,39,4,11,130,127,113,124,0.33867074867067304,12
2025,12,Texas,SEC,https://a.espncdn.com/i/teamlogos/ncaa/500/251.png,10,0,2.387112970423355,-0.9722124930992984,3.3593254635226533,41,78,22,1.9053721951785323,0.28574512802422936,0.04474169881770221,0.4672131147540984,0.09668451996647086,-1.3944156272592536,0.15986361333578064,0.018633873061878935,0.36923076923076925,0.007394058388963547,-0.05851196173986211,-0.059285161433336495,0.027891554938206116,0.0023726213028047506,83,55,119,73,11,49,16,23,-0.6869361137951642,-2
2025,12,Iowa,Big Ten,https://a.espncdn.com/i/teamlogos/ncaa/500/2294.png,10,0,2.171085571435749,-1.2233826973408481,3.3944682687765972,42,80,21,1.9768470448759379,0.18958312138821176,0.19115610190428645,0.47058823529411764,0.0993797832875741,-0.847173736582155,0.1364389073191112,0.039875255482653284,0.3275862068965517,-0.03130342908796293,0.029820634628862374,-0.04350372151631496,-0.02801525060057023,-0.06464838421114139,77,84,39,69,64,40,22,7,-0.05169769180897488,8
2025,12,UConn,FBS Independents,https://a.espncdn.com/i/teamlogos/ncaa/500/41.png,11,0,2.125372707819701,4.254074770746492,-2.1287020629267905,43,22,100,4.044210133618892,0.37402061857896945,0.29630135904225874,0.5725190839694656,0.20083226840468907,-0.1929639539379126,0.18060969526819323,0.20669531421122528,0.45588235294117646,0.09365623579555393,0.047943045640799944,0.03953326089589564,0.04647407632602438,-0.009008271255278092,12,24,10,18,124,58,115,77,-1.73719210801152,-10
2025,12,Arizona State,Big 12,https://a.espncdn.com/i/teamlogos/ncaa/500/9.png,10,0,2.121165053867461,0.41621770877498665,1.7049473450924746,44,59,40,2.223056175005268,0.21092666282988248,0.15305141921226398,0.4409448818897638,0.098995620985738,-0.846465213639509,0.16616352809218532,0.11670123151517049,0.4409448818897638,0.07868727544598049,0.0066384560015278855,-0.019363588666660957,-0.009968685969957116,-0.023261682151266398,62,75,57,89,65,52,64,67,0.27665890590286124,10
2025,12,Central Michigan,Mid-American,https://a.espncdn.com/i/teamlogos/ncaa/500/2117.png,10,0,2.101085632633388,0.7586711824380955,1.3424144501952926,45,53,48,2.5429311123008373,0.44046372719261556,0.05885569827175753,0.3706896551724138,0.015983610872019324,-1.3011286072402082,0.030185742120451622,0.16656658149596743,0.4628099173553719,0.09660481306860325,-0.05848754929028427,0.036905519857399385,0.1188526395764181,-0.11532586783247327,54,8,113,118,19,10,95,85,0.8569897810719092,15
2025,12,Jacksonville State,Conference USA,https://a.espncdn.com/i/teamlogos/ncaa/500/55.png,10,0,2.0722633226343135,1.7254257645631403,0.3468375580711732,46,46,69,2.7519169735587625,0.1393670392786069,0.2889743965173557,0.3983050847457627,0.04113467127803219,-0.6799888148684874,0.19201075809068244,0.11212213641636014,0.41935483870967744,0.05660379975853216,0.06427689470508569,0.007967452981185558,-0.019964818573812496,-5.901506801916895e-5,44,103,13,106,87,62,60,51,-0.5257496858185595,-4
2025,12,Auburn,SEC,https://a.espncdn.com/i/teamlogos/ncaa/500/2.png,10,0,2.037003505216088,-0.19524848296485636,2.2322519881809444,47,66,35,2.2008504996708766,0.07384476469103148,0.25142675326140296,0.44339622641509435,0.0830233433857774,-1.5665145986370155,0.29322800516750486,-0.10386776601706237,0.4594594594594595,0.09457556065146606,0.06497694580043659,-0.1287875574492661,-0.07786813000904008,0.029678855248283634,65,124,21,87,8,98,1,81,0.19553598149583884,8
2025,12,Clemson,ACC,https://a.espncdn.com/i/teamlogos/ncaa/500/228.png,10,0,1.9987290748914945,0.3539670879029908,1.6447619869885037,48,60,43,1.9235126380195495,0.24466174724416417,0.11510583954859249,0.46774193548387094,0.10739470284335054,-0.731638740049706,0.19675312537074507,0.09250433927597741,0.424,0.06679085468729208,-0.0023097887656803556,-0.006041095052183618,0.019748799989474354,-0.01838656614413813,82,68,79,72,79,63,49,55,-1.3997656648171015,-12
2025,12,Missouri State,Conference USA,https://a.espncdn.com/i/teamlogos/ncaa/500/2623.png,10,0,1.914489277114538,2.909941032235039,-0.9954517551205008,49,35,89,2.8150657031330284,0.3284415619612896,0.0780616224409774,0.39166666666666666,0.019447287184314096,-0.5220344376639321,0.29910260369196184,0.19341919426474727,0.40336134453781514,0.03484708607431235,-0.024859658717304205,0.026940511994308445,0.05932553948849207,0.020603082913119262,41,37,101,111,102,101,109,39,-0.5800634686566388,-4
2025,12,Illinois,Big Ten,https://a.espncdn.com/i/teamlogos/ncaa/500/356.png,10,0,1.8717412790139867,1.9605741241629009,-0.08883284514891418,50,43,77,3.1484684071456,0.4164406843258267,0.11291800326031802,0.5963302752293578,0.2374741949630612,-0.5619704635152655,0.30155990966537627,0.09424724654659185,0.48214285714285715,0.12993320903249386,-0.03361709270422817,-0.03670275410061424,0.09719102768732844,0.031866333346772725,29,13,81,11,100,103,51,95,-0.6484322399755618,-6
2025,12,Fresno State,Mountain West,https://a.espncdn.com/i/teamlogos/ncaa/500/278.png,10,0,1.8549849604540753,-2.4073911696971235,4.262376130151199,51,98,12,1.8687898858784235,0.22642609366700653,0.06697157498749988,0.4132231404958678,0.048609298686136095,-1.0586810668930335,0.10596044909100268,0.1099826675468592,0.3524590163934426,-0.003251580314904681,-0.05917905921726572,0.008465068294778423,-0.04207648196157825,-0.08317605137617584,85,72,107,99,41,27,59,17,-0.7340949127596188,-8
2025,12,Hawai'i,Mountain West,https://a.espncdn.com/i/teamlogos/ncaa/500/62.png,10,0,1.8161466654360998,1.4450071463505219,0.3711395190855779,52,48,67,2.2806050672216287,0.2921646329717524,0.09245413427767936,0.4918032786885246,0.1221338491889603,-0.6673145044005052,0.2451110542941324,0.15692753847347873,0.4566929133858268,0.08707024067859546,-0.032670352464641735,0.019552787205829845,0.041405237611356116,0.019198630164546697,60,52,88,52,90,83,91,78,0.2638832992202933,7
2025,12,Houston,Big 12,https://a.espncdn.com/i/teamlogos/ncaa/500/248.png,10,0,1.784935533389698,0.4877465552784838,1.297188978111214,53,57,49,1.9765374098178539,0.31016278525480717,0.0035983846894109997,0.5230769230769231,0.14093908809113956,-1.1820877441448991,0.16863754480219795,0.0749387240026676,0.3888888888888889,0.01986074030937057,-0.06930079924025614,0.010243397293228025,0.027278639692310928,-0.008662316139532384,78,44,130,36,32,53,41,31,0.15888616869386007,5
2025,12,Boise State,Mountain West,https://a.espncdn.com/i/teamlogos/ncaa/500/68.png,10,0,1.7042456955442733,-0.12428671057681864,1.828532406121092,54,65,38,2.0042729983139957,0.23583500827652612,0.11991363611964737,0.5116279069767442,0.1590881963927092,-0.8478173135740297,0.013461784079995107,0.21961406734171354,0.38636363636363635,0.03642018885352573,-0.005821567570054641,0.04736738542118528,0.015288343558405524,-0.12395382002422305,76,69,76,41,63,7,118,28,-0.039491513775623543,3
2025,12,Southern Miss,Sun Belt,https://a.espncdn.com/i/teamlogos/ncaa/500/2572.png,10,0,1.640550881537951,-0.27669161790342006,1.917242499441371,55,69,37,2.1444549241964617,0.2521180510903412,0.1167620930254278,0.47101449275362317,0.13812727944732073,-0.8759301270709462,0.03240979429992259,0.22252673609106513,0.43703703703703706,0.10698047626552959,-0.020290830749271217,0.04326936095525281,-0.00991831985481292,-0.06491193915742842,66,63,77,68,60,12,121,63,-1.2438233698417627,-14
2025,12,Western Kentucky,Conference USA,https://a.espncdn.com/i/teamlogos/ncaa/500/98.png,10,0,1.5798359573878733,-0.7130238179180639,2.292859775305937,56,75,34,2.095254831330994,0.278057006823928,0.14865023053268644,0.416,0.05194862556120379,-0.674480205179655,0.10708486272089987,0.1309897979786836,0.4076923076923077,0.0449677438859125,0.011063958064397205,0.0028936736169645014,0.020285351944802715,0.002714223253447718,72,57,61,98,88,28,74,41,-0.5221149009702948,-5
2025,12,East Carolina,American Athletic,https://a.espncdn.com/i/teamlogos/ncaa/500/151.png,10,0,1.4362322439479844,-0.05510026143838338,1.4913325053863677,57,64,46,2.3568128199096403,0.3372932151805042,0.11161736466902052,0.4715447154471545,0.1081332711175402,-1.5420976895637866,0.11815789013985321,-0.02437647362241469,0.3712121212121212,0.0037649823309860862,0.005552417655317164,-0.05356968392886064,0.029067253146739493,-0.040629158395557335,57,34,82,67,9,33,7,24,2.5597194387421798,21
2025,12,Mississippi State,SEC,https://a.espncdn.com/i/teamlogos/ncaa/500/344.png,11,0,1.3808145070663342,0.636904131712151,0.7439103753541833,58,56,57,2.3373221647784352,0.22383293754429717,0.14597709797126696,0.4726027397260274,0.11127164309656336,-0.40700231349197546,0.2302411617264179,0.1946931187513903,0.47586206896551725,0.1181527608594107,-0.010366291059342588,0.05573842293229145,0.0011946371306814456,-0.009819241252034283,58,73,63,66,114,76,110,92,-0.4247848832462888,-2
2025,12,Georgia Tech,ACC,https://a.espncdn.com/i/teamlogos/ncaa/500/59.png,10,0,1.3733838387663497,4.843807403841067,-3.4704235650747175,59,20,116,3.1219262785286177,0.4513765794110952,0.2419969873075011,0.6206896551724138,0.26784974176281,-0.4138461535790424,0.31020050768577984,0.13825000769402984,0.5245901639344263,0.1752337218616388,0.06430743248267606,0.020259145067252946,0.12902542552458596,0.07499424956019422,30,6,23,6,113,107,78,118,-2.1127877576055893,-24
2025,12,LSU,SEC,https://a.espncdn.com/i/teamlogos/ncaa/500/99.png,10,0,1.1930002345110298,-1.8898302365789217,3.0828304710899515,60,92,25,2.013701352664412,0.2354005090002109,0.08938337035483203,0.5344827586206896,0.17820268174537585,-0.8805613896254676,0.15484198156882295,0.10132738143263699,0.42016806722689076,0.06874237676481168,-0.021932285366030188,-0.012961302955443007,-0.020846224299584753,-0.042777426415152635,75,70,91,28,58,48,54,52,-1.1875834315173455,-14
2025,12,Texas State,Sun Belt,https://a.espncdn.com/i/teamlogos/ncaa/500/326.png,10,0,0.9283451177369169,3.4746928285132412,-2.5463477107763244,61,27,103,3.172139789924966,0.31828410773269844,0.2803740750125972,0.5615384615384615,0.22183010739441572,-0.9549559804416384,0.31210157342818473,0.08649143179283085,0.5289256198347108,0.17423895241603315,0.08186799889621145,-0.02466343990371541,0.07488484882550372,0.04359583761187917,27,41,16,21,50,109,44,119,1.3663602857080202,7
2025,12,Duke,ACC,https://a.espncdn.com/i/teamlogos/ncaa/500/150.png,10,0,0.9147623949256825,4.420869774514131,-3.5061073795884483,62,21,117,3.513074704178068,0.37699111497681764,0.14309066042877105,0.6134453781512605,0.2516093673648845,-0.6813734271393174,0.3981064056613878,0.09472786538662878,0.5190839694656488,0.17267636541063536,-0.007964809563912597,-0.004227209296682598,0.07830471427664795,0.08781761270549378,19,22,64,8,86,126,52,114,-3.6342570967214525,-35
2025,12,Virginia,ACC,https://a.espncdn.com/i/teamlogos/ncaa/500/258.png,11,0,0.7931148376454198,-2.2354464938385727,3.0285613314839925,63,93,27,1.809962255169373,0.18836730202514856,0.1836826593692499,0.4609375,0.1156293305515283,-0.6902756819368729,0.09017898926947499,0.10821470458865352,0.3356643356643357,-0.005305112017944328,0.012072435194179096,-0.024230560336227728,-0.016194100601430318,-0.09873224869912514,88,86,44,75,85,20,57,10,2.4754747826828396,19
2025,12,Kentucky,SEC,https://a.espncdn.com/i/teamlogos/ncaa/500/96.png,10,0,0.7352232805831551,-0.45422394358351875,1.1894472241666738,64,72,50,1.832620902926296,0.19630264442423898,0.1420637235226227,0.4818181818181818,0.11855660830185669,-0.9563949796653427,0.20366427384738997,0.07360740228489962,0.45454545454545453,0.10175083033784786,0.009828890077201122,-0.014530132158740558,-0.008200174870113906,-0.017571466008543566,87,80,65,63,49,66,40,75,0.4261301678234659,1
2025,12,Tulane,American Athletic,https://a.espncdn.com/i/teamlogos/ncaa/500/2655.png,10,0,0.7225052881597652,1.6988429754101082,-0.976337687250343,65,47,88,2.481484117128617,0.3357085639721543,0.08970393802685575,0.49586776859504134,0.12632637867596222,-0.6578502946295012,0.2900397431661507,0.13405290093677827,0.5564516129032258,0.1943574812720069,-0.008904714794067282,-0.022716486882766774,0.09402731723093877,0.041457308527387,56,35,90,50,93,96,77,129,-1.2481952252015467,-12
2025,12,Marshall,Sun Belt,https://a.espncdn.com/i/teamlogos/ncaa/500/276.png,10,0,0.6050711127530739,0.711253066347317,-0.10618195359424312,66,55,79,2.590176625243792,0.3615452828462402,0.04551995311863743,0.42735042735042733,0.06702195325327527,-1.1893064334090429,0.33809107845973946,0.07034726668895155,0.4621212121212121,0.12043056447144468,-0.06672831066729919,-0.045359860025512344,0.06794054885792142,0.04605630385626474,51,29,118,92,30,115,37,83,3.786915402356663,34
2025,12,Iowa State,Big 12,https://a.espncdn.com/i/teamlogos/ncaa/500/66.png,10,0,0.4937101820457742,0.08991073221898489,0.40379944982678934,67,62,66,2.673389412924417,0.26592091808547796,0.17690510702606407,0.5865384615384616,0.23312327334555735,-1.0114867732746977,0.25682278377608064,0.04354973815331891,0.45794392523364486,0.11427063096197561,0.02770979022564013,-0.03451034224297957,-0.019302910520192347,0.030385564556030302,48,58,49,14,45,87,23,79,0.03378933387730321,-3
2025,12,Utah State,Mountain West,https://a.espncdn.com/i/teamlogos/ncaa/500/328.png,10,0,0.39114885858502235,0.2542307297807933,0.13691812880422907,68,61,71,2.6660781265226765,0.2631364059312205,0.18795973989332174,0.45112781954887216,0.08704978905215947,-0.42923825977956237,0.2389210110633542,0.2431961237647333,0.49635036496350365,0.13224237672555372,0.024421846443920207,0.04615096676308565,0.013623606773228384,-0.001017036000530967,49,60,41,80,112,79,127,102,2.2557773647290826,18
2025,12,California,ACC,https://a.espncdn.com/i/teamlogos/ncaa/500/25.png,10,0,0.39032160512587366,-0.5088439115429669,0.8991655166688406,69,73,55,1.7686464909801851,0.20402023071139028,0.06399462735750949,0.4166666666666667,0.057573923975667726,-0.7462560080546009,0.092729787144762807,0.20932527693643507,0.49586776859504134,0.13124350181985509,-0.048162348576960466,0.05231182337879225,-0.019251602689852994,-0.056417548804920996,89,77,109,97,77,21,117,100,0.3824003031952742,-3
2025,12,Kansas State,Big 12,https://a.espncdn.com/i/teamlogos/ncaa/500/2306.png,10,0,0.1642696492883664,-1.6062384451527936,1.77050809444116,70,86,39,2.0342494035065664,0.2589750630505192,0.0822101317534872,0.4247787610619469,0.0671696592782897,-0.7662062460170646,0.1450428336003433,0.14447184687350922,0.46218487394957986,0.10449769059196992,-0.021489423950488452,0.01405824696993073,-0.00338657188439006,-0.05343790683445202,74,61,97,93,73,44,85,84,-0.4534818880583923,-7
2025,12,Washington State,Pac-12,https://a.espncdn.com/i/teamlogos/ncaa/500/265.png,10,0,-0.029375157426868137,-1.4906537004386085,1.4612785430117403,71,85,47,1.5227660205893587,0.213823589748203,0.0839872388938739,0.4186046511627907,0.07348281602371332,-0.8529728224957036,0.1201171166716732,0.11318213968114715,0.4188034188034188,0.07070545274287027,-0.00531463529966136,-0.015820090937367057,-0.004400675960050988,-0.08227822824840055,101,74,95,94,61,34,62,49,0.906377341751879,3
2025,12,Florida,SEC,https://a.espncdn.com/i/teamlogos/ncaa/500/57.png,10,0,-0.03656666101431716,-1.741487915626466,1.7049212546121488,72,89,41,1.6092175844977055,0.11921404542424116,0.12135050906092226,0.39473684210526316,0.04054441105714721,-1.1946111367841687,0.24372187108512108,0.0904233998685525,0.42201834862385323,0.056740230364956186,-0.007181280515641084,-0.006670198230736181,-0.05031371969352849,-0.007203868894208402,98,116,75,110,29,82,46,53,0.7384118142331042,0
2025,12,San José State,Mountain West,https://a.espncdn.com/i/teamlogos/ncaa/500/23.png,10,0,-0.04944904661322491,3.0254767485708403,-3.074925795184065,73,34,112,2.921029750271066,0.2865405439668031,0.21592070730760107,0.47540983606557374,0.10613918576783966,-0.6165616162657422,0.4441786288799548,0.12011644757705227,0.5377358490566038,0.1700562032035373,0.04115484365611486,0.011728205387495302,0.021931247245617815,0.12379058603714285,37,54,30,65,97,132,67,123,-1.225404230653239,-12
2025,12,Colorado,Big 12,https://a.espncdn.com/i/teamlogos/ncaa/500/38.png,10,0,-0.29838431846332925,-0.8257061935917511,0.5273218751284219,74,76,63,1.9462275402556335,0.1943153020706754,0.0871825990688335,0.43333333333333335,0.07710799643866208,-0.6447068540129801,0.3107012681002181,0.14198560271027572,0.5045871559633027,0.14919606876891287,-0.03304732818174991,0.008155443684263963,-0.028315259423597156,0.02699353261532604,79,82,93,91,94,108,84,107,0.27101209069072785,-3
2025,12,Army,American Athletic,https://a.espncdn.com/i/teamlogos/ncaa/500/349.png,9,0,-0.6460938426649725,-0.866845196887252,0.2207513542222796,75,77,70,2.496583594192173,0.4130806336510619,0.17659967192001924,0.5274725274725275,0.1598149777316713,-0.6925179947430369,0.2950818484198133,0.10650447571536885,0.5,0.13569081030056818,-0.006909871048852562,-0.020930434565273385,0.029707709092915657,0.03656906132940238,55,14,50,33,84,99,56,103,0.32540075751366615,0
2025,12,Western Michigan,Mid-American,https://a.espncdn.com/i/teamlogos/ncaa/500/2711.png,10,0,-0.7947501498512185,-1.6522139993674805,0.857463849516262,76,87,56,1.6534994090578126,0.12015417201671304,0.11635918631322616,0.4424778761061947,0.09062364755789822,-0.7626533423458017,-0.022505826410333215,0.15689199385553684,0.33070866141732286,-0.018197424584680523,-0.027821193947518662,0.009590871498961338,-0.03901334640254093,-0.07281485238731486,96,115,78,88,74,3,90,9,1.7464866808571755,18
2025,12,Kansas,Big 12,https://a.espncdn.com/i/teamlogos/ncaa/500/2305.png,10,0,-1.0042300896186234,2.0173995978896517,-3.021629687508275,77,42,111,2.912005171183413,0.3394389508092587,0.1659000707355558,0.5225225225225225,0.15309760368690248,-1.1351590265317477,0.2705667546521085,0.14881462307862878,0.42201834862385323,0.05894143131883985,0.02572001579946113,0.03587801961710178,0.04203390269600348,0.03487320852763545,38,33,53,37,35,90,86,53,0.3102946324198881,3
2025,12,Wyoming,Mountain West,https://a.espncdn.com/i/teamlogos/ncaa/500/2751.png,10,0,-1.155865681264085,-3.892460588545855,2.73659490728177,78,113,30,1.2159388365953958,0.11369936350996199,0.07974430704849324,0.3305084745762712,-0.022031495638738133,-1.0885591984200342,0.017988431889232787,0.13340316258719068,0.38461538461538464,0.02467473725865144,-0.0378288180191571,-0.003819727981662038,-0.0770810474212636,-0.06697097813156118,114,119,99,127,39,8,76,27,0.6054286686980845,6
2025,12,Temple,American Athletic,https://a.espncdn.com/i/teamlogos/ncaa/500/218.png,10,0,-1.185915927357394,2.375422188410076,-3.56133811576747,79,38,119,3.3443166019891573,0.37355994505118906,0.06353779215972957,0.47,0.10670564356784627,-0.4606334971045846,0.22902098528494425,0.22226216856567202,0.4811320754716981,0.12922821854696734,-0.04581906956742612,0.054034470082547845,0.033153824927424476,0.03408480464359476,22,25,111,71,110,75,120,94,0.09294901112444176,0
2025,12,Kennesaw State,Conference USA,https://a.espncdn.com/i/teamlogos/ncaa/500/338.png,10,0,-1.3461709687685643,-1.8200003509832512,0.4738293822146868,80,91,64,1.3984319029470067,0.1346062213486013,0.13123147559708873,0.48484848484848486,0.1356623984978364,-0.7103785477252307,0.20716050676213135,0.17468043979046366,0.45864661654135336,0.11772096694581984,0.017970248239463346,0.029014644240074414,-0.03782864736923042,0.018125331986979517,108,109,71,61,83,67,102,80,1.2799375844672976,16
2025,12,North Carolina,ACC,https://a.espncdn.com/i/teamlogos/ncaa/500/153.png,10,0,-1.428896855774474,-3.481317327590752,2.052420471816278,81,112,36,0.8149857161444377,0.12974055977664198,0.03725742824092179,0.36936936936936937,0.014627867504541642,-1.3003294785552317,0.176826859618967,0.09393437635089037,0.4017857142857143,0.05182624238433359,-0.06251777111361408,0.013647950301778566,-0.03188854456318201,-0.02675385705030858,126,111,126,119,20,57,50,36,1.4685114721120605,17
2025,12,Delaware,Conference USA,https://a.espncdn.com/i/teamlogos/ncaa/500/48.png,10,0,-1.508527937348725,-2.5259030237738473,1.0173750864251223,82,100,53,2.1329644924826154,0.2857089408599128,0.08982052901082736,0.4918032786885246,0.12923958908780375,-0.929567608212606,0.13355758601865558,0.22486939151299584,0.4642857142857143,0.09799460548979502,-0.041333548132618414,0.04288274103481347,0.010276327441693775,-0.011217608061353213,67,56,89,52,54,38,122,86,0.3555108813870427,3
2025,12,Louisiana Tech,Conference USA,https://a.espncdn.com/i/teamlogos/ncaa/500/2348.png,10,0,-1.5280881559633852,-4.57568948486722,3.0476013289038346,83,121,26,0.8912465179366117,0.1553168872499723,0.11143296778764905,0.36507936507936506,0.006546899319753471,-1.274986385597458,0.05392719421678926,0.03125166703958816,0.3533834586466165,-0.004914264263242579,-0.00538168073929399,-0.02600548533831625,-0.035951094498182665,-0.06477314788546491,123,97,83,120,23,15,18,19,-0.20883251921692647,-2
2025,12,Coastal Carolina,Sun Belt,https://a.espncdn.com/i/teamlogos/ncaa/500/324.png,10,0,-1.5549130259816213,1.8686290753405368,-3.423542101322158,84,44,115,2.700145782190368,0.14028506289789006,0.16120025061609417,0.29411764705882354,-0.05295530756928728,-0.09445364618400047,0.228485632386913,0.25120463750367905,0.3467741935483871,0.003415853196172657,0.02772533796843877,0.0741393583868445,-0.016508965993144414,0.005276308469212396,47,102,54,133,129,74,129,15,-0.4932875065442379,-8
2025,12,UCLA,Big Ten,https://a.espncdn.com/i/teamlogos/ncaa/500/26.png,10,0,-1.7515044031569023,-1.6522384121344895,-0.09926599102241278,85,88,78,1.432862376155756,0.0891373620412957,0.25313366708671525,0.3958333333333333,0.029213150499073852,-0.16621805754427277,0.3491452732690766,0.24922859700172337,0.5638297872340425,0.1861227827239731,0.04549768435389063,0.046176905263852805,-0.04815070873520718,0.027160809988102153,107,122,19,109,126,118,128,131,0.7460974604480572,8
2025,12,Air Force,Mountain West,https://a.espncdn.com/i/teamlogos/ncaa/500/2005.png,10,0,-1.943627668802832,3.989513411208189,-5.933141080011021,86,24,132,3.614035041346941,0.5012176885009342,0.24911509199410756,0.58,0.2224001749402823,0.08335542513597197,0.5561683053865102,0.29500855339658344,0.5825242718446602,0.22582539694746503,0.03837637595270001,0.07703011015378887,0.0757535576073425,0.1367263690701474,17,4,22,17,135,136,133,134,0.4983186553153329,6
2025,12,South Alabama,Sun Belt,https://a.espncdn.com/i/teamlogos/ncaa/500/6.png,10,0,-2.0356590016024656,0.45081724960417546,-2.486476251206641,87,58,102,2.558856502076274,0.23523968118287522,0.19229108770618172,0.5098039215686274,0.1672183227422633,-0.4334910423343007,0.33206020539424247,0.1675969972995713,0.4536082474226804,0.10212072889680407,0.027118290434704522,1.393875789366821e-4,-0.0038849549308431677,0.05550744699632025,53,71,37,42,111,111,96,74,1.7355674767964477,16
2025,12,New Mexico,Mountain West,https://a.espncdn.com/i/teamlogos/ncaa/500/167.png,10,0,-2.1621318081310763,-0.41789068429108234,-1.7442411238399942,88,71,97,2.3273242945489527,0.3187471788395578,0.14149900248579927,0.5,0.14062714585927802,-0.7580234597011373,0.25531818664477196,0.05846359494976283,0.4672897196261682,0.10459813449716528,-0.011689273982796788,-0.04653805091756033,0.05068160699477043,0.043865780756052686,59,40,66,47,75,86,31,89,0.037434343885268895,2
2025,12,Kent State,Mid-American,https://a.espncdn.com/i/teamlogos/ncaa/500/2309.png,10,0,-2.2161979327487367,0.7549045843617802,-2.9711025171105168,89,54,109,1.8486442855834337,0.24676082889644665,-0.0376393938773767,0.3017241379310345,-0.061599908269104234,-0.5209264351714882,0.29989080317042893,0.17699504241488764,0.5225225225225225,0.14890771592550114,-0.07494572475756699,0.025304942918649164,0.03476638935507963,0.04593639588859941,86,66,135,130,103,102,103,116,2.8145155489908213,22
2025,12,Georgia Southern,Sun Belt,https://a.espncdn.com/i/teamlogos/ncaa/500/290.png,10,0,-2.3760067989579516,1.3994709437465571,-3.7754777427045085,90,49,122,2.717188481461586,0.24930454847211486,0.2312678696921819,0.5307692307692308,0.19017863010355335,0.09799808562581196,0.2908726276973901,0.27674516372280894,0.5757575757575758,0.2240510629764338,0.041518341532720174,0.07008594685296024,0.030835489040720213,0.05852595777950893,45,65,26,29,136,97,131,133,0.21622187556549566,5
2025,12,Florida Atlantic,American Athletic,https://a.espncdn.com/i/teamlogos/ncaa/500/2226.png,10,0,-2.484640420440911,-2.5924055580325165,0.10776513759160554,91,101,72,1.4733551518895924,0.2514197892627663,0.06945488760347157,0.5294117647058824,0.16276481666897652,-0.5277324934309162,0.1709030598493229,0.2618272324476521,0.5135135135135135,0.15248036663288178,-0.04082399216039397,0.06830199162227171,0.015643810156104093,-0.024093255685017818,103,64,105,30,101,54,130,113,0.29496646090146594,6
2025,12,Memphis,American Athletic,https://a.espncdn.com/i/teamlogos/ncaa/500/235.png,11,0,-2.694877357040574,1.8358947066325582,-4.530772063673132,92,45,124,3.0090906653674114,0.20889451787972468,0.33578331934612166,0.5373134328358209,0.17952310312684389,-0.8760274251570698,0.3382823418508463,0.01651937552240899,0.4305555555555556,0.07313864467535729,0.11699065930618269,-0.04388918727317702,-0.014531713979997985,0.09355985842569937,34,76,6,27,59,116,15,60,-2.554218664924216,-25
2025,12,Oregon State,Pac-12,https://a.espncdn.com/i/teamlogos/ncaa/500/204.png,11,0,-2.712690542516036,-3.393173847536369,0.6804833050203329,93,110,59,1.5723150169816469,0.1433432548026481,0.04688447590656931,0.44360902255639095,0.08480730751236648,-1.046096798011625,0.3067790207732552,0.0890371710987455,0.4435483870967742,0.0852790860491768,-0.05686192762637775,-0.0037466549589792006,-0.07094791593165511,0.03530221157826242,100,99,116,86,43,106,45,69,-0.6279373617014139,-4
2025,12,UCF,Big 12,https://a.espncdn.com/i/teamlogos/ncaa/500/2116.png,10,0,-2.765700341352323,-3.9051326810004245,1.1394323396481014,94,114,51,1.321787130162222,0.12442784927967022,0.1911817088730324,0.46017699115044247,0.09305026853936846,-1.0126846025834206,0.10161002187545269,0.17012424706157966,0.44144144144144143,0.07199117536320548,0.012441231504691655,0.04625124423110138,-0.09902274494159573,-0.058826546376878994,110,112,38,76,44,24,98,68,0.13930915617928674,5
2025,12,Miami (OH),Mid-American,https://a.espncdn.com/i/teamlogos/ncaa/500/193.png,10,0,-2.7993317288830206,-4.351951651421607,1.5526199225385864,95,118,44,1.3618982858473705,0.12369551063020785,0.08254871688616527,0.40350877192982454,0.04809406025308475,-1.18262592396731,0.12933369632604835,0.1392421134768907,0.415929203539823,0.06820219350659495,-0.04351359823500526,0.012637954404406505,-0.05532981469121515,-0.042934437256109036,109,113,96,104,31,35,80,48,-1.985306961633732,-22
2025,12,Minnesota,Big Ten,https://a.espncdn.com/i/teamlogos/ncaa/500/135.png,10,0,-2.9000578033650273,-3.462214636560412,0.5621568331953843,96,111,62,1.9317945635256315,0.18022950030719484,0.05257202485163728,0.45871559633027525,0.09529217665490276,-1.3292613796191297,0.14630685285018033,0.14168745855396636,0.40186915887850466,0.05023677079371955,-0.06778858923190519,0.015960230232647764,-0.06130200374987952,-0.0037528090285431012,81,89,115,77,16,45,83,37,-1.2174303502306074,-13
2025,12,Michigan State,Big Ten,https://a.espncdn.com/i/teamlogos/ncaa/500/127.png,10,0,-2.9636816429155872,2.097111422971244,-5.060793065886831,97,41,127,2.841021151894107,0.14555745473634682,0.17908487394005398,0.3786407766990291,0.034135653379347194,0.05592932460254208,0.4146713867440923,0.3238350990462822,0.44565217391304346,0.09645931564220231,0.016555882459542183,0.05188375982749236,-0.03655978228059083,0.04593106683358516,39,98,46,115,134,128,135,71,-2.4373071004381015,-27
2025,12,South Carolina,SEC,https://a.espncdn.com/i/teamlogos/ncaa/500/2579.png,10,0,-2.9756198049112026,-2.8680722375558982,-0.10754756735530438,98,103,80,1.277214178029354,0.08052549122524184,0.06521581681547979,0.4017857142857143,0.06078116786898721,-0.9377384649651039,0.24632998459034414,0.052288212657233796,0.38738738738738737,0.04136457804869735,-0.041929039750804045,-0.04435650953470343,-0.06669749100355503,0.01224961923373891,112,123,108,105,53,84,28,29,-0.9095511594579038,-11
2025,12,Virginia Tech,ACC,https://a.espncdn.com/i/teamlogos/ncaa/500/259.png,10,0,-2.9870652120983654,-0.6228176968308109,-2.3642475152675546,99,74,101,1.9447295612217541,0.13889973604511016,0.21447106425624238,0.44642857142857145,0.08130790263480281,-0.49806090489784777,0.38506274416094666,0.207155191752764,0.5454545454545454,0.18108533434584276,0.05184939511423181,0.02167022768886999,-0.06448117875252138,0.06118083596277134,80,104,31,85,107,125,116,127,0.9319394979399331,6
2025,12,Northwestern,Big Ten,https://a.espncdn.com/i/teamlogos/ncaa/500/77.png,10,0,-3.0215417869522723,-2.5993549965214418,-0.4221867904308304,100,102,84,1.578897694553581,0.13624682597270854,0.20565014682526475,0.5092592592592593,0.1503578425272631,-0.37134305061774936,0.19918769705532377,0.2377679928212606,0.44036697247706424,0.07614237444170967,0.015852625156850108,0.04382981972880094,-0.0492685568989827,0.008148717521295803,99,107,33,43,117,65,124,65,-2.5794218720602866,-31
2025,12,Baylor,Big 12,https://a.espncdn.com/i/teamlogos/ncaa/500/239.png,10,0,-3.0299783286816924,-0.2522247155402062,-2.777753613141486,101,68,106,2.216801177368791,0.30898852716715314,0.13201183269862646,0.5470085470085471,0.17814982009434233,-0.5192265485941298,0.18847187120078862,0.15294736658936184,0.4491525423728814,0.08235234675975481,-0.009333622580800595,0.010680851732959153,0.032448838299395016,7.208107487220826e-4,63,47,70,22,104,60,88,72,-0.9574576644208181,-13
2025,12,Troy,Sun Belt,https://a.espncdn.com/i/teamlogos/ncaa/500/2653.png,10,0,-3.1281984423659823,-3.160039347984756,0.031840905618773556,102,106,75,1.4354847944710165,0.07240605377202064,0.04290691128882889,0.3739130434782609,0.01914923167854223,-1.27695164975222,0.1605358756578409,0.11675508508058269,0.3898305084745763,0.04750814037461912,-0.05841176181983619,0.009514584310843023,-0.10860135924623594,-0.003032096465417382,106,125,121,117,22,50,65,33,-0.8563944297175761,-11
2025,12,Stanford,ACC,https://a.espncdn.com/i/teamlogos/ncaa/500/24.png,10,0,-3.3755693169727707,-3.1174443880417573,-0.25812492893101346,103,105,83,0.918236310820946,0.14184267070295975,-0.024220506249122788,0.3884297520661157,0.050861600871751136,-0.6691009371939104,0.3367118622322952,0.04821671866923604,0.5357142857142857,0.18181557899420173,-0.08201702613014823,-0.04939085565934175,-0.03514481903846957,0.05031233995777841,122,100,132,112,89,114,26,121,0.48449094777163815,1
2025,12,West Virginia,Big 12,https://a.espncdn.com/i/teamlogos/ncaa/500/277.png,11,0,-3.439752287534032,-4.142997360291411,0.7032450727573792,104,116,58,0.9279215095842186,0.17878340492760583,0.07521781750160765,0.3235294117647059,-0.022915328087902954,-1.197891365571282,0.33370429537409896,0.06855160040387255,0.47368421052631576,0.12118468655071525,-0.04894611718076188,-0.05213171172741276,-0.0010391811128091094,0.05367754627002478,121,90,102,128,28,112,35,91,-0.12375384650252874,-3
2025,12,UNLV,Mountain West,https://a.espncdn.com/i/teamlogos/ncaa/500/2439.png,10,0,-3.5227657980670215,2.3707585314994284,-5.89352432956645,105,39,130,3.226699663914949,0.30416418376218296,0.35144889780103966,0.5043478260869565,0.14401716637813133,-0.15093385942733195,0.2213042674985272,0.2976950158701442,0.512396694214876,0.1484576725420353,0.1016453688563779,0.08643999034652576,0.0322871051696914,0.035057739074808754,25,49,3,45,128,70,134,112,-2.428310532196644,-28
2025,12,Florida International,Conference USA,https://a.espncdn.com/i/teamlogos/ncaa/500/2229.png,10,0,-4.113711044310401,-1.4365778524709825,-2.6771331918394186,106,84,105,1.6758609917964666,0.1223114227384427,0.1521976251532117,0.48507462686567165,0.12959108498265173,-0.8033549709806044,0.2264387967211649,0.18182854942625445,0.5111111111111111,0.14883151374010056,-0.01160929574423046,0.023377042115578475,-0.03380997823364034,0.005458072953402143,95,114,58,60,72,71,105,111,-0.18287855054762536,0
2025,12,Rutgers,Big Ten,https://a.espncdn.com/i/teamlogos/ncaa/500/164.png,10,0,-4.298601481696796,3.3139360369936655,-7.612537518690462,107,30,134,3.0968911470264753,0.3102954420558043,0.15716320846366502,0.6326530612244898,0.2668444570484538,-0.18107434235024475,0.4317105039374608,0.28500799056205744,0.5047619047619047,0.14358304886911358,-0.0011938894108974578,0.08546762368479657,0.039154766939342334,0.08681775897180144,31,43,56,4,125,130,132,108,-0.20267667940522216,0
2025,12,UTEP,Conference USA,https://a.espncdn.com/i/teamlogos/ncaa/500/2638.png,10,0,-4.40896158755343,-8.28179670998598,3.8728351224325492,108,134,19,0.0853916883972221,-0.05200446047961526,0.09661295415210028,0.33587786259541985,-0.004261613091060216,-1.2500543939014737,0.14328833406710373,0.02771336843098405,0.4406779661016949,0.08858410116469645,-0.024055464913954296,-0.038797399601673416,-0.1820521365947109,-0.022331578621161065,135,135,87,126,25,42,17,66,1.309560282212237,5
2025,12,Northern Illinois,Mid-American,https://a.espncdn.com/i/teamlogos/ncaa/500/2459.png,10,0,-4.48167943426512,-3.270579817983422,-1.211099616281698,109,108,92,0.8422874839719219,-0.01451306183335589,0.12690556947904286,0.3090909090909091,-0.024974885017775478,-0.9111783065245522,0.1885418294356747,0.0922327320683378,0.4368932038834951,0.09025017859484019,0.004365018499371305,0.0015656208945168892,-0.08388512825003694,0.0185078869528222,125,131,73,129,57,61,48,62,4.666251412938104,23
2025,12,Rice,American Athletic,https://a.espncdn.com/i/teamlogos/ncaa/500/242.png,10,0,-4.844065218080651,-4.877402336677335,0.033337118596684194,110,124,74,1.4625607837171815,0.13298629368691242,0.039516801180597576,0.44715447154471544,0.08408160884186759,-0.7308974700376334,0.24643433831241096,0.1309761661949832,0.4959349593495935,0.13474353586724777,-0.09463409587356625,-0.01772743864845644,-0.053885665859245764,0.03239121446033396,105,110,124,82,80,85,73,101,-0.21951679361051557,-2
2025,12,Liberty,Conference USA,https://a.espncdn.com/i/teamlogos/ncaa/500/2335.png,10,0,-5.11882999932779,-2.300831231400843,-2.817998767926947,111,94,107,1.4880368565053244,0.18209858882015884,0.17777205152031988,0.4174757281553398,0.06454841960580385,-0.5072778126193478,0.1875339909821574,0.1621526120676435,0.4020618556701031,0.03949769705611556,0.029643596889223238,0.020877068995923894,-0.013709378556926744,0.01878982599119374,102,88,48,96,106,59,93,38,1.0246925863751617,4
2025,12,Nevada,Mountain West,https://a.espncdn.com/i/teamlogos/ncaa/500/2440.png,10,0,-5.397274753691905,-5.230540723194318,-0.166734030497587,112,125,81,0.5352939489699886,-0.02007996469960518,0.07241797909763092,0.39805825242718446,0.03336933702486174,-0.8105938997924952,0.1467814668107159,0.19256473475113883,0.39814814814814814,0.044817197986845636,-0.04283031007098277,0.022520549913154393,-0.08986191542509436,-0.02492325714117675,130,132,104,108,71,46,108,34,2.441390126607377,13
2025,12,Syracuse,ACC,https://a.espncdn.com/i/teamlogos/ncaa/500/183.png,10,0,-5.659841485271693,-2.30144252249805,-3.3583989627736432,113,95,114,1.630089835227089,0.19540629511230218,0.06260224743408728,0.3875968992248062,0.030359743921504943,-0.509738792483985,0.37936176877095606,0.1268529232003613,0.4152542372881356,0.062479225733888345,-0.01867218133487817,-0.00220137580358795,-0.058648657315954915,0.0776186427744236,97,81,112,113,105,124,71,47,0.08999352433196783,1
2025,12,UL Monroe,Sun Belt,https://a.espncdn.com/i/teamlogos/ncaa/500/2433.png,10,0,-5.800201060753931,-3.214242877094943,-2.5859581836589878,114,107,104,1.6816501683825533,0.1410821594049528,0.05707251814130392,0.2857142857142857,-0.057144952824896546,-0.916570641417955,0.3601663500409494,0.11364829554804812,0.5,0.14096480414741455,-0.06725245633618077,0.0019303510673487363,-0.05901430875396327,0.08881236009607574,94,101,114,135,56,119,63,103,-2.0667435949456037,-12
2025,12,Wisconsin,Big Ten,https://a.espncdn.com/i/teamlogos/ncaa/500/275.png,10,0,-5.856409923659796,-6.900535387578346,1.0441254639185502,115,130,52,0.026097652702799297,0.01064219810640773,0.038736664315544934,0.2761904761904762,-0.08674199751816496,-1.0612149376696927,0.3353543260700679,0.04856258626971765,0.47,0.1200850462677099,-0.05651967572316943,-0.05004245444866117,-0.08961495186486385,0.02655364052188166,136,127,125,136,40,113,27,90,0.9536109050801906,3
2025,12,Louisiana,Sun Belt,https://a.espncdn.com/i/teamlogos/ncaa/500/309.png,10,0,-5.911475571108053,-2.9403788434212217,-2.971096727686831,116,104,108,1.1888224402532996,0.13522109824855896,0.1582547525520068,0.48672566371681414,0.13560868961342679,0.02468139808260243,0.27586797170502225,0.19570818027720213,0.5087719298245614,0.1449691439682365,-0.0036419892662742444,0.03663528543008367,-0.009580143928980503,0.039171333745834994,116,108,55,57,133,93,111,109,0.6868606896630736,1
2025,12,Maryland,Big Ten,https://a.espncdn.com/i/teamlogos/ncaa/500/120.png,10,0,-6.0058762115712625,-6.364817741466059,0.3589415298947958,117,128,68,0.8009318468873695,0.16977037562651193,0.04414346391463945,0.36036036036036034,0.0066280986868576764,-1.4395737381908973,0.058332244516607144,0.12187315913273304,0.4322033898305085,0.07452549522427873,-0.03247458785377276,0.010287959189281347,-0.07925168897048976,-0.052931198048637974,127,92,120,121,10,16,68,61,0.9241562559285654,3
2025,12,Buffalo,Mid-American,https://a.espncdn.com/i/teamlogos/ncaa/500/2084.png,10,0,-6.5254863196442034,-7.425711645473705,0.9002253258295022,118,132,54,0.8671984407174532,0.0028994106383567605,0.06355981867812165,0.2956521739130435,-0.0670044629090414,-1.0481169524181846,0.20835497994043337,0.05340528627860497,0.373015873015873,0.01031519154413869,-0.05393597188789598,-0.035415817242643664,-0.17271903370114078,-0.0010778590108878403,124,128,110,131,42,68,29,25,-1.8089190696117745,-9
2025,12,New Mexico State,Conference USA,https://a.espncdn.com/i/teamlogos/ncaa/500/166.png,10,0,-6.699054509832468,-8.350632997532813,1.651578487700345,119,135,42,0.3632904143372344,0.06537644830344551,-0.029889151958874528,0.40476190476190477,0.04321485447925165,-1.2016748155429338,0.24059600420157448,-0.021234328661756167,0.4126984126984127,0.0606363469261417,-0.07634090159035124,-0.05537562360539965,-0.1535336843437544,0.005044919987789246,131,126,134,102,27,81,8,44,0.8965833051367635,2
2025,12,App State,Sun Belt,https://a.espncdn.com/i/teamlogos/ncaa/500/2026.png,10,0,-6.7549948434594995,-4.703497278913922,-2.0514975645455773,120,122,99,1.4653477513003688,0.10301327475477748,0.10551545086224777,0.43609022556390975,0.09264955874752051,-0.7146692636718966,0.2805499284647009,0.1256237849496343,0.5234375,0.17558580999618395,-0.04916261986260815,0.0033434922416721814,-0.05559701420055165,0.029442676321555204,104,120,85,90,82,95,70,117,0.07801466979377736,-1
2025,12,Bowling Green,Mid-American,https://a.espncdn.com/i/teamlogos/ncaa/500/189.png,10,0,-6.780180077349179,-5.540411534646626,-1.239768542702553,121,126,93,0.7125158017075048,-0.05633745376458339,0.03964962040358638,0.2909090909090909,-0.07764241209768243,-0.8438215706247791,0.25749838566413236,0.03414728840957,0.3619047619047619,-0.006204876846624626,-0.057906861801123546,-0.024372258829756945,-0.12963933461211358,0.016010198379658752,128,136,123,134,67,89,20,22,0.8750445507878073,1
2025,12,Boston College,ACC,https://a.espncdn.com/i/teamlogos/ncaa/500/103.png,11,0,-6.848903192210762,-1.3667294638321803,-5.482173728378582,122,81,128,1.7352750005067141,0.19373805143948605,0.08651620504933771,0.4961832061068702,0.1394161672031702,-0.21682185683304148,0.36447510808038286,0.18802164865512536,0.5354330708661418,0.1728513568671586,-0.0251224600724748,0.061858157701625095,-0.04958005504985664,0.10151419465862915,91,83,94,49,122,120,107,120,1.3389395907853734,6
2025,12,Eastern Michigan,Mid-American,https://a.espncdn.com/i/teamlogos/ncaa/500/2199.png,11,0,-7.020561533920713,-3.3385169412049613,-3.682044592715751,123,109,121,1.7331816721036961,0.2642804426087663,0.1281864101569428,0.4573643410852713,0.12117430782994977,-0.27954893200470887,0.29699228745405704,0.20316571257826532,0.5193798449612403,0.18472723555238577,-0.023444657157396305,0.032275330736296036,0.02521387712815956,0.03363066873346824,92,59,72,78,119,100,112,115,0.6631278107303782,0
2025,12,Akron,Mid-American,https://a.espncdn.com/i/teamlogos/ncaa/500/2006.png,11,0,-7.422761550231647,-2.520646004316524,-4.902115545915123,124,99,126,1.7033641821584973,0.1645497430030132,0.040304136498163015,0.34615384615384615,-0.018012667776633996,-0.39000756090450595,0.22670495818950856,0.15305760234826124,0.4262295081967213,0.06040373064316282,-0.04132171389837967,0.0313984132786745,-0.030955907879032428,0.03310557218573987,93,95,122,123,115,72,89,56,-2.616326884383887,-14
2025,12,Charlotte,American Athletic,https://a.espncdn.com/i/teamlogos/ncaa/500/2429.png,10,0,-7.5122335580306885,-6.49868439558616,-1.0135491624445283,125,129,90,0.6240360314953772,0.09304114904118935,-0.054615517674096184,0.3983050847457627,0.042028268067844224,-0.26103021586706143,0.33958975134680847,0.20620985729906224,0.5636363636363636,0.19102016899110125,-0.11214161743006558,0.05330202880777254,-0.1031354222077664,0.025203627617947488,129,121,136,106,120,117,114,130,0.8963082531782351,4
2025,12,Arkansas State,Sun Belt,https://a.espncdn.com/i/teamlogos/ncaa/500/2032.png,10,0,-7.5874629210799345,-4.502714640690428,-3.084748280389507,126,120,113,1.2659400875518032,0.169947808247726,0.005958110824859153,0.48333333333333334,0.10151597809225262,-0.3344999291171263,0.279462536272744,0.13953779032785932,0.45,0.07925834252590364,-0.07994254355126505,-0.0055180917255450756,-0.04821303202772375,0.014303333040481541,113,91,129,62,118,94,81,73,0.23890866673239408,-2
2025,12,Colorado State,Mountain West,https://a.espncdn.com/i/teamlogos/ncaa/500/36.png,10,0,-7.9031183577212865,-6.18844034676811,-1.7146780109531767,127,127,96,1.0109542215272214,0.13737552586375038,0.10568100370454489,0.3761467889908257,0.0297501481560976,-0.6270881098255576,0.3277115273888721,0.17862885444217277,0.5,0.14489717857386153,-0.04741240934773729,0.041315766626384615,-0.0644710160915151,0.057364608068556394,119,106,84,116,96,110,104,103,0.15570877342605094,0
2025,12,Middle Tennessee,Conference USA,https://a.espncdn.com/i/teamlogos/ncaa/500/2393.png,10,0,-7.9375997048935165,-2.3318864644825963,-5.60571324041092,128,96,129,1.2125279606110788,0.1656236293680966,0.04602320341480279,0.408,0.042423543388348105,-0.9263125645345055,0.428969338372939,0.07152025472239913,0.4957983193277311,0.1342264544350831,-0.04516095768375347,-0.013519800604039766,-0.022611941701624203,0.10758462207524862,115,94,117,100,55,129,39,99,1.75660512189304,6
2025,12,Tulsa,American Athletic,https://a.espncdn.com/i/teamlogos/ncaa/500/202.png,10,0,-8.09704418330396,-4.162931991626076,-3.934112191677885,129,117,123,1.0726763997029154,0.156518895061159,0.098284580152108,0.44715447154471544,0.08791035495661677,-0.8184616793370528,0.2745735298013377,0.06317129927193499,0.488,0.11537360983825991,-0.010671627387729692,-0.04927632823963125,-0.06769429176732272,0.0675840383384458,118,96,86,82,69,91,33,97,1.5143407907764601,4
2025,12,UAB,American Athletic,https://a.espncdn.com/i/teamlogos/ncaa/500/5.png,10,0,-8.327598930304283,-2.3909736828006416,-5.936625247503642,130,97,133,2.2685404929209025,0.2584459457696686,0.17848280959374133,0.514018691588785,0.15192587603226002,-0.21310875258960393,0.5177984249611608,0.2205113252064708,0.6122448979591837,0.2443757304561126,0.012585789728344675,0.028981217390229987,-0.024535899837289137,0.10630256007403319,61,62,47,40,123,135,119,135,-3.138004666825358,-18
2025,12,Ball State,Mid-American,https://a.espncdn.com/i/teamlogos/ncaa/500/2050.png,10,0,-8.700593947647684,-7.185001915838822,-1.5155920318088627,131,131,94,0.9668579465676937,-0.003937663774414797,0.03321752154091071,0.29464285714285715,-0.0718835191838876,-0.719838245332213,0.25705418431101756,0.17060705234900916,0.48598130841121495,0.11936922243681639,-0.07598324122927318,0.00463589740602817,-0.14246685949822474,0.02706495223825978,120,129,127,132,81,88,99,96,-0.06797168496504291,-1
2025,12,Sam Houston,Conference USA,https://a.espncdn.com/i/teamlogos/ncaa/500/2534.png,10,0,-8.710910258882626,-3.9483752986103906,-4.7625349602722356,132,115,125,0.2909174993336174,-0.04200960588816102,0.06785393547499975,0.33636363636363636,-0.03074414665197348,-0.46416509021199465,0.30337000565366484,0.2416251128870352,0.5436893203883495,0.17580335538289782,-0.008700778206119999,0.07550056564370271,-0.13731521395598614,0.010517977805666639,132,134,106,125,108,105,126,125,-0.023306961681313965,-1
2025,12,Georgia State,Sun Belt,https://a.espncdn.com/i/teamlogos/ncaa/500/2247.png,10,0,-9.549140282902679,-1.3750299055940178,-8.174110377308661,133,82,135,2.132712521523007,0.3093698022830309,0.0877666752436587,0.4051724137931034,0.05139165681061641,0.018328827562638157,0.44492912717906286,0.24111809452441507,0.6176470588235294,0.2650707652875611,-0.017538554215097327,0.03448188695376315,0.009467663292613877,0.12363381628227409,68,45,92,101,131,133,125,136,-3.3743055682671823,-17
2025,12,Purdue,Big Ten,https://a.espncdn.com/i/teamlogos/ncaa/500/2509.png,11,0,-10.745596020459558,-4.827943144846445,-5.917652875613114,134,123,131,1.283705296139688,0.11615286240319592,0.1390887526402001,0.5,0.14363937646868985,-0.6640830973009529,0.37834365334506587,0.16807117459759707,0.543859649122807,0.1943133299013536,-0.007982527738579097,0.02782086469075738,-0.07784345504956268,0.06387523471083242,111,117,67,47,91,123,97,126,-2.764231920734339,-8
2025,12,Oklahoma State,Big 12,https://a.espncdn.com/i/teamlogos/ncaa/500/197.png,10,0,-11.18069723144313,-7.49949303919084,-3.681204192252289,135,133,120,0.2192214147542548,-0.02405098240975883,-0.025966276421607454,0.34782608695652173,-0.022144110351053837,-0.22572388131542268,0.4682058521757271,0.12995527308277105,0.5714285714285714,0.1981016693566577,-0.0973076180254574,-0.00936044756710907,-0.1368432609728951,0.10970672924806919,133,133,133,122,121,134,72,132,0.646649299992152,0
2025,12,Massachusetts,Mid-American,https://a.espncdn.com/i/teamlogos/ncaa/500/113.png,10,0,-16.795908531135538,-8.503563155473657,-8.292345375661881,136,136,136,0.12203704801835236,-0.01294712745615949,-0.017006076699036938,0.3418803418803419,-0.020741446319083746,-0.3822440400530246,0.43619525496334627,0.1495632388729293,0.5514018691588785,0.19275921539536447,-0.08417599560995062,0.03857854925414096,-0.14368309799428414,0.15111035963667357,134,130,131,124,116,131,87,128,-2.7669293723291695,0
