season,week,team,QBID,QBname,off_rt,def_good,power,recent_QBID,recent_QBname,qb_value,career_starts,power_final,hfa,off_wepa,def_wepa,off_epa,def_epa,off_pass_epa,def_pass_epa,off_rush_epa,def_rush_epa,off_eckel_rate,def_eckel_rate,off_success,def_success,proe,def_proe,games,team_name,conference,division,logo,power_rank,off_rank,def_rank,off_wepa_rank,def_wepa_rank,off_epa_rank,def_epa_rank,off_pass_epa_rank,def_pass_epa_rank,off_rush_epa_rank,def_rush_epa_rank,off_eckel_rank,def_eckel_rank,off_success_rank,def_success_rank,power_change,rank_change
2025,1,BAL,00-0034796,Lamar Jackson,2.092777856039435,0.13794749157710728,2.2307253476165423,00-0034796,Lamar Jackson,2.274751485585679,115,4.505476833202222,2.3176048435150305,12.355544295904187,-0.6236170964968015,0.1960612633672137,0.03216562721185437,0.3257486327620997,0.12589952960695838,0.03755447855124193,-0.16833801830879858,0.5821917808219178,0.5310344827586206,0.49,0.4177215189873418,-0.06671392557794709,0.03375638590602819,0,Baltimore Ravens,AFC,AFC North,https://a.espncdn.com/i/teamlogos/nfl/500/bal.png,1,2,12,2,19,2,21,1,27,4,3,4,26,1,7,0,0
2025,1,BUF,00-0034857,Josh Allen,2.3577265348596814,0.2672565910392397,2.624983125898921,00-0034857,Josh Allen,1.759603032324134,139,4.384586158223055,2.3176048435150305,13.295759717808691,-1.4571832352024743,0.22059594283238673,0.005519594443282223,0.323719130168009,0.09101977070201506,0.06998947997217005,-0.13257690015537082,0.6058394160583942,0.5179856115107914,0.4856486796785304,0.4403567447045708,-0.007867915756155046,-0.034803271545449585,0,Buffalo Bills,AFC,AFC East,https://a.espncdn.com/i/teamlogos/nfl/500/buf.png,2,1,9,1,14,1,16,2,19,2,7,2,24,3,17,0,0
2025,1,DET,00-0033106,Jared Goff,1.7410570960609748,0.3250605952066732,2.0661176912676478,00-0033106,Jared Goff,1.6753408763330284,160,3.7414585676006764,2.3176048435150305,10.301035777680948,-2.5611996084542925,0.1410866918407106,-0.05854659670275351,0.25166604124473113,-0.03991514020008166,0.007546952464972139,-0.09734612467738972,0.5838926174496645,0.4563758389261745,0.48864864864864865,0.4169453734671126,-0.03886507215863173,0.007709663083820283,0,Detroit Lions,NFC,NFC North,https://a.espncdn.com/i/teamlogos/nfl/500/det.png,3,4,6,5,8,4,5,3,4,5,14,3,7,2,6,0,0
2025,1,PHI,00-0036389,Jalen Hurts,1.7005268315251025,0.14296807909691966,1.8434949106220222,00-0036389,Jalen Hurts,1.5699749957138802,93,3.4134699063359024,2.3176048435150305,8.752279237482103,-4.454225179229693,0.10833867002760585,-0.07275525012246209,0.13911560628343395,-0.007840085613148346,0.07789266857022753,-0.18825365970396835,0.5693430656934306,0.44366197183098594,0.45837837837837836,0.3983644859813084,-0.07693644955977867,-0.02283904187493645,0,Philadelphia Eagles,NFC,NFC East,https://a.espncdn.com/i/teamlogos/nfl/500/phi.png,4,5,11,8,3,7,4,9,8,1,2,5,6,12,3,0,0
2025,1,GB,00-0036264,Jordan Love,0.972904852364179,0.7244062755925558,1.6973111279567348,00-0036264,Jordan Love,1.1322254969211205,52,2.8295366248778553,2.3176048435150305,8.765737381379394,-2.011046933731097,0.09029756183425873,-0.05535608325468213,0.22320679834991977,-0.013074621336028274,-0.055648226588440826,-0.12629215038929112,0.5684931506849316,0.4791666666666667,0.443557582668187,0.45219347581552305,-0.06878550054090396,-0.010210003236830092,0,Green Bay Packers,NFC,NFC North,https://a.espncdn.com/i/teamlogos/nfl/500/gb.png,5,8,2,7,11,8,6,5,6,12,8,6,15,15,25,0,0
2025,1,CIN,00-0036442,Joe Burrow,1.2661747374385195,-0.032474078909416226,1.2337006585291033,00-0036442,Joe Burrow,1.2809922185374019,84,2.514692877066505,2.3176048435150305,10.474135356800572,2.5168240283384598,0.10841947468985007,0.07813959927026388,0.19648360483011595,0.11373381935588081,-0.0818729463824727,0.022749141712372377,0.5633802816901409,0.5068493150684932,0.4668141592920354,0.4769560557341908,0.07324766398331253,-0.0061439836799061205,0,Cincinnati Bengals,AFC,AFC North,https://a.espncdn.com/i/teamlogos/nfl/500/cin.png,6,7,20,4,29,6,29,6,25,16,30,7,22,9,30,0,0
2025,1,WAS,00-0039910,Jayden Daniels,2.016351963990505,-0.22716653252998498,1.78918543146052,00-0039910,Jayden Daniels,-0.406600702396527,23,1.382584729063993,2.3176048435150305,11.650283976666765,-0.9964098657175738,0.1535710438071635,0.03510844871835596,0.22373471536975803,0.089838890548671,0.053673930031996574,-0.040089055846287414,0.6258992805755396,0.4888888888888889,0.48507462686567165,0.44224037339556593,-0.0035988817577353115,-0.06746421987760873,0,Washington Commanders,NFC,NFC East,https://a.espncdn.com/i/teamlogos/nfl/500/was.png,7,3,24,3,17,3,22,4,18,3,25,1,17,5,20,0,0
2025,1,ARI,00-0035228,Kyler Murray,0.9516540369259774,-0.3071348715987343,0.6445191653272431,00-0035228,Kyler Murray,0.692250203113313,87,1.3367693684405562,2.3176048435150305,6.349893852378086,1.5868194196440346,0.054202284380016265,0.046354293340112616,0.12047874657947238,0.10700611490384274,-0.04050474934789737,-0.04646936400959606,0.5413533834586466,0.5658914728682171,0.46215596330275227,0.47880870561282934,-0.033180178990325236,-0.008208950470641192,0,Arizona Cardinals,NFC,NFC West,https://a.espncdn.com/i/teamlogos/nfl/500/ari.png,8,9,26,11,28,10,24,12,22,8,22,9,29,11,31,0,0
2025,1,TB,00-0034855,Baker Mayfield,1.2887754322489449,-0.01106221259410134,1.2777132196548435,00-0034855,Baker Mayfield,0.01717140219965954,125,1.2948846218545031,2.3176048435150305,8.591503047568034,-1.0362451766724183,0.11002009525469068,0.024173923039692208,0.18323988071292385,0.09617624358500164,-0.005157095353766013,-0.1228796762499137,0.541095890410959,0.5958904109589042,0.4847161572052402,0.4625267665952891,0.008167730557689623,0.019649350293944396,0,Tampa Bay Buccaneers,NFC,NFC South,https://a.espncdn.com/i/teamlogos/nfl/500/tb.png,9,6,18,9,16,5,18,7,20,6,9,10,31,6,29,0,0
2025,1,KC,00-0033873,Patrick Mahomes,0.544204668694662,0.3202915975244405,0.8644962662191025,00-0033873,Patrick Mahomes,0.35415883052076486,147,1.2186550967398673,2.3176048435150305,10.127334956175018,-1.9448338213471403,0.06688961257952057,-0.01719232091193238,0.129053972828911,0.05091334689785385,-0.041230062696639876,-0.1478815753577384,0.5073529411764706,0.4740740740740741,0.48535564853556484,0.43171296296296297,0.04838514540440477,-0.012163472550079036,0,Kansas City Chiefs,AFC,AFC West,https://a.espncdn.com/i/teamlogos/nfl/500/kc.png,10,11,7,6,12,9,10,10,14,9,6,13,12,4,10,0,0
2025,1,DEN,00-0039732,Bo Nix,-0.3217928015702367,0.8831385154143839,0.5613457138441472,00-0039732,Bo Nix,0.6204188098490162,36,1.1817645236931633,2.3176048435150305,1.332197080961005,-6.8540902765203775,-0.042325043093620326,-0.13461236104040458,-0.006333070177226477,-0.11997491375284473,-0.10415174503589199,-0.16272697015980303,0.45454545454545453,0.4012345679012346,0.4142212189616253,0.3903966597077244,0.01447180775282554,-0.008338128067567946,0,Denver Broncos,AFC,AFC West,https://a.espncdn.com/i/teamlogos/nfl/500/den.png,11,18,1,17,1,23,1,22,1,20,4,23,2,21,2,0,0
2025,1,DAL,00-0033077,Dak Prescott,-0.8901221048406348,-0.4042189272367478,-1.2943410320773827,00-0037012,Trey Lance,2.052950813972076,145,0.7586097818946933,2.3176048435150305,-1.3988714368362314,2.7978826900178726,-0.09000404392269222,0.052744871655645294,-0.0787937493740656,0.038807632276830914,-0.11114538018857065,0.07259028859721794,0.461038961038961,0.5032258064516129,0.4162330905306972,0.4383408071748879,-0.006591473650822226,-0.035201965329520885,0,Dallas Cowboys,NFC,NFC East,https://a.espncdn.com/i/teamlogos/nfl/500/dal.png,12,25,27,25,30,27,26,27,13,22,32,21,21,20,15,0,0
2025,1,PIT,00-0023459,Aaron Rodgers,-0.5432703137462401,0.4941678797655722,-0.04910243398066794,00-0029263,Russell Wilson,0.6613229446439869,164,0.612220510663319,2.3176048435150305,1.949760575064649,-3.3327966836942937,-0.0037026781516480865,-0.05422606591562646,0.1069719492146227,-0.024701060977214175,-0.13299791817906872,-0.10546330525490193,0.4838709677419355,0.4563758389261745,0.4098360655737705,0.4330708661417323,-0.05854032532716212,-0.01975971064308981,0,Pittsburgh Steelers,AFC,AFC North,https://a.espncdn.com/i/teamlogos/nfl/500/pit.png,13,19,5,13,5,16,7,14,5,26,13,16,7,25,13,0,0
2025,1,LAC,00-0036355,Justin Herbert,-0.08119418960738045,0.30635901076933547,0.22516482116195502,00-0036355,Justin Herbert,0.30717464395142013,98,0.5323394651133752,2.3176048435150305,1.543347114113666,-3.077347713640619,-0.016983510267873436,-0.047367942554300255,0.03468032804622711,-0.011856555007631444,-0.09526205316802579,-0.10742396561116664,0.4583333333333333,0.44,0.39518072289156625,0.42295081967213116,-0.014826474956919774,-0.02885625039379994,0,Los Angeles Chargers,AFC,AFC West,https://a.espncdn.com/i/teamlogos/nfl/500/lac.png,14,15,8,16,6,17,8,19,7,17,11,22,4,29,8,0,0
2025,1,HOU,00-0039163,C.J. Stroud,-0.7335121437117917,0.538883956286669,-0.19462818742512278,00-0039163,C.J. Stroud,0.6090748839518554,51,0.4144466965267326,2.3176048435150305,1.6670372180184134,-1.8701654721000434,-0.03906288761480497,-0.08713648015375441,0.02438081472683645,-0.05085759122868754,-0.148630349819064,-0.15239284639632752,0.4968152866242038,0.39622641509433965,0.38846572361262244,0.3898876404494382,0.01000900047010451,-0.028055844885460708,0,Houston Texans,AFC,AFC South,https://a.espncdn.com/i/teamlogos/nfl/500/hou.png,15,22,3,15,13,22,3,20,2,28,5,14,1,30,1,0,0
2025,1,MIA,00-0036212,Tua Tagovailoa,-0.8866360135867631,0.13332479262407904,-0.7533112209626841,00-0036212,Tua Tagovailoa,0.8183256434913375,77,0.06501442252865341,2.3176048435150305,1.0357377663837612,-2.023912742071386,-0.03895188541918692,-0.004715366340549968,0.10109793336671852,0.06551436765427329,-0.26326566202613855,-0.11949708783833926,0.4825174825174825,0.4722222222222222,0.4464668094218415,0.4365361803084223,-0.027917393593558437,-0.0020863884681194553,0,Miami Dolphins,AFC,AFC East,https://a.espncdn.com/i/teamlogos/nfl/500/mia.png,16,24,13,19,10,21,13,15,16,31,10,17,11,13,14,0,0
2025,1,LA,00-0026498,Matthew Stafford,0.18115381788443652,-0.22752244633104723,-0.046368628446610716,00-0026498,Matthew Stafford,-0.28093631220220805,173,-0.32730494064881877,2.3176048435150305,0.8087698198227041,1.2076933478265042,0.036923449575003854,0.05691511990492646,0.11871615669526914,0.13020346130768115,-0.07876730461382056,-0.04213865402223416,0.48905109489051096,0.5142857142857142,0.4750830564784053,0.44739756367663347,-0.03901398086288581,-0.04635169515830056,0,Los Angeles Rams,NFC,NFC West,https://a.espncdn.com/i/teamlogos/nfl/500/lar.png,17,14,25,20,27,13,27,13,28,15,23,15,23,7,23,0,0
2025,1,ATL,00-0039917,Michael Penix,0.39867358651955165,-0.44574817060754435,-0.0470745840879927,00-0039917,Michael Penix Jr.,-0.3848970569056147,12,-0.4319716409936074,2.3176048435150305,-0.09995823982227012,-0.7888533259966609,0.013742597414738478,0.04065640207460107,0.06485539445108054,0.1185929505788209,-0.054062733337269735,-0.08445226789269916,0.5255474452554745,0.5298507462686567,0.4689880304678999,0.4500561167227834,-0.07406218068856343,-0.0035010979389799757,0,Atlanta Falcons,NFC,NFC South,https://a.espncdn.com/i/teamlogos/nfl/500/atl.png,18,13,28,22,18,15,23,17,26,11,18,12,25,8,24,0,0
2025,1,NYG,00-0029263,Russell Wilson,-1.2334270361340307,-0.16494730242060984,-1.3983743385546406,00-0035704,Drew Lock,0.6656931900145049,163,-0.7326811485401357,2.3176048435150305,-7.725975480728276,0.02139503014542683,-0.09115908289063343,0.074894653023934,-0.08855324551633241,0.1626981679597011,-0.09612872940013627,-0.04037680642382437,0.4413793103448276,0.45774647887323944,0.410010649627263,0.45895953757225433,-0.023489975782664516,-0.012448876893772387,0,New York Giants,NFC,NFC East,https://a.espncdn.com/i/teamlogos/nfl/500/nyg.png,19,28,22,30,24,28,28,29,29,18,24,24,10,24,28,0,0
2025,1,NYJ,00-0036945,Justin Fields,-0.27648576914421286,-0.804366436274474,-1.0808522054186869,00-0023459,Aaron Rodgers,0.3467563483604403,51,-0.7340958570582465,2.3176048435150305,0.5024497452337401,1.0099522442350153,0.01816429382574395,0.04823789943532581,0.07848964197031483,0.11033955960200954,-0.10248640246339782,-0.03813699846148302,0.4785714285714286,0.539568345323741,0.42675893886966554,0.440552016985138,0.022323319337089614,-0.04358942829037961,0,New York Jets,AFC,AFC East,https://a.espncdn.com/i/teamlogos/nfl/500/nyj.png,20,16,31,21,26,14,25,16,23,19,26,19,27,17,18,0,0
2025,1,SEA,00-0034869,Sam Darnold,-0.2971534892898646,0.14781523607062397,-0.14933825321924066,00-0030565,Geno Smith,-0.7137487144217441,95,-0.8630869676409848,2.3176048435150305,1.7971903381625371,-1.2605497052408097,-0.02610915948619875,-0.016943767269953273,0.035761612766248375,0.03649000640817562,-0.15400310481340487,-0.09651987108093017,0.4797297297297297,0.4423076923076923,0.43544857768052514,0.4406047516198704,0.027021694229269356,-0.009347756522881695,0,Seattle Seahawks,NFC,NFC West,https://a.espncdn.com/i/teamlogos/nfl/500/sea.png,21,17,10,14,15,19,11,18,12,29,15,18,5,16,19,0,0
2025,1,MIN,00-0039923,J.J. McCarthy,0.4316613863299281,0.5329462504410938,0.9646076367710219,00-0034869,Sam Darnold,-1.939390404752938,NA,-0.9747827679819161,2.3176048435150305,7.641789412460649,-5.933338708677924,0.04899051976251231,-0.1057500769782726,0.15997098057963277,-0.048782898645501824,-0.11872714293302368,-0.22440025966473884,0.5616438356164384,0.45695364238410596,0.4664429530201342,0.40064446831364126,0.0447091033801368,-0.024429225306863093,0,Minnesota Vikings,NFC,NFC North,https://a.espncdn.com/i/teamlogos/nfl/500/min.png,22,12,4,10,2,11,2,8,3,23,1,8,9,10,4,0,0
2025,1,SF,00-0037834,Brock Purdy,0.6474198878062702,-0.18507994594883925,0.462339941857431,00-0033949,Joshua Dobbs,-1.5495712692155217,53,-1.0872313273580907,2.3176048435150305,3.130539839378658,-0.33512404702557175,0.04610425399194143,0.003020763476105659,0.12389656621793918,0.029465078641774403,-0.061476299003791014,-0.03185402818652015,0.539568345323741,0.4785714285714286,0.44508670520231214,0.44418331374853115,-0.036284424374051126,-0.06527532436640862,0,San Francisco 49ers,NFC,NFC West,https://a.espncdn.com/i/teamlogos/nfl/500/sf.png,23,10,23,12,22,12,14,11,11,13,28,11,14,14,22,0,0
2025,1,CLE,00-0026158,Joe Flacco,-2.1625427850196033,-0.15415980232002702,-2.3167025873396305,00-0038108,Bailey Zappe,1.2070370016502476,95,-1.109665585689383,2.3176048435150305,-8.816431687282776,-2.5567535350715125,-0.1476152647836021,0.011397352858095981,-0.1543650427395072,0.08067372440669297,-0.1322521338132592,-0.08203213201420104,0.38414634146341464,0.4146341463414634,0.37923946557040084,0.40736478711162255,0.015408367579107815,-0.02069220395593723,0,Cleveland Browns,AFC,AFC North,https://a.espncdn.com/i/teamlogos/nfl/500/cle.png,24,32,21,32,9,31,17,32,17,25,19,31,3,32,5,0,0
2025,1,JAX,00-0036971,Trevor Lawrence,-0.6852883092013289,-0.7914590143002014,-1.4767473235015303,00-0036972,Mac Jones,0.02602304914395714,80,-1.4507242743575732,2.3176048435150305,1.1289273386058387,4.181102887028491,-0.017525499187718445,0.15490751013172857,0.0026683159851879925,0.2883401902778348,-0.05273182169311454,-0.04947746818730719,0.3829787234042553,0.6142857142857143,0.42206235011990406,0.4535005224660397,-0.024708255114069332,-0.0034515032290301844,0,Jacksonville Jaguars,AFC,AFC South,https://a.espncdn.com/i/teamlogos/nfl/500/jax.png,25,21,30,18,32,18,32,21,32,10,21,32,32,19,26,0,0
2025,1,NE,00-0039851,Drake Maye,-1.1654542722805117,-0.5638556765020357,-1.7293099487825474,00-0039398,Joe Milton III,-0.1819784754127472,32,-1.9112884241952945,2.3176048435150305,-0.34427482347446153,0.2296759704554707,-0.07399977203036787,0.08036937770084104,-0.03774024257693823,0.17872356690308017,-0.13717588469769307,-0.052050194740715254,0.40816326530612246,0.5571428571428572,0.4261744966442953,0.4572697003329634,-0.029035710062768418,-0.022051353483800846,0,New England Patriots,AFC,AFC East,https://a.espncdn.com/i/teamlogos/nfl/500/ne.png,26,27,29,23,25,25,30,24,31,27,20,29,28,18,27,0,0
2025,1,CHI,00-0039918,Caleb Williams,-1.5772590529262955,0.09507578847294229,-1.4821832644533532,00-0039918,Caleb Williams,-1.0297202241724137,36,-2.5119034886257667,2.3176048435150305,-2.372673547815751,-0.3893324543539716,-0.06373779478258217,-0.005623294451898569,-0.04029274908028834,0.017654598960852228,-0.10915335501092491,-0.036805713167909655,0.410958904109589,0.4965986394557823,0.40471092077087795,0.432,-0.016023204601321832,-0.03342321124624648,0,Chicago Bears,NFC,NFC North,https://a.espncdn.com/i/teamlogos/nfl/500/chi.png,27,30,15,26,21,24,12,25,10,21,27,28,19,27,11,0,0
2025,1,CAR,00-0039150,Bryce Young,-0.920471839384945,-0.9401556112997584,-1.8606274506847034,00-0039150,Bryce Young,-0.8919865082727125,42,-2.752613958957416,2.3176048435150305,-0.7589696906569088,3.762412268886095,-0.09498129834359832,0.12365248596050671,-0.11012580398186665,0.17327082155282397,-0.06654671632889043,0.06842512112731883,0.4189189189189189,0.581081081081081,0.41134751773049644,0.4897119341563786,-0.02678780360722017,-0.054072584134963284,0,Carolina Panthers,NFC,NFC South,https://a.espncdn.com/i/teamlogos/nfl/500/car.png,28,26,32,24,31,29,31,31,30,14,31,26,30,23,32,0,0
2025,1,IND,00-0035710,Daniel Jones,-0.8756334226435107,0.12899873330293832,-0.7466346893405724,00-0026158,Joe Flacco,-2.5149491722215145,84,-3.261583861562087,2.3176048435150305,-2.425747417977134,-2.637839475478853,-0.08813651053365153,-0.017389168274495208,-0.05788429438685453,0.05187339531931662,-0.13100091820080337,-0.10719852106838518,0.4370860927152318,0.4935064935064935,0.38461538461538464,0.4322916666666667,-0.06770816159241742,-0.045475860315740725,0,Indianapolis Colts,AFC,AFC South,https://a.espncdn.com/i/teamlogos/nfl/500/ind.png,29,23,14,27,7,26,9,26,15,24,12,25,18,31,12,0,0
2025,1,TEN,00-0040676,Cam Ward,-1.4561051295543042,0.04930929670513362,-1.4067958328491705,00-0034771,Mason Rudolph,-1.939390404752938,NA,-3.3461862376021085,2.3176048435150305,-3.611912658487126,-0.46314968825066394,-0.11882927685287874,0.0258132811465503,-0.09000045147028843,0.10608182833093177,-0.16263937385282642,-0.08786312506149833,0.39622641509433965,0.47651006711409394,0.3957636566332218,0.42427745664739885,-0.05240697239818614,0.0012805340532283857,0,Tennessee Titans,AFC,AFC South,https://a.espncdn.com/i/teamlogos/nfl/500/ten.png,30,29,17,29,20,30,19,30,21,30,17,30,13,28,9,0,0
2025,1,LV,00-0030565,Geno Smith,-1.9362114355500681,0.05080875130406315,-1.885402684246005,00-0038579,Aidan O'Connell,-1.8239813446378192,70,-3.7093840288838242,2.3176048435150305,-7.8724672335613,-3.9250137149443063,-0.15754670987180297,0.03143834943485527,-0.08487515722862876,0.1109661884460884,-0.31500174059868047,-0.08977929692129778,0.41830065359477125,0.5,0.4057017543859649,0.4401805869074492,-0.010047579866365685,0.011987805453626535,0,Las Vegas Raiders,AFC,AFC West,https://a.espncdn.com/i/teamlogos/nfl/500/lv.png,31,31,16,31,4,32,20,28,24,32,16,27,20,26,16,0,0
2025,1,NO,00-0039376,Spencer Rattler,-0.5485025804964465,-0.019407812320249462,-0.567910392816696,00-0039376,Spencer Rattler,-3.3731728847344398,12,-3.9410832775511357,2.3176048435150305,-3.491752520416447,-0.12096832349389253,-0.029305898559569124,0.005247948178804229,-0.03714877886884075,0.0026924910719819074,-0.018396785788959924,0.009817706769827668,0.46621621621621623,0.4797297297297297,0.41156840934371525,0.4430379746835443,-0.05780094786516142,-0.0035913429160074994,0,New Orleans Saints,NFC,NFC South,https://a.espncdn.com/i/teamlogos/nfl/500/no.png,32,20,19,28,23,20,15,23,9,7,29,20,16,22,21,0,0
2025,2,BAL,00-0034796,Lamar Jackson,5.6916731235374005,-0.846775964316373,4.844897159221027,00-0034796,Lamar Jackson,2.4197706066473765,115,7.264667765868404,2.376318025984264,27.893496499607988,13.53679421373491,0.3944352549834025,0.25633001797552285,0.5300991749699442,0.3836357235170189,0.28299703499445755,-0.04602103268553037,0.6363636363636364,0.5833333333333334,0.5098039215686274,0.49382716049382713,-0.10059679387246862,0.008948549055136167,1,Baltimore Ravens,AFC,AFC North,https://a.espncdn.com/i/teamlogos/nfl/500/bal.png,1,2,24,1,32,1,30,1,27,2,21,3,28,3,25,2.759190932666182,0
2025,2,WAS,00-0039910,Jayden Daniels,5.518462780280665,1.4830162773278261,7.001479057608492,00-0039910,Jayden Daniels,-1.0068440388850115,23,5.99463501872348,2.376318025984264,14.653408488535225,-17.121414477506434,0.15531281464986865,-0.13828201577842847,0.09842442963471092,-0.12275870696424576,0.24502142178915584,-0.18485194222097667,0.5,0.3333333333333333,0.5223880597014925,0.36764705882352944,0.03714509080372639,0.07051775757880772,1,Washington Commanders,NFC,NFC East,https://a.espncdn.com/i/teamlogos/nfl/500/was.png,2,3,10,7,1,10,7,16,8,3,9,12,3,2,4,4.6120502896594875,5
2025,2,KC,00-0033873,Patrick Mahomes,1.7263255409602603,2.1639708367851385,3.8902963777453987,00-0033873,Patrick Mahomes,0.36691237826409134,147,4.25720875600949,2.376318025984264,13.799273599851624,10.410699439763574,0.1727549236928629,0.28234099350443836,0.20234668488546012,0.4380612356331639,0.05438787892247395,-0.07007850183951952,0.5,0.625,0.45,0.5645161290322581,0.10682510470939895,0.144112525928405,1,Kansas City Chiefs,AFC,AFC West,https://a.espncdn.com/i/teamlogos/nfl/500/kc.png,3,10,5,11,31,8,31,13,30,7,17,12,29,13,32,3.0385536592696227,7
2025,2,CIN,00-0036442,Joe Burrow,-0.8465042649875896,3.4781159364847003,2.6316116714971107,00-0036442,Joe Burrow,1.215427892931553,84,3.8470395644286635,2.376318025984264,-8.162357325188802,-6.377271778535257,-0.073227048300761155,-0.032038721373966024,-0.018643897853629847,-0.01745250620250967,-0.14204928147323106,-0.06565043459514804,0.4,0.4,0.4230769230769231,0.40789473684210525,-0.014435270084784582,0.05047712122139177,1,Cincinnati Bengals,AFC,AFC North,https://a.espncdn.com/i/teamlogos/nfl/500/cin.png,4,18,1,27,5,24,15,24,10,20,18,22,8,22,8,1.3323466873621586,2
2025,2,IND,00-0035710,Daniel Jones,6.982039161348506,-1.081092269405325,5.900946891943182,00-0035710,Daniel Jones,-2.2001721413678785,84,3.7007747505753033,2.376318025984264,14.480731668065276,-4.335042273629777,0.21166778998677016,-0.25682406793280127,0.3602587765104818,-0.43094011731610654,0.08212692994045753,0.38740531478542833,1,0.42857142857142855,0.5068493150684932,0.425531914893617,-0.04150338246397776,0.06465720709251321,1,Indianapolis Colts,AFC,AFC South,https://a.espncdn.com/i/teamlogos/nfl/500/ind.png,5,1,25,8,13,6,2,8,1,6,32,1,14,5,15,6.96235861213739,24
2025,2,JAX,00-0036971,Trevor Lawrence,2.5052758874646086,0.7131898326841717,3.2184657201487803,00-0036971,Trevor Lawrence,0.13167902660458916,80,3.3501447467533696,2.376318025984264,10.797307610848632,-5.974879947749302,0.10305338189328228,-0.17619815163559382,0.06841465110946772,-0.2149518637200657,0.14115598575547833,-0.0928776706539793,0.5555555555555556,0.5555555555555556,0.4603174603174603,0.36507936507936506,-0.0029649655260736985,0.004059178488595147,1,Jacksonville Jaguars,AFC,AFC South,https://a.espncdn.com/i/teamlogos/nfl/500/jax.png,6,5,13,14,8,14,4,17,4,4,15,6,23,11,2,4.800869021110943,19
2025,2,ARI,00-0035228,Kyler Murray,2.0662067649978186,0.6063497112611587,2.6725564762589773,00-0035228,Kyler Murray,0.640589966846597,87,3.313146443105574,2.376318025984264,4.956737874185769,-3.493639966344323,0.06177275407862245,-0.05713973525617179,0.1315303328874779,-0.014033913347450052,-0.05262967516790042,-0.157066867862754,0.5555555555555556,0.4,0.42424242424242425,0.4246575342465753,0.025347513457139332,-0.00479360720882677,1,Arizona Cardinals,NFC,NFC West,https://a.espncdn.com/i/teamlogos/nfl/500/ari.png,7,6,14,16,15,17,12,15,11,13,12,6,8,20,14,1.976377074665018,1
2025,2,GB,00-0036264,Jordan Love,1.2524596784535418,0.7414346453027427,1.9938943237562845,00-0036264,Jordan Love,1.0829263206286228,52,3.0768206443849073,2.376318025984264,12.609200942773443,-4.37892144963938,0.2265467151740336,-0.06279815250307634,0.47449356408070414,0.04534088711214291,-0.032180431511187796,-0.27907623173351487,0.5555555555555556,0.5,0.44680851063829785,0.42424242424242425,-0.004719235002994537,-0.04276306836894064,1,Green Bay Packers,NFC,NFC North,https://a.espncdn.com/i/teamlogos/nfl/500/gb.png,8,13,12,13,12,4,11,2,15,11,5,6,15,14,12,0.24728401950705203,-3
2025,2,PHI,00-0036389,Jalen Hurts,2.68482395276129,-1.2676935719368707,1.4171303808244193,00-0036389,Jalen Hurts,1.5144806296909914,93,2.931611010515411,2.376318025984264,26.295446062701625,6.023149921682736,0.1604501459603092,0.10413215935678383,0.24953471791788906,0.13385753872484837,0.04738126616799631,0.04892788338752109,0.5,0.5,0.5084745762711864,0.4666666666666667,-0.006301498387829729,0.030319219579299297,1,Philadelphia Eagles,NFC,NFC East,https://a.espncdn.com/i/teamlogos/nfl/500/phi.png,9,4,27,2,25,9,20,12,19,9,25,12,15,4,23,-0.48185889582049146,-5
2025,2,TB,00-0034855,Baker Mayfield,2.063211045232234,0.5962281165198804,2.6594391617521143,00-0034855,Baker Mayfield,0.018318770119968974,125,2.677757931872083,2.376318025984264,14.28576696456993,2.4314866951536054,0.13958227944671348,0.07518009501504731,0.2989423833589029,0.3540741427802009,-0.17913792837766537,-0.517469756485904,0.5555555555555556,0.5,0.38596491228070173,0.4533333333333333,0.04313025205281743,-0.012413165370623272,1,Tampa Bay Buccaneers,NFC,NFC South,https://a.espncdn.com/i/teamlogos/nfl/500/tb.png,10,7,15,9,19,11,17,11,24,23,1,6,15,28,21,1.38287331001758,-1
2025,2,LAC,00-0036355,Justin Herbert,1.5626563740358281,-0.020535703249444648,1.5421206707863835,00-0036355,Justin Herbert,0.39690508757341947,98,1.939025758359803,2.376318025984264,20.22890543489134,7.183491839217655,0.28234099350443836,0.1727549236928629,0.4380612356331639,0.20234668488546015,-0.07007850183951952,0.05438787892247395,0.625,0.5,0.5645161290322581,0.45,0.144112525928405,0.10682510470939896,1,Los Angeles Chargers,AFC,AFC West,https://a.espncdn.com/i/teamlogos/nfl/500/lac.png,11,11,21,5,27,2,25,3,20,16,26,4,15,1,20,1.4066862932464277,3
2025,2,DAL,00-0033077,Dak Prescott,-1.7043430502659593,0.4236706715338614,-1.280672378732098,00-0033077,Dak Prescott,2.083947988458339,145,0.803275609726241,2.376318025984264,20.656635781780672,8.174119024727728,0.10413215935678384,0.1604501459603092,0.1338575387248484,0.24953471791788906,0.04892788338752109,0.04738126616799631,0.5,0.5,0.4666666666666667,0.5084745762711864,0.03031921957929929,-0.006301498387829729,1,Dallas Cowboys,NFC,NFC East,https://a.espncdn.com/i/teamlogos/nfl/500/dal.png,12,24,18,4,28,13,24,14,21,8,24,12,15,10,29,0.04466582783154771,0
2025,2,LA,00-0026498,Matthew Stafford,-2.3743742733691686,3.204097891624082,0.8297236182549135,00-0026498,Matthew Stafford,-0.2683451743014676,173,0.5613784439534459,2.376318025984264,-1.7927866296104114,-5.946312925194013,-0.07169474901908462,-0.14470683752276203,0.0166697338110466,-0.13230134900950027,-0.19687776636177054,-0.16356318006291987,0.3333333333333333,0.3333333333333333,0.41379310344827586,0.36507936507936506,0.011847865093370963,-0.06619268135418968,1,Los Angeles Rams,NFC,NFC West,https://a.espncdn.com/i/teamlogos/nfl/500/lar.png,13,26,2,19,9,23,6,20,6,25,11,28,3,23,2,0.8886833846022647,4
2025,2,SF,00-0036972,Mac Jones,1.7334827335286218,0.8453212070248186,2.57880394055344,00-0037834,Brock Purdy,-2.702115936193187,58,-0.12331199563974682,2.376318025984264,-0.8547230917280721,-6.2852380428452745,0.1253000549055776,-0.17817364185770965,0.41083410189826897,-0.22484075457804262,-0.24946338177232974,-0.12963984462856343,0.6666666666666666,0.3,0.5,0.49019607843137253,-0.03382242148792421,-0.14459499570668913,1,San Francisco 49ers,NFC,NFC West,https://a.espncdn.com/i/teamlogos/nfl/500/sf.png,14,9,11,17,6,12,3,4,3,27,14,2,1,6,24,0.9639193317183439,9
2025,2,CHI,00-0039918,Caleb Williams,-1.2464297612672852,1.6493782565514472,0.402948495284162,00-0039918,Caleb Williams,-0.6724888416777876,36,-0.26954034639362556,2.376318025984264,-4.458194116064833,-3.0197846347697244,-0.0533872523609045,-0.08260621605879123,0.012917689037267808,-0.1317065480258613,-0.19862664780452005,-0.02595198686601809,0.4166666666666667,0.38461538461538464,0.3880597014925373,0.42857142857142855,0.008217142366651279,-0.04180310511926434,1,Chicago Bears,NFC,NFC North,https://a.espncdn.com/i/teamlogos/nfl/500/chi.png,15,21,7,22,16,20,8,21,7,26,23,20,7,27,17,2.2423631422321413,12
2025,2,DEN,00-0039732,Bo Nix,-1.311268880733007,0.4698603248785831,-0.841408555854424,00-0039732,Bo Nix,0.35931931609630874,36,-0.48208923975811524,2.376318025984264,-9.724769805743515,-15.969977432717364,-0.14638531381100614,-0.4294903874828413,-0.17951411103562795,-0.42511682849950083,-0.0852244573963197,-0.43698791716856755,0.4166666666666667,0.3076923076923077,0.3918918918918919,0.22807017543859648,0.06977612087251367,-0.016695155647763034,1,Denver Broncos,AFC,AFC West,https://a.espncdn.com/i/teamlogos/nfl/500/den.png,16,22,17,31,2,28,1,28,2,17,2,20,2,26,1,-1.6638537634512787,-5
2025,2,HOU,00-0039163,C.J. Stroud,-2.4580985772056763,1.6042656259850183,-0.8538329512206579,00-0039163,C.J. Stroud,0.31747919922353246,51,-0.5363537519971255,2.376318025984264,-1.9114031220099652,-10.888740623249154,-0.144706837522762,-0.07169474901908462,-0.13230134900950027,0.0166697338110466,-0.16356318006291987,-0.19687776636177054,0.3333333333333333,0.3333333333333333,0.36507936507936506,0.41379310344827586,-0.06619268135418968,0.011847865093370963,1,Houston Texans,AFC,AFC South,https://a.espncdn.com/i/teamlogos/nfl/500/hou.png,17,28,8,20,3,27,10,27,13,22,8,28,3,30,10,-0.9508004485238581,-2
2025,2,BUF,00-0034857,Josh Allen,1.9979088718129197,-4.541268947042202,-2.543360075229282,00-0034857,Josh Allen,1.9218786056182062,139,-0.621481469611076,2.376318025984264,21.645013451006008,9.478297382064893,0.25633001797552285,0.3944352549834025,0.3836357235170189,0.5300991749699442,-0.04602103268553037,0.28299703499445755,0.5833333333333334,0.6363636363636364,0.49382716049382713,0.5098039215686274,0.00894854905513616,-0.10059679387246862,1,Buffalo Bills,AFC,AFC East,https://a.espncdn.com/i/teamlogos/nfl/500/buf.png,18,8,30,3,30,3,32,6,32,12,31,5,30,8,30,-5.006067627834131,-16
2025,2,MIN,00-0039923,J.J. McCarthy,-0.678345521240165,1.6535534003495975,0.9752078791094325,00-0039923,J.J. McCarthy,-1.600055445146901,10,-0.6248475660374684,2.376318025984264,-7.1117644818302495,-4.951266406076355,-0.08260621605879123,-0.05338725236090451,-0.1317065480258613,0.012917689037267822,-0.02595198686601809,-0.19862664780452005,0.38461538461538464,0.4166666666666667,0.42857142857142855,0.3880597014925373,-0.04180310511926435,0.008217142366651276,1,Minnesota Vikings,NFC,NFC North,https://a.espncdn.com/i/teamlogos/nfl/500/min.png,19,15,6,25,10,25,13,26,12,10,7,26,12,16,6,0.3499352019444477,3
2025,2,NYJ,00-0036945,Justin Fields,-0.9353310710021123,-0.661439621972066,-1.5967706929741783,00-0036945,Justin Fields,0.6372369287337408,51,-0.9595337642404375,2.376318025984264,18.512019986516837,3.1683977776987695,0.21197511287386875,0.20030470104003245,0.3997905624436054,0.33871460288911676,0.08346980527352266,-0.06194563930560099,0.5,0.4,0.5,0.43636363636363634,-0.1879901011143961,-0.008821097829125144,1,New York Jets,AFC,AFC East,https://a.espncdn.com/i/teamlogos/nfl/500/nyj.png,20,19,22,6,21,5,26,5,23,5,19,12,8,6,18,-0.22543790718219092,0
2025,2,CLE,00-0026158,Joe Flacco,-2.3920416842843912,0.20527600310900462,-2.1867656811753866,00-0026158,Joe Flacco,1.1937011378897868,95,-0.9930645432855998,2.376318025984264,-8.089242549465386,-9.045388749833391,-0.032038721373965996,-0.073227048300761155,-0.017452506202509644,-0.018643897853629847,-0.06565043459514804,-0.14204928147323106,0.4,0.4,0.40789473684210525,0.4230769230769231,0.05047712122139178,-0.014435270084784582,1,Cleveland Browns,AFC,AFC North,https://a.espncdn.com/i/teamlogos/nfl/500/cle.png,21,27,19,26,4,18,9,23,9,15,13,22,8,25,11,0.1166010424037831,3
2025,2,LV,00-0030565,Geno Smith,-2.1880241121759147,2.3451892170692794,0.15716510489336466,00-0030565,Geno Smith,-1.6323924765962559,70,-1.4752273717028912,2.376318025984264,9.042312084588227,-4.731505956132107,0.10072809087561575,-0.0457747167603729,0.3780759793938614,0.044126792039791224,-0.3574988553719205,-0.3313442153020707,0.5454545454545454,0.36363636363636365,0.4262295081967213,0.4084507042253521,0.07929014267980075,0.08512472350832442,1,Las Vegas Raiders,AFC,AFC West,https://a.espncdn.com/i/teamlogos/nfl/500/lv.png,22,25,4,15,11,15,14,7,14,30,4,11,6,17,9,2.2341566571809333,9
2025,2,CAR,00-0039150,Bryce Young,-0.4180983051814004,0.06683182343740057,-0.3512664817439998,00-0039150,Bryce Young,-1.2858452124444744,42,-1.6371116941884742,2.376318025984264,-1.3781416590850561,4.0455712118680784,-0.1761981516355938,0.10305338189328228,-0.2149518637200657,0.06841465110946775,-0.0928776706539793,0.14115598575547833,0.5555555555555556,0.5555555555555556,0.36507936507936506,0.4603174603174603,0.004059178488595147,-0.0029649655260736985,1,Carolina Panthers,NFC,NFC South,https://a.espncdn.com/i/teamlogos/nfl/500/car.png,23,14,20,18,23,29,19,29,16,18,29,6,23,30,22,1.1155022647689417,5
2025,2,NE,00-0039851,Drake Maye,-3.4986772356707423,1.552658844862723,-1.9460183908080193,00-0039851,Drake Maye,-0.2290545468603123,32,-2.1750729376683315,2.376318025984264,-5.148322114944715,-0.011684523867382168,-0.045774716760372904,0.1007280908756158,0.04412679203979125,0.3780759793938614,-0.33134421530207064,-0.3574988553719205,0.36363636363636365,0.5454545454545454,0.4084507042253521,0.4262295081967213,0.08512472350832442,0.07929014267980075,1,New England Patriots,AFC,AFC East,https://a.espncdn.com/i/teamlogos/nfl/500/ne.png,24,30,9,24,17,19,18,19,26,29,3,27,22,24,16,-0.263784513473037,2
2025,2,DET,00-0033106,Jared Goff,1.3985982255424532,-5.790845249689179,-4.392247024146726,00-0033106,Jared Goff,1.6296132676330441,160,-2.7626337565136816,2.376318025984264,-4.69542339356995,3.2106823022246527,-0.06279815250307634,0.2265467151740336,0.04534088711214291,0.47449356408070414,-0.27907623173351487,-0.03218043151118776,0.5,0.5555555555555556,0.42424242424242425,0.44680851063829785,-0.04276306836894064,-0.004719235002994537,1,Detroit Lions,NFC,NFC North,https://a.espncdn.com/i/teamlogos/nfl/500/det.png,25,12,32,23,22,22,29,18,31,28,22,12,23,20,19,-6.5040923241143584,-22
2025,2,ATL,00-0039917,Michael Penix,-1.008217615423652,-1.1033442760226904,-2.1115618914463425,00-0039917,Michael Penix,-0.6550776155425861,12,-2.7666395069889287,2.376318025984264,12.763377496036984,5.068492108532319,0.07518009501504731,0.13958227944671348,0.3540741427802009,0.29894238335890294,-0.517469756485904,-0.17913792837766537,0.5,0.5555555555555556,0.4533333333333333,0.38596491228070173,-0.012413165370623258,0.043130252052817425,1,Atlanta Falcons,NFC,NFC South,https://a.espncdn.com/i/teamlogos/nfl/500/atl.png,26,20,26,12,24,16,22,9,22,32,10,12,23,12,5,-2.3346678659953213,-8
2025,2,PIT,00-0023459,Aaron Rodgers,-0.760857609879688,-3.0845886288670186,-3.8454462387467068,00-0023459,Aaron Rodgers,0.7806657440553894,164,-3.0647804946913175,2.376318025984264,14.23933954710689,0.5780238354383527,0.20030470104003245,0.21197511287386872,0.33871460288911676,0.3997905624436054,-0.06194563930560099,0.08346980527352266,0.4,0.5,0.43636363636363634,0.5,-0.008821097829125144,-0.18799010111439612,1,Pittsburgh Steelers,AFC,AFC North,https://a.espncdn.com/i/teamlogos/nfl/500/pit.png,27,17,29,10,18,7,28,10,28,14,28,22,15,15,26,-3.6770010053546365,-14
2025,2,TEN,00-0040676,Cam Ward,-6.390702129970641,2.8937159920794495,-3.496986137891191,00-0040676,Cam Ward,-0.2290545468603123,17,-3.7260406847515033,2.376318025984264,-15.541144255062102,-6.2847358592224305,-0.4294903874828413,-0.14638531381100614,-0.42511682849950083,-0.17951411103562795,-0.4369879171685676,-0.0852244573963197,0.3076923076923077,0.4166666666666667,0.22807017543859648,0.3918918918918919,-0.016695155647763034,0.06977612087251367,1,Tennessee Titans,AFC,AFC South,https://a.espncdn.com/i/teamlogos/nfl/500/ten.png,28,32,3,32,7,32,5,31,5,31,16,31,12,32,7,-0.37985444714939476,2
2025,2,SEA,00-0034869,Sam Darnold,-2.970839234006195,-0.7286470668095775,-3.6994863008157726,00-0034869,Sam Darnold,-0.7765020803782052,95,-4.475988381193978,2.376318025984264,-8.922745039198166,2.9902689846718697,-0.17817364185770965,0.1253000549055776,-0.22484075457804262,0.41083410189826897,-0.12963984462856343,-0.24946338177232974,0.3,0.6666666666666666,0.49019607843137253,0.5,-0.14459499570668913,-0.03382242148792421,1,Seattle Seahawks,NFC,NFC West,https://a.espncdn.com/i/teamlogos/nfl/500/sea.png,29,29,23,29,20,30,21,30,29,19,6,32,31,9,26,-3.612901413552993,-8
2025,2,NO,00-0039376,Spencer Rattler,-1.4927864364874464,0.5092994483483211,-0.9834869881391253,00-0039376,Spencer Rattler,-3.8555210550392474,12,-4.839008043178373,2.376318025984264,-2.562939574668013,-4.296786391388375,-0.05713973525617179,0.061772754078622476,-0.014033913347450052,0.1315303328874779,-0.157066867862754,-0.05262967516790042,0.4,0.5555555555555556,0.4246575342465753,0.42424242424242425,-0.004793607208826767,0.02534751345713933,1,New Orleans Saints,NFC,NFC South,https://a.espncdn.com/i/teamlogos/nfl/500/no.png,30,23,16,21,14,21,16,22,18,21,20,22,23,19,12,-0.8979247656272369,2
2025,2,MIA,00-0036212,Tua Tagovailoa,-0.7064409734971062,-5.366410677736484,-6.07285165123359,00-0036212,Tua Tagovailoa,0.6557544617021203,77,-5.41709718953147,2.376318025984264,-8.543042654901177,8.507037881480043,-0.25682406793280127,0.2116677899867702,-0.43094011731610654,0.3602587765104818,0.38740531478542833,0.08212692994045753,0.42857142857142855,1,0.425531914893617,0.5068493150684932,0.06465720709251321,-0.041503382463977764,1,Miami Dolphins,AFC,AFC East,https://a.espncdn.com/i/teamlogos/nfl/500/mia.png,31,16,31,28,29,31,27,32,25,1,27,19,32,18,28,-5.482111612060123,-15
2025,2,NYG,00-0029263,Russell Wilson,-3.801743403308008,-2.7127820861719782,-6.514525489479986,00-0029263,Russell Wilson,0.6028403040762936,163,-5.911685185403693,2.376318025984264,-9.362985496500954,6.472499470278495,-0.13828201577842847,0.15531281464986865,-0.12275870696424573,0.09842442963471092,-0.18485194222097667,0.24502142178915584,0.3333333333333333,0.5,0.36764705882352944,0.5223880597014925,0.07051775757880772,0.0371450908037264,1,New York Giants,NFC,NFC East,https://a.espncdn.com/i/teamlogos/nfl/500/nyg.png,32,31,28,30,26,26,23,25,17,24,30,28,15,29,31,-5.179004036863557,-13
2025,3,BAL,00-0034796,Lamar Jackson,4.436147911613235,0.13376291557679476,4.5699108271900295,00-0034796,Lamar Jackson,2.4558851742141465,115,7.025796001404176,2.3329274885701112,18.490017165039255,2.1469812166703557,0.24360695242358846,0.006588730635309357,0.3710055418247501,-0.00845775987740564,0.07657324631984322,0.04303467432166346,0.5909090909090909,0.4583333333333333,0.4519230769230769,0.43506493506493504,0.0016876604453506545,0.002730467057422796,2,Baltimore Ravens,AFC,AFC North,https://a.espncdn.com/i/teamlogos/nfl/500/bal.png,1,1,17,3,24,1,15,2,10,7,24,4,13,13,16,-0.23887176446422753,0
2025,3,DET,00-0033106,Jared Goff,3.5889194985792843,0.7709567716699217,4.359876270249206,00-0033106,Jared Goff,1.7621683594671054,160,6.122044629716312,2.3329274885701112,5.742829423785603,-5.37797436331036,0.15683405878815604,-0.009373784749831523,0.34558916578231036,0.15798574809215604,-0.11704590037983258,-0.2515109812020688,0.65,0.42857142857142855,0.48,0.391304347826087,-0.06089492336979387,-0.007384091560893199,2,Detroit Lions,NFC,NFC North,https://a.espncdn.com/i/teamlogos/nfl/500/det.png,2,2,9,14,5,5,12,3,20,22,3,2,6,5,4,8.884678386229993,23
2025,3,ARI,00-0035228,Kyler Murray,1.9351136919100813,1.550684724473206,3.4857984163832874,00-0035228,Kyler Murray,0.868906796367734,87,4.354705212751021,2.3329274885701112,4.618003995871378,0.8078722779792502,0.07264613295843275,-0.006873549705522416,0.18609078111070154,0.05700363290139513,-0.1164282806286819,-0.18759923708119158,0.625,0.47368421052631576,0.425,0.45222929936305734,0.00865427094201247,0.00900777399227459,2,Arizona Cardinals,NFC,NFC West,https://a.espncdn.com/i/teamlogos/nfl/500/ari.png,3,5,3,18,19,14,13,10,14,21,10,3,15,23,21,1.0415587696454471,4
2025,3,PHI,00-0036389,Jalen Hurts,1.9279935468109037,0.8769818399688762,2.80497538677978,00-0036389,Jalen Hurts,1.3044757020684659,93,4.109451088848246,2.3329274885701112,14.989230824321425,5.337611712944261,0.08873043601700575,-0.0014309209334653443,0.04204738007722112,0.07209942562993928,0.1362183722316143,-0.14849161406027458,0.3888888888888889,0.5294117647058824,0.4700854700854701,0.43333333333333335,-0.061033804271716355,0.036500819896658265,2,Philadelphia Eagles,NFC,NFC East,https://a.espncdn.com/i/teamlogos/nfl/500/phi.png,4,6,8,4,28,13,14,19,17,2,11,27,25,9,15,1.177840078332835,5
2025,3,BUF,00-0034857,Josh Allen,2.3354494691265955,-1.0829983911169885,1.252451078009607,00-0034857,Josh Allen,1.8291760528764947,139,3.0816271308861016,2.3329274885701112,19.500772343759742,-0.9408547342646223,0.24157687246548554,0.06363168941518461,0.34498880035144586,0.06139799255005617,0.08730661938970868,0.06637304465875132,0.5909090909090909,0.42857142857142855,0.48026315789473684,0.42857142857142855,-0.03761952939490715,-0.09930252081927878,2,Buffalo Bills,AFC,AFC East,https://a.espncdn.com/i/teamlogos/nfl/500/buf.png,5,4,28,2,15,2,21,4,15,6,26,4,6,4,12,3.7031086004971776,13
2025,3,GB,00-0036264,Jordan Love,1.4980736950212978,0.5876511177484449,2.085724812769743,00-0036264,Jordan Love,0.9936104327378608,52,3.079335245507604,2.3329274885701112,11.118153989669294,-6.87650265570939,0.16018349774710405,-0.08280663637286201,0.3320851917582435,-0.04148919253080833,-0.041470412535194186,-0.19967597752609956,0.55,0.42105263157894735,0.4778761061946903,0.40298507462686567,-0.002500382760031658,0.0039056467321165987,2,Green Bay Packers,NFC,NFC North,https://a.espncdn.com/i/teamlogos/nfl/500/gb.png,6,8,13,8,2,4,6,6,7,14,7,10,5,6,7,0.002514601122696636,2
2025,3,JAX,00-0036971,Trevor Lawrence,1.5643070668297667,0.6381653088281727,2.2024723756579396,00-0036971,Trevor Lawrence,0.2858095498382779,80,2.4882819254962176,2.3329274885701112,12.354717150466216,-0.7076166948759397,0.09696956533976461,-0.07482314875203919,0.07989808238223374,-0.0894540883562572,0.12074770231632548,-0.0386308244679209,0.5714285714285714,0.55,0.47761194029850745,0.4015151515151515,0.027442305204940544,0.027829528518221642,2,Jacksonville Jaguars,AFC,AFC South,https://a.espncdn.com/i/teamlogos/nfl/500/jax.png,7,7,11,7,16,12,7,16,6,3,18,8,26,7,6,-0.861862821257152,-1
2025,3,ATL,00-0039917,Michael Penix,1.3240390714826313,1.64907539132659,2.9731144628092214,00-0039917,Michael Penix,-0.6065124633495207,12,2.366601999459701,2.3329274885701112,7.364987587970341,-3.299934282063083,0.024344323722074384,-0.13057161546732324,0.11729918912520051,-0.10037630476778714,-0.089267178437302,-0.1876072023442248,0.55,0.3684210526315789,0.45,0.3942307692307692,-0.06949839260811225,0.025868915545657838,2,Atlanta Falcons,NFC,NFC South,https://a.espncdn.com/i/teamlogos/nfl/500/atl.png,8,10,2,12,11,18,1,14,5,17,9,10,1,16,5,5.13324150644863,18
2025,3,LAC,00-0036355,Justin Herbert,0.5361443362254257,1.1548088250598414,1.690953161285267,00-0036355,Justin Herbert,0.24552665153473363,98,1.9364798128200007,2.3329274885701112,13.850534001729253,-5.7359741563064635,0.1292737540772454,-0.10655577304293053,0.4068858676139104,-0.11013701725190994,-0.37307197517957696,-0.09408316390131247,0.5789473684210527,0.4444444444444444,0.5,0.38461538461538464,0.13721934569010313,0.08213233167156758,2,Los Angeles Chargers,AFC,AFC West,https://a.espncdn.com/i/teamlogos/nfl/500/lac.png,9,16,4,6,3,9,4,1,3,32,15,6,9,1,3,-0.0025459455398022524,2
2025,3,LA,00-0026498,Matthew Stafford,0.977708848710896,1.0570113488778285,2.0347201975887246,00-0026498,Matthew Stafford,-0.1505101963809743,173,1.8842100012077503,2.3329274885701112,8.736616498338474,-4.973447257350432,0.1398297757864823,-0.129979847079724,0.1613032784127186,-0.14777733472651491,0.10784796336442827,-0.09994658667576432,0.5,0.4,0.46153846153846156,0.3798449612403101,0.05339577784821661,-0.06338384634080044,2,Los Angeles Rams,NFC,NFC West,https://a.espncdn.com/i/teamlogos/nfl/500/lar.png,10,14,7,11,8,8,2,12,1,5,13,16,4,11,2,1.3228315572543043,3
2025,3,TB,00-0034855,Baker Mayfield,1.3946934639283932,0.26769992056413106,1.6623933844925243,00-0034855,Baker Mayfield,-0.022875581747904036,125,1.6395178027446202,2.3329274885701112,9.515463598772529,0.3209263084955117,0.1468987838913233,0.01376385602949354,0.18766322729333124,0.1917855696303524,0.06883921141939317,-0.3556311996922886,0.47368421052631576,0.5263157894736842,0.4744525547445255,0.43089430894308944,0.03878829725601264,0.015328544560053671,2,Tampa Bay Buccaneers,NFC,NFC South,https://a.espncdn.com/i/teamlogos/nfl/500/tb.png,11,9,16,9,18,6,18,9,26,8,2,20,23,8,13,-1.038240129127463,-1
2025,3,CIN,00-0035100,Jake Browning,1.0104547290221464,1.1184290775363483,2.1288838065584947,00-0036442,Joe Burrow,-1.139620191847,10,0.9892636147114948,2.3329274885701112,-1.2946756374503057,-0.47806968751336054,-0.02135519499063092,0.027664053549865692,0.0036696599589922663,0.031116164392538614,-0.07018418025818834,0.020759831864519844,0.47619047619047616,0.5,0.4297520661157025,0.4489795918367347,0.018582304231531777,0.054163348578673276,2,Cincinnati Bengals,AFC,AFC North,https://a.espncdn.com/i/teamlogos/nfl/500/cin.png,12,13,5,24,17,22,19,21,13,15,22,18,17,21,19,-2.8577759497171686,-8
2025,3,KC,00-0033873,Patrick Mahomes,0.8947960604328415,-0.16883475046113272,0.7259613099717088,00-0033873,Patrick Mahomes,0.19662195482986056,147,0.9225832648015694,2.3329274885701112,9.038703628818888,3.257575671066344,0.0328804612345742,0.1535003666633884,0.11528259454638363,0.18960554877524283,-0.203693405370298,0.10465217910029126,0.5294117647058824,0.4444444444444444,0.425,0.5,0.07475376246170809,0.014173207886401015,2,Kansas City Chiefs,AFC,AFC West,https://a.espncdn.com/i/teamlogos/nfl/500/kc.png,13,15,20,10,25,16,27,15,25,28,30,13,9,23,31,-3.3346254912079205,-10
2025,3,WAS,00-0032268,Marcus Mariota,1.0673546513911716,-0.29354528584070305,0.7738093655504685,00-0039910,Jayden Daniels,0.11673613723682992,88,0.8905455027872985,2.3329274885701112,2.937037503383868,-7.8429561290626975,0.025589239798375768,-0.014553264482760874,-0.021531536233970472,0.029643830728857064,0.14157884233953574,-0.09910422923542135,0.42857142857142855,0.45,0.45185185185185184,0.43283582089552236,0.043859726318450115,0.03511811353086947,2,Washington Commanders,NFC,NFC East,https://a.espncdn.com/i/teamlogos/nfl/500/was.png,14,12,22,20,1,17,10,24,12,1,14,23,11,15,14,-5.104089515936182,-12
2025,3,IND,00-0035710,Daniel Jones,3.1992872731879465,-0.027367745333421123,3.1719195278545254,00-0035710,Daniel Jones,-2.3155482201521576,84,0.8563713077023678,2.3329274885701112,13.860312540979187,1.5005948466919374,0.1725061643183669,0.01337609529876211,0.3321686419582597,-0.013920383710393641,0.0037201165276231026,0.07375921553113696,0.7647058823529411,0.5625,0.4930555555555556,0.46226415094339623,-0.04293811345408603,0.056243308434810554,2,Indianapolis Colts,AFC,AFC South,https://a.espncdn.com/i/teamlogos/nfl/500/ind.png,15,3,19,5,23,3,16,5,9,11,27,1,28,3,25,-2.8444034428729355,-10
2025,3,DAL,00-0033077,Dak Prescott,-0.9863406817206575,-0.8217752770327049,-1.8081159587533624,00-0033077,Dak Prescott,2.2981218934046592,145,0.4900059346512968,2.3329274885701112,19.659415518482213,8.60516778555007,0.14078412934964307,0.19453575963335104,0.18092956918321612,0.3486643758104292,0.05631143303316644,-0.0645314888345038,0.45454545454545453,0.6,0.4697986577181208,0.48412698412698413,0.003959126026833548,0.031915255593003546,2,Dallas Cowboys,NFC,NFC East,https://a.espncdn.com/i/teamlogos/nfl/500/dal.png,16,20,27,1,32,7,30,11,31,9,17,21,30,10,27,-0.3132696750749442,-4
2025,3,DEN,00-0039732,Bo Nix,0.20280263966684683,-0.5853210492821406,-0.3825184096152937,00-0039732,Bo Nix,0.40488595671904054,36,0.022367547103746832,2.3329274885701112,4.630109003259034,-5.191306548289015,0.01997055693606007,-0.11790478979461987,0.07514189285865555,-0.039112167400357833,-0.0746088760741036,-0.23306323790931052,0.5238095238095238,0.43478260869565216,0.43609022556390975,0.3671875,0.058802765324810775,-0.03053400004597867,2,Denver Broncos,AFC,AFC West,https://a.espncdn.com/i/teamlogos/nfl/500/den.png,17,17,24,17,7,19,3,17,8,16,5,14,8,18,1,0.5044567868618621,-1
2025,3,LV,00-0030565,Geno Smith,-1.6098103106290365,2.7964077860491363,1.1865974754200999,00-0030565,Geno Smith,-1.5355376349881138,70,-0.34894015956801394,2.3329274885701112,-5.203779363608578,-5.50580329097226,-0.13796284254763497,-0.04331372839485588,-0.07109442197778307,0.16631654685723984,-0.29008849934404807,-0.4992595770681641,0.47619047619047616,0.45454545454545453,0.37404580152671757,0.41732283464566927,0.06836485065676848,0.10772544448006283,2,Las Vegas Raiders,AFC,AFC West,https://a.espncdn.com/i/teamlogos/nfl/500/lv.png,18,25,1,28,4,29,9,27,24,30,1,18,12,30,10,1.1262872121348773,4
2025,3,NYG,00-0029263,Russell Wilson,-0.5858762867295539,-0.7581207567435566,-1.3439970434731106,00-0029263,Russell Wilson,0.7244519608404821,163,-0.6195450826326284,2.3329274885701112,4.677501933110351,6.365980622682922,0.04179088910526553,0.16112092495660887,0.13452727775831994,0.16591110769183387,-0.19493094508805753,0.15181170190513393,0.5238095238095238,0.4583333333333333,0.4148148148148148,0.4935897435897436,0.07032488357632227,0.007372061639047099,2,New York Giants,NFC,NFC East,https://a.espncdn.com/i/teamlogos/nfl/500/nyg.png,19,19,26,16,31,15,28,13,23,26,31,14,13,26,30,5.292140102771064,13
2025,3,HOU,00-0039163,C.J. Stroud,-2.0413879424557795,1.0787334761356053,-0.9626544663201742,00-0039163,C.J. Stroud,0.30489887145076056,51,-0.6577555948694136,2.3329274885701112,1.4547148335560554,-3.657085285443899,-0.1176764288147284,0.05804817406914285,-0.1023861466404572,0.0708912888178731,-0.14378178862445964,0.03680763813855055,0.4444444444444444,0.3684210526315789,0.3783783783783784,0.4855072463768116,-0.011561213431729535,0.02314710377628941,2,Houston Texans,AFC,AFC South,https://a.espncdn.com/i/teamlogos/nfl/500/hou.png,20,26,6,21,10,28,20,28,16,23,23,22,1,29,28,-0.12140184287228806,-3
2025,3,NE,00-0039851,Drake Maye,-1.1810681348476912,0.6559329414896586,-0.5251351933580326,00-0039851,Drake Maye,-0.3849828162613967,32,-0.9101180096194292,2.3329274885701112,7.157764296400809,0.9769373783861455,0.10315645988940265,0.0993280746960768,0.25182194015053266,0.2630176829193455,-0.2012538092167205,-0.24528162682659427,0.5,0.5789473684210527,0.4453125,0.4491525423728814,0.03566008761067925,0.04204636850030833,2,New England Patriots,AFC,AFC East,https://a.espncdn.com/i/teamlogos/nfl/500/ne.png,21,22,10,13,21,11,25,8,28,27,4,16,29,17,20,1.2649549280489023,3
2025,3,SEA,00-0034869,Sam Darnold,-1.0642951871274298,0.6237086922755712,-0.4405864948518585,00-0034869,Sam Darnold,-0.6781237679777365,95,-1.118710262829595,2.3329274885701112,-4.955173672976424,-2.9430906922948132,-0.04339879226198309,-0.010573879918624574,-0.05954199827101301,0.11418778995539533,-0.02486400017754137,-0.21211196202281057,0.42857142857142855,0.5238095238095238,0.45689655172413796,0.4264705882352941,-0.07663678521175235,-0.011089125044865053,2,Seattle Seahawks,NFC,NFC West,https://a.espncdn.com/i/teamlogos/nfl/500/sea.png,22,21,12,27,13,23,11,26,18,12,6,23,21,12,11,3.3572781183643827,7
2025,3,SF,00-0036972,Mac Jones,1.1362852541708648,-0.002756205726204275,1.1335290484446605,00-0036972,Mac Jones,-2.632828251116374,58,-1.4992992026717133,2.3329274885701112,3.9419553455554075,-5.324629905432127,0.10877149581882442,-0.1046498943208767,0.3013267716564603,-0.10781934944807552,-0.1923149354909335,-0.10038332011118599,0.5789473684210527,0.38095238095238093,0.49645390070921985,0.45901639344262296,6.306722967578497e-4,-0.11231824840030365,2,San Francisco 49ers,NFC,NFC West,https://a.espncdn.com/i/teamlogos/nfl/500/sf.png,23,11,18,19,6,10,5,7,4,25,12,6,3,2,24,-1.3759872070319665,-9
2025,3,PIT,00-0023459,Aaron Rodgers,-1.423450787180425,-0.6549280645229638,-2.0783788517033885,00-0023459,Aaron Rodgers,0.5313273591790904,164,-1.5470514925242982,2.3329274885701112,0.7799788613106218,1.1314114313021788,0.002619716455180331,0.13658141904093607,0.05808292026325789,0.20240016693161358,-0.10830669116097479,0.07567451800777186,0.4090909090909091,0.5238095238095238,0.38461538461538464,0.46511627906976744,0.001411536784534484,-0.09833433791560586,2,Pittsburgh Steelers,AFC,AFC North,https://a.espncdn.com/i/teamlogos/nfl/500/pit.png,24,23,25,22,22,20,26,18,27,19,28,26,21,28,26,1.5177290021670193,3
2025,3,CLE,00-0026158,Joe Flacco,-3.367962995521271,-0.2630802210883152,-3.6310432166095863,00-0026158,Joe Flacco,1.2347684705621134,95,-2.3962747460474727,2.3329274885701112,-13.368099723598421,-2.3744879629374225,-0.1488792601516854,0.013439224154858015,-0.22584871329371717,0.14086727547071187,0.03479784393725409,-0.19363135923340452,0.36363636363636365,0.47619047619047616,0.38926174496644295,0.4095238095238095,0.0234947531405506,0.04476842233919267,2,Cleveland Browns,AFC,AFC North,https://a.espncdn.com/i/teamlogos/nfl/500/cle.png,25,30,21,31,14,30,17,30,19,10,8,30,16,27,8,-1.403210202761873,-4
2025,3,TEN,00-0040676,Cam Ward,-2.880689021562748,0.3675310498053439,-2.513157971757404,00-0040676,Cam Ward,-0.3849828162613967,17,-2.8981407880188006,2.3329274885701112,-8.575367829877571,0.9222758392770354,-0.26123432191766127,0.07282606006098412,-0.28160403387935096,0.02509263344767351,-0.2246614299864457,0.15465479139808794,0.375,0.5217391304347826,0.3170731707317073,0.44360902255639095,-0.03863508348758711,0.08235990573778798,2,Tennessee Titans,AFC,AFC South,https://a.espncdn.com/i/teamlogos/nfl/500/ten.png,26,28,14,30,20,32,22,31,11,29,32,28,20,32,17,0.8278998967327027,2
2025,3,MIN,00-0032950,Carson Wentz,-3.2942913986935625,-0.5692229614115378,-3.8635143601051003,00-0039923,J.J. McCarthy,0.7484715288413705,100,-3.1150428312637297,2.3329274885701112,-15.886318110771503,-4.289341959922098,-0.2539959809355009,-0.043994300857717696,-0.3689432622103946,-0.11710458365882619,-0.09360442566820745,0.043738038503612485,0.30434782608695654,0.5,0.4174757281553398,0.4166666666666667,-0.01659776304038305,-0.05918323873947497,2,Minnesota Vikings,NFC,NFC North,https://a.espncdn.com/i/teamlogos/nfl/500/min.png,27,29,23,32,9,31,8,32,2,18,25,32,17,25,9,-2.4901952652262613,-8
2025,3,MIA,00-0036212,Tua Tagovailoa,0.11389632588936666,-4.596530587759456,-4.482634261870089,00-0036212,Tua Tagovailoa,0.6200144158540225,77,-3.8626198460160666,2.3329274885701112,-0.3034329217142693,5.5339271835685215,-0.06244646078958808,0.2454290801912634,-0.11734502435588649,0.4776157346083857,0.11103300007991493,0.005986592823605988,0.5333333333333333,0.8571428571428571,0.4519230769230769,0.5,0.03472990070666456,-0.02765396537547184,2,Miami Dolphins,AFC,AFC East,https://a.espncdn.com/i/teamlogos/nfl/500/mia.png,28,18,32,23,30,26,32,29,32,4,20,12,32,13,31,1.5544773435154031,3
2025,3,CAR,00-0039150,Bryce Young,-1.538211384195629,-1.1682765957672396,-2.7064879799628687,00-0039150,Bryce Young,-1.3317595650233522,42,-4.038247544986221,2.3329274885701112,-3.5048211493466224,4.167094040616459,-0.0544791168918972,0.09515296790683446,-0.017729436506305905,0.16151863315714116,-0.15624746257507313,0.006222976471423518,0.5555555555555556,0.625,0.42857142857142855,0.4444444444444444,0.01343416684098555,-0.005501968549594047,2,Carolina Panthers,NFC,NFC South,https://a.espncdn.com/i/teamlogos/nfl/500/car.png,29,24,29,26,27,24,24,23,21,24,21,9,31,22,18,-2.4011358507977465,-6
2025,3,NO,00-0039376,Spencer Rattler,-2.102710307727408,0.2901743304583224,-1.8125359772690857,00-0039376,Spencer Rattler,-3.836604162754789,12,-5.649140140023874,2.3329274885701112,-1.327263087866804,-3.0811060380467814,-0.054525222542391005,0.0762524708017337,-0.025444467611117166,0.1653154556601751,-0.11090627802139129,-0.08146323155175628,0.42857142857142855,0.5263157894736842,0.4305555555555556,0.45864661654135336,-0.042417554151372466,0.03021563976928962,2,New Orleans Saints,NFC,NFC South,https://a.espncdn.com/i/teamlogos/nfl/500/no.png,30,27,15,25,12,25,23,25,22,20,16,23,23,20,23,-0.8101320968455017,0
2025,3,NYJ,00-0028118,Tyrod Taylor,-3.3847713021500776,-1.896196162598339,-5.280967464748416,00-0036945,Justin Fields,-0.8983672809634192,67,-6.179334745711835,2.3329274885701112,4.821560616926437,3.5102295573096884,-0.0028277947525931144,0.21407707711062096,0.026627459595229067,0.31029243279313856,-0.033919452119738736,0.09380788250747393,0.35,0.5,0.43243243243243246,0.4523809523809524,-0.14299917444024252,-0.0465043528370378,2,New York Jets,AFC,AFC East,https://a.espncdn.com/i/teamlogos/nfl/500/nyj.png,31,31,30,15,26,21,31,20,29,13,29,31,17,19,22,-5.219800981471398,-11
2025,3,CHI,00-0039918,Caleb Williams,-3.6826017934584256,-2.7287614631590866,-6.411363256617513,00-0039918,Caleb Williams,-0.6199570741916086,36,-7.0313203308091214,2.3329274885701112,-5.5787014500251,5.3406600937449475,-0.113352790871043,0.1662868462124368,-5.622330217329916e-4,0.327123379903014,-0.33893390656966305,-0.009171190540920096,0.375,0.56,0.37037037037037035,0.48695652173913045,-9.159028760702889e-4,-0.06041494174495573,2,Chicago Bears,NFC,NFC North,https://a.espncdn.com/i/teamlogos/nfl/500/chi.png,32,32,31,29,29,27,29,22,30,31,19,28,27,31,29,-6.7617799844154955,-17
2025,4,DET,00-0033106,Jared Goff,3.616784769287571,0.9543025426911051,4.571087311978676,00-0033106,Jared Goff,1.846170673601367,160,6.417257985580044,2.494923163966122,11.589316746450917,-3.5024112611210065,0.22832733041103268,0.025532785502942284,0.3865709707763013,0.20728316392728785,0.04131211907026062,-0.2889242184375921,0.6333333333333333,0.4838709677419355,0.515625,0.4186046511627907,-0.07232922753110936,0.004377721873595114,3,Detroit Lions,NFC,NFC North,https://a.espncdn.com/i/teamlogos/nfl/500/det.png,1,3,9,5,11,3,18,2,26,7,2,2,18,1,12,0.29521335586373176,1
2025,4,BUF,00-0034857,Josh Allen,3.7175543048811326,0.1635237783566077,3.8810780832377403,00-0034857,Josh Allen,2.0043984989715917,139,5.885476582209332,2.494923163966122,20.740837049623313,0.26303927455979714,0.24706752583803937,0.05221499375801263,0.35081919708220655,0.043012967420949975,0.09799903267113251,0.06452947017967,0.6129032258064516,0.43333333333333335,0.49528301886792453,0.41509433962264153,-0.005686426769430364,-0.099496662410818,3,Buffalo Bills,AFC,AFC East,https://a.espncdn.com/i/teamlogos/nfl/500/buf.png,2,2,16,1,22,1,23,3,14,2,28,3,10,4,10,2.8038494513232304,3
2025,4,BAL,00-0034796,Lamar Jackson,2.726252146046598,-0.870262765246383,1.855989380800215,00-0034796,Lamar Jackson,2.3757897828620544,115,4.231779163662269,2.494923163966122,18.587827970682557,5.339001004682426,0.1913338348123596,0.11425002085174847,0.3374016096546802,0.09861789112379252,-0.048121533781608564,0.1407483870979177,0.59375,0.5,0.45962732919254656,0.4796380090497738,0.01042555654442435,-0.029912300579631585,3,Baltimore Ravens,AFC,AFC North,https://a.espncdn.com/i/teamlogos/nfl/500/bal.png,3,5,26,2,30,4,27,4,18,12,31,4,19,8,27,-2.794016837741907,-2
2025,4,LA,00-0026498,Matthew Stafford,1.764741843619319,1.508629745890445,3.2733715895097637,00-0026498,Matthew Stafford,-0.15278380622362783,173,3.120587783286136,2.494923163966122,3.567979663845307,-2.851526557595804,0.09014938247084206,-0.08214667328956933,0.10679533139194289,-0.10341205295905855,0.06774137430782169,-0.04737490382999918,0.5806451612903226,0.4,0.47540983606557374,0.39487179487179486,0.018483924909395398,-0.061924496988808315,3,Los Angeles Rams,NFC,NFC West,https://a.espncdn.com/i/teamlogos/nfl/500/lar.png,4,9,3,14,12,6,6,15,5,6,20,5,4,6,6,1.2363777820783857,6
2025,4,TB,00-0034855,Baker Mayfield,2.0105001947233085,1.124215155141163,3.1347153498644715,00-0034855,Baker Mayfield,-0.13701533876780167,125,2.99770001109667,2.494923163966122,6.2668573362425475,0.3435667896391636,0.09226690118527146,-0.03669964539038389,0.23134921769402253,0.09905433522455206,-0.13026480522873024,-0.3534589334919011,0.5333333333333333,0.4827586206896552,0.4230769230769231,0.4421052631578947,-0.008595700885275987,0.019448222689561135,3,Tampa Bay Buccaneers,NFC,NFC South,https://a.espncdn.com/i/teamlogos/nfl/500/tb.png,5,7,5,12,24,5,12,5,19,24,1,11,16,22,17,1.3581822083520496,6
2025,4,GB,00-0036264,Jordan Love,0.41888071427532086,1.3133527247738566,1.7322334390491774,00-0036264,Jordan Love,0.5152556369376597,52,2.247489075986837,2.494923163966122,5.681355075330423,-7.4945322045645995,0.08850076377727123,-0.10376311859113556,0.2248487908680418,-0.08262684615395519,-0.07309689795993837,-0.15910172279029872,0.4827586206896552,0.3448275862068966,0.4463276836158192,0.3768844221105528,-0.019802681276236068,-0.005890024472574743,3,Green Bay Packers,NFC,NFC North,https://a.espncdn.com/i/teamlogos/nfl/500/gb.png,6,13,4,13,2,7,4,7,6,14,10,18,1,15,2,-0.8318461695207668,0
2025,4,KC,00-0033873,Patrick Mahomes,2.455530031531276,-0.6994083186412849,1.7561217128899909,00-0033873,Patrick Mahomes,0.26732504209390173,147,2.0234467549838926,2.494923163966122,9.418329250885751,-0.31259252135976406,0.08343699150521579,0.05051205999367832,0.15037317111422446,0.028768226014450723,-0.0839034575173059,0.08269293428293513,0.5769230769230769,0.48148148148148145,0.455026455026455,0.46774193548387094,0.07848829544521242,-0.02627929223118315,3,Kansas City Chiefs,AFC,AFC West,https://a.espncdn.com/i/teamlogos/nfl/500/kc.png,7,6,24,6,20,9,22,11,12,16,29,6,14,11,23,1.100863490182323,6
2025,4,ARI,00-0035228,Kyler Murray,0.24216729534594628,1.0792950883292556,1.3214623836752017,00-0035228,Kyler Murray,0.6791814109901787,87,2.0006437946653803,2.494923163966122,2.118677870742174,-0.922336510906047,0.06290225272297682,-0.030992179363073014,0.17171576147793688,0.03610603562024008,-0.11741727607095699,-0.20992075265190796,0.5,0.4827586206896552,0.41397849462365593,0.4681818181818182,0.02057620593243175,0.0157604028665812,3,Arizona Cardinals,NFC,NFC West,https://a.espncdn.com/i/teamlogos/nfl/500/ari.png,8,16,7,15,19,12,13,10,13,21,5,14,16,24,25,-2.354061418085641,-5
2025,4,PHI,00-0036389,Jalen Hurts,1.8993768174654004,-1.4281637038363728,0.4712131136290276,00-0036389,Jalen Hurts,1.2603541535327225,93,1.7315672671617501,2.494923163966122,9.23688975704878,3.125243008357234,0.060821092873268014,-1.8525423048482327e-4,0.019574758882400695,0.04948029876225081,0.10943284364821877,-0.08062945978209887,0.39285714285714285,0.6071428571428571,0.453551912568306,0.45698924731182794,-0.060357802276085594,0.007220619608356495,3,Philadelphia Eagles,NFC,NFC East,https://a.espncdn.com/i/teamlogos/nfl/500/phi.png,9,8,29,7,26,13,17,20,16,1,18,28,30,12,20,-2.377883821686496,-5
2025,4,WAS,00-0039910,Jayden Daniels,3.0318822937390233,0.09064643642685422,3.1225287301658775,00-0032268,Marcus Mariota,-1.6658232636295576,23,1.45670546653632,2.494923163966122,7.987929302631531,-7.473034452901817,0.0831750828204413,-0.001863868775070312,0.07593192748328542,0.11455601092977165,0.09551905177531259,-0.19181209355665457,0.53125,0.40625,0.4583333333333333,0.405,0.00270873016941253,-0.028557198570373855,3,Washington Commanders,NFC,NFC East,https://a.espncdn.com/i/teamlogos/nfl/500/was.png,10,4,17,10,3,10,16,17,21,3,7,13,5,9,8,0.5661599637490214,4
2025,4,MIN,00-0032950,Carson Wentz,-0.9641174720155024,1.621594929115836,0.6574774571003337,00-0032950,Carson Wentz,0.7677153567837577,100,1.4251928138840912,2.494923163966122,-10.403034645802753,-11.888489348652806,-0.1273685570106247,-0.23390885052331775,-0.21508448985494044,-0.3920540742290828,-0.019225626106673777,-0.02947721987928007,0.34285714285714286,0.42857142857142855,0.44785276073619634,0.3882978723404255,-0.021873270033941922,-0.06911192994036662,3,Minnesota Vikings,NFC,NFC North,https://a.espncdn.com/i/teamlogos/nfl/500/min.png,11,21,1,31,1,28,1,30,1,11,22,31,9,14,5,4.5402356451478205,16
2025,4,IND,00-0035710,Daniel Jones,3.722776091261728,-0.49231178571441614,3.230464305547312,00-0035710,Daniel Jones,-2.0122776678805065,84,1.2181866376668053,2.494923163966122,14.826018643679452,-1.5131450076321846,0.2412227108373621,-0.04164638028470167,0.3989184033027622,-0.08029712625727121,0.0702473811117178,0.0480525207459786,0.8076923076923077,0.52,0.5151515151515151,0.4602272727272727,-0.020077116258565442,0.04695464990909934,3,Indianapolis Colts,AFC,AFC South,https://a.espncdn.com/i/teamlogos/nfl/500/ind.png,12,1,22,3,15,2,11,1,7,5,27,1,22,2,21,0.36181532996443755,3
2025,4,LAC,00-0036355,Justin Herbert,0.41609342322404314,0.4484347076666677,0.8645281308907109,00-0036355,Justin Herbert,0.3221170761236616,98,1.1866452070143725,2.494923163966122,8.795761388810321,-6.729280199459628,0.07175037102993627,-0.11106895651339381,0.23060945787139822,-0.11486488271387015,-0.232351309495148,-0.0995968239963986,0.5666666666666667,0.41379310344827586,0.46568627450980393,0.34806629834254144,0.09733502001903387,0.053196867751852395,3,Los Angeles Chargers,AFC,AFC West,https://a.espncdn.com/i/teamlogos/nfl/500/lac.png,13,14,13,9,5,11,3,6,3,30,15,7,7,7,1,-0.7498346058056282,-4
2025,4,JAX,00-0036971,Trevor Lawrence,0.5483509607413395,0.5846142204203004,1.13296518116164,00-0036971,Trevor Lawrence,-0.00317901417790557,80,1.1297861669837344,2.494923163966122,6.992168816736936,-3.6177346284718266,0.015080316189246537,-0.11374274209788152,0.0070080142700410806,-0.11958292971320492,0.027491480390024935,-0.09870966656954908,0.48484848484848486,0.53125,0.4433497536945813,0.38341968911917096,0.022124725338527895,0.034429185331082884,3,Jacksonville Jaguars,AFC,AFC South,https://a.espncdn.com/i/teamlogos/nfl/500/jax.png,14,12,11,11,10,17,2,22,2,8,16,17,23,17,3,-1.3584957585124833,-7
2025,4,DAL,00-0033077,Dak Prescott,-0.3344846885939646,-1.1453207833364054,-1.47980547193037,00-0033077,Dak Prescott,2.031436199328239,145,0.5516307273978691,2.494923163966122,14.022041358180578,6.752161834330887,0.0873477745707883,0.21704426149209508,0.12147133530307631,0.39666123176612206,0.014294517791805442,-0.05361144714000035,0.46875,0.5862068965517241,0.4798206278026906,0.4808743169398907,0.002467561374629905,0.0040597919894273015,3,Dallas Cowboys,NFC,NFC East,https://a.espncdn.com/i/teamlogos/nfl/500/dal.png,15,18,27,4,31,8,31,14,31,9,19,19,29,5,28,0.06162479274657229,1
2025,4,PIT,00-0023459,Aaron Rodgers,-1.367894324275599,1.0052965650329275,-0.36259775924267146,00-0023459,Aaron Rodgers,0.5204813297674896,164,0.15788357052481816,2.494923163966122,1.2393413061289749,0.2624883139281479,0.016537184848130996,0.046698143687919164,0.09232747966689886,0.18461658606569878,-0.10977997318314876,-0.12304763154627112,0.4,0.5666666666666667,0.42857142857142855,0.46798029556650245,-0.01680315473201999,-0.04622495469993626,3,Pittsburgh Steelers,AFC,AFC North,https://a.espncdn.com/i/teamlogos/nfl/500/pit.png,16,24,8,19,21,16,21,16,25,20,12,26,27,21,24,1.7049350630491165,8
2025,4,SF,00-0037834,Brock Purdy,0.7794335318859807,0.7125429298893544,1.491976461775335,00-0036972,Mac Jones,-1.704482697908899,53,-0.2125062361335639,2.494923163966122,1.477318834582044,-4.704298579662374,0.047047297815417645,-0.05204789391321914,0.19291266650101668,-0.014280492911956965,-0.20920267419982386,-0.10649180964231138,0.5517241379310345,0.3548387096774194,0.5,0.43617021276595747,0.010175668402903371,-0.06007214029577899,3,San Francisco 49ers,NFC,NFC West,https://a.espncdn.com/i/teamlogos/nfl/500/sf.png,17,11,10,18,7,14,9,9,10,28,14,9,2,3,16,1.2867929665381495,6
2025,4,DEN,00-0039732,Bo Nix,-0.39355629979397755,-0.155755914075296,-0.5493122138692735,00-0039732,Bo Nix,0.27084831668304904,36,-0.2784638971862245,2.494923163966122,-0.5340619653269449,-5.110225243291967,-0.019538840004605013,-0.07340673076971635,0.015244820953643946,-0.022344651539679277,-0.08321969622047617,-0.15893571348002847,0.46875,0.47058823529411764,0.3858695652173913,0.3878504672897196,0.03764382352068119,-0.014500543805020675,3,Denver Broncos,AFC,AFC West,https://a.espncdn.com/i/teamlogos/nfl/500/den.png,18,19,20,24,6,21,7,21,9,15,11,19,12,28,4,-0.30083144428997133,-1
2025,4,SEA,00-0034869,Sam Darnold,-1.3327448727075106,1.5097000052280025,0.1769551325204919,00-0034869,Sam Darnold,-0.6092671130336534,95,-0.43231198051316155,2.494923163966122,0.3376535620993463,-7.2997592101383715,0.007204286945332222,-0.045054468100277016,0.14918564345340263,0.07290667842385296,-0.12520529271949749,-0.24727357642735692,0.5,0.42424242424242425,0.45348837209302323,0.430622009569378,-0.08339558714923957,-0.017363516934601617,3,Seattle Seahawks,NFC,NFC West,https://a.espncdn.com/i/teamlogos/nfl/500/sea.png,19,23,2,21,4,18,10,12,17,22,4,14,8,13,14,0.6863982823164335,3
2025,4,HOU,00-0039163,C.J. Stroud,-2.1662803221015925,1.096315618320277,-1.0699647037813156,00-0039163,C.J. Stroud,0.17902143764607215,51,-0.8909432661352434,2.494923163966122,-4.166626721808272,-4.191046346283121,-0.1461498673724233,-0.009284877041399494,-0.13374237556068966,0.005546459295709223,-0.17118252629083336,-0.03484941730667899,0.4666666666666667,0.3548387096774194,0.36627906976744184,0.4492753623188406,0.0081686906977821,0.019261257719427143,3,Houston Texans,AFC,AFC South,https://a.espncdn.com/i/teamlogos/nfl/500/hou.png,20,26,6,26,9,29,14,28,11,26,21,21,2,31,18,-0.23318767126582984,0
2025,4,ATL,00-0039917,Michael Penix,0.8487180225497469,0.06578052297242687,0.9144985455221738,00-0039917,Michael Penix,-2.0576420350756606,12,-1.1431434895534869,2.494923163966122,-3.0132166439140815,-2.253371913548714,-0.09209906403994395,-0.08641305708417366,-0.11068301638620495,-0.06346013354060495,-0.06510808563227913,-0.12120108182989497,0.45161290322580644,0.4074074074074074,0.4223300970873786,0.422360248447205,-0.05737489683638966,0.007768629588111649,3,Atlanta Falcons,NFC,NFC South,https://a.espncdn.com/i/teamlogos/nfl/500/atl.png,21,10,18,25,13,27,5,27,8,13,13,22,6,23,13,-3.509745489013188,-13
2025,4,MIA,00-0036212,Tua Tagovailoa,0.3662512811429142,-2.6188387351369267,-2.2525874539940123,00-0036212,Tua Tagovailoa,0.6405577198737064,77,-1.612029734120306,2.494923163966122,2.0331994335195898,7.943006341506222,-0.02683729380170451,0.250339006777762,-0.07475490074578982,0.439810572874477,0.08660030631082398,0.03981504444807868,0.5,0.782608695652174,0.4303030303030303,0.5105263157894737,-0.010141714726855782,9.572825768598414e-4,3,Miami Dolphins,AFC,AFC East,https://a.espncdn.com/i/teamlogos/nfl/500/mia.png,22,15,32,16,32,22,32,26,32,4,25,14,32,20,32,2.2505901118957605,6
2025,4,CIN,00-0035100,Jake Browning,-0.12477347225457554,0.19191612191221763,0.06714264965764209,00-0035100,Jake Browning,-1.8112500459503669,10,-1.7441073962927247,2.494923163966122,-8.970339948151532,-1.8643244198041504,-0.23023499875158954,0.04573491360123202,-0.28800551796603435,0.04553418559490485,-0.125697868744499,0.046060143788698826,0.4117647058823529,0.47058823529411764,0.3954802259887006,0.463768115942029,-0.017268234626362105,0.025300804378762292,3,Cincinnati Bengals,AFC,AFC North,https://a.espncdn.com/i/teamlogos/nfl/500/cin.png,23,17,15,29,14,32,20,32,15,23,26,25,12,27,22,-2.7333710110042198,-11
2025,4,CAR,00-0039150,Bryce Young,-0.6778905565929969,-0.10988980136639537,-0.7877803579593923,00-0039150,Bryce Young,-1.0489934604343836,42,-1.8367738183937758,2.494923163966122,-0.0612163884488659,-1.179309630788044,-0.040889629240486426,-0.06146292496294664,-0.009086301984745932,-0.1045858673234731,-0.10592031333058266,0.006561998197320489,0.5384615384615384,0.48148148148148145,0.4411764705882353,0.41530054644808745,-5.212028816698744e-4,-0.014710614130710856,3,Carolina Panthers,NFC,NFC South,https://a.espncdn.com/i/teamlogos/nfl/500/car.png,24,20,19,22,17,23,8,23,4,18,24,10,14,18,11,2.201473726592445,5
2025,4,NE,00-0039851,Drake Maye,-1.9810530214535527,0.4765487604993681,-1.5045042609541845,00-0039851,Drake Maye,-0.3710497670136184,32,-1.875554027967803,2.494923163966122,8.945707984868955,0.31967598124472235,0.025073004842625625,0.08397901209092881,0.21900686869517666,0.24490964689755051,-0.37454829036869164,-0.19375611572049894,0.5555555555555556,0.5185185185185185,0.45544554455445546,0.47337278106508873,0.043104662317587146,0.010286733078495905,3,New England Patriots,AFC,AFC East,https://a.espncdn.com/i/teamlogos/nfl/500/ne.png,25,25,12,8,23,15,24,8,28,32,6,8,21,10,26,-0.9654360183483737,-4
2025,4,CLE,00-0026158,Joe Flacco,-4.372909608100523,0.37760538712702285,-3.9953042209735,00-0026158,Joe Flacco,1.098118850308299,95,-2.897185370665201,2.494923163966122,-11.925857792869218,-4.690134969820661,-0.1482980424685682,-0.006064979411749448,-0.21003300454306553,0.10484660131675433,-0.003606725106465092,-0.16680640075740713,0.3125,0.43333333333333335,0.3691588785046729,0.40236686390532544,0.007169379799714592,0.011709855456580149,3,Cleveland Browns,AFC,AFC North,https://a.espncdn.com/i/teamlogos/nfl/500/cle.png,26,32,14,32,8,30,15,29,20,10,8,32,10,29,7,-0.5009106246177284,-1
2025,4,CHI,00-0039918,Caleb Williams,-2.30379083071907,-1.1615632458932295,-3.4653540766122997,00-0039918,Caleb Williams,-0.23689595017569723,36,-3.702250026787997,2.494923163966122,0.5489568655448984,4.478514093852179,-4.949616059355677e-4,0.09325241148475771,0.13254255234126905,0.17853296642111366,-0.22722086565680538,-0.028108378232364204,0.42424242424242425,0.5428571428571428,0.4010416666666667,0.49206349206349204,-0.017827646989955256,-0.040448483806562935,3,Chicago Bears,NFC,NFC North,https://a.espncdn.com/i/teamlogos/nfl/500/chi.png,27,27,28,20,27,19,26,13,23,29,23,23,24,26,30,3.3290703040211245,5
2025,4,NYG,00-0040691,Jaxson Dart,-0.9718239287242401,-0.6700098100603853,-1.6418337387846254,00-0029263,Russell Wilson,-2.5148069846903685,NA,-4.156640723474994,2.494923163966122,-0.4711900709998644,5.057934521060875,-0.01683099906254525,0.16426133484252384,0.022731195429275593,0.18207430387953724,-0.10552688671356296,0.12933854028311603,0.5333333333333333,0.5151515151515151,0.4129353233830846,0.49777777777777776,0.011155158228764353,0.03356716156343844,3,New York Giants,NFC,NFC East,https://a.espncdn.com/i/teamlogos/nfl/500/nyg.png,28,22,23,23,29,20,29,19,24,17,30,11,20,25,31,-3.5370956408423657,-9
2025,4,NYJ,00-0036945,Justin Fields,-2.5550962556379617,-2.1585073931054,-4.713603648743362,00-0028118,Tyrod Taylor,0.09705141623961136,51,-4.616552232503751,2.494923163966122,1.5296939886702692,0.509955255935529,-0.050448158052463374,0.13218321710336756,-0.01145991119182961,0.3189211083699516,-0.10920509346215083,-0.09442006668080179,0.36666666666666664,0.5483870967741935,0.4438202247191011,0.40609137055837563,-0.086103589977303,-0.06545746761397628,3,New York Jets,AFC,AFC East,https://a.espncdn.com/i/teamlogos/nfl/500/nyj.png,29,28,31,17,25,24,28,24,30,19,17,29,26,16,9,1.5627825132080844,2
2025,4,TEN,00-0040676,Cam Ward,-2.697137156311929,-1.6578978912955584,-4.355035047607487,00-0040676,Cam Ward,-0.3710497670136184,17,-4.726084814621105,2.494923163966122,-8.971728124118174,5.0368124058814905,-0.21181062501372339,0.17436938541210562,-0.24114013329654538,0.16474245349449443,-0.15269333488116038,0.18906997063764708,0.3939393939393939,0.625,0.36787564766839376,0.48128342245989303,-0.016297611372499105,0.06345489653601723,3,Tennessee Titans,AFC,AFC South,https://a.espncdn.com/i/teamlogos/nfl/500/ten.png,30,29,30,30,28,31,30,31,22,25,32,27,31,30,29,-1.8279440266023044,-4
2025,4,LV,00-0030565,Geno Smith,-3.3146631164976044,-0.3713185845356839,-3.6859817010332883,00-0030565,Geno Smith,-1.4142727190778301,70,-5.100254420111119,2.494923163966122,-4.2492042772309295,-1.0757834465872975,-0.08373486643687453,0.0381207881662897,0.04036768386751184,0.2296815203617729,-0.3088923505605469,-0.2598625730266842,0.42424242424242425,0.5454545454545454,0.36548223350253806,0.43478260869565216,-0.006392707153107857,0.04528587561048767,3,Las Vegas Raiders,AFC,AFC West,https://a.espncdn.com/i/teamlogos/nfl/500/lv.png,31,31,21,27,18,26,19,18,27,31,3,23,25,32,15,-4.751314260543105,-13
2025,4,NO,00-0039376,Spencer Rattler,-3.007077795940047,-0.7850665075499483,-3.7921443034899953,00-0039376,Spencer Rattler,-4.185335723862813,12,-7.977480027352808,2.494923163966122,-6.970144403491056,-1.4667192577272719,-0.07294916225866017,0.08685172419903578,-0.016680540051473774,0.2842059059485859,-0.18168447274011496,-0.16519096574617284,0.36363636363636365,0.5666666666666667,0.43317972350230416,0.455026455026455,-0.0382491363389399,-0.012160637161878263,3,New Orleans Saints,NFC,NFC South,https://a.espncdn.com/i/teamlogos/nfl/500/no.png,32,30,25,28,16,25,25,25,29,27,9,30,27,19,19,-2.3283398873289336,-2
2025,5,DET,00-0033106,Jared Goff,2.1615689615946754,1.8116685490667024,3.9732375106613778,00-0033106,Jared Goff,1.8135613571498135,160,5.786798867811191,2.6398721495305644,6.593902374407788,-6.8054916830891745,0.14146954297324213,-0.07516219313982234,0.28827017470318617,0.0160272045552054,-0.028110497128589738,-0.22782758928093616,0.5581395348837209,0.4090909090909091,0.488,0.38235294117647056,-0.07457103343155028,-0.013717809438858176,4,Detroit Lions,NFC,NFC North,https://a.espncdn.com/i/teamlogos/nfl/500/det.png,1,6,2,10,3,5,6,4,11,10,4,6,5,5,2,-0.6304591177688526,0
2025,5,BUF,00-0034857,Josh Allen,3.9419219657896423,-0.20118471154588402,3.7407372542437582,00-0034857,Josh Allen,1.9532560604425735,139,5.693993314686332,2.6398721495305644,19.68046402152352,-0.5725018900449784,0.22950103397178181,0.011612788238551903,0.3319893063676733,-0.023399696635173037,0.09105196424399858,0.05572851917944531,0.5853658536585366,0.45,0.48880597014925375,0.42035398230088494,0.0010524537886472188,-0.10094921004500898,4,Buffalo Bills,AFC,AFC East,https://a.espncdn.com/i/teamlogos/nfl/500/buf.png,2,1,19,1,18,1,18,2,8,1,28,4,10,4,10,-0.19148326752300004,0
2025,5,GB,00-0036264,Jordan Love,1.5692364728019585,0.7174230579105241,2.2866595307124826,00-0036264,Jordan Love,0.8530748501443377,52,3.1397343808568206,2.6398721495305644,11.93984286732856,-2.2723857535196195,0.17454505261432363,0.00934996892077232,0.33335420342560873,0.05210495959138809,-0.03064199179671733,-0.08763086357599027,0.5384615384615384,0.41025641025641024,0.4826254826254826,0.4216417910447761,-0.0299001794204915,-0.01054739866871899,4,Green Bay Packers,NFC,NFC North,https://a.espncdn.com/i/teamlogos/nfl/500/gb.png,3,7,7,4,14,2,17,1,16,11,18,10,6,7,11,0.8922453048699834,3
2025,5,LA,00-0026498,Matthew Stafford,1.528976123221314,1.7247836526461489,3.253759775867463,00-0026498,Matthew Stafford,-0.1839161009757922,173,3.0698436748916706,2.6398721495305644,4.097502892262019,-2.562399690611374,0.07025323603422805,-0.09567264460476146,0.14966944702612783,-0.1205114165162374,-0.04887108045362165,-0.053129641649999476,0.5348837209302325,0.3902439024390244,0.48627450980392156,0.403921568627451,0.011146601850014742,-0.04470002989000718,4,Los Angeles Rams,NFC,NFC West,https://a.espncdn.com/i/teamlogos/nfl/500/lar.png,4,8,3,17,13,10,5,11,2,14,20,12,2,6,6,-0.050744108394465304,0
2025,5,DAL,00-0033077,Dak Prescott,0.9688392853872403,-0.7397755747332142,0.2290637106540261,00-0033077,Dak Prescott,2.1157248063112215,145,2.344788516965248,2.6398721495305644,16.764159527079435,8.803022578190776,0.14600413013592037,0.261364653930514,0.20646098606306873,0.4419810329442518,0.02632423166789197,-0.01386030456661025,0.5,0.6153846153846154,0.4965753424657534,0.5056603773584906,-0.004279209283315504,-0.012003324471243977,4,Dallas Cowboys,NFC,NFC East,https://a.espncdn.com/i/teamlogos/nfl/500/dal.png,5,11,25,2,32,4,32,7,32,5,24,17,31,1,31,1.7931577895673787,10
2025,5,WAS,00-0039910,Jayden Daniels,3.685328931419869,-0.2897930419672061,3.395535889452663,00-0039910,Jayden Daniels,-1.395161818239554,23,2.000374071213109,2.6398721495305644,8.939568609823825,-2.688188056960711,0.09626819734303756,0.06437106691051685,0.10076838677352908,0.22462884646234196,0.08863744135220408,-0.16057792640534774,0.5853658536585366,0.4634146341463415,0.46774193548387094,0.4312977099236641,-0.012460583465272231,-0.04040191910469483,4,Washington Commanders,NFC,NFC East,https://a.espncdn.com/i/teamlogos/nfl/500/was.png,6,2,20,8,12,8,24,16,28,2,8,4,13,9,15,0.5436686046767891,4
2025,5,PHI,00-0036389,Jalen Hurts,0.835861156871115,-0.10488924850199366,0.7309719083691213,00-0036389,Jalen Hurts,1.1933621328102912,93,1.9243340411794125,2.6398721495305644,6.780684819207049,-0.17728651796556522,0.02840181125448973,-0.032297450462976975,0.03220472296139773,0.028111928938557407,0.023947950696849747,-0.13360901383430027,0.375,0.5609756097560976,0.44398340248962653,0.4396887159533074,-0.055083970552473556,-0.007809041231167886,4,Philadelphia Eagles,NFC,NFC East,https://a.espncdn.com/i/teamlogos/nfl/500/phi.png,7,12,17,9,19,17,11,22,12,6,9,28,27,20,17,0.1927667740176624,2
2025,5,PIT,00-0023459,Aaron Rodgers,9.89282577134265e-4,1.4846282444865495,1.4856175270636838,00-0023459,Aaron Rodgers,0.4022140947954628,164,1.8878316218591467,2.6398721495305644,4.1443716196139,0.8943320582247283,0.058963411301860016,0.043717758571631085,0.12061848026329892,0.1478930735591295,-0.03109455459687095,-0.11780176650072885,0.46153846153846156,0.525,0.4657534246575342,0.460431654676259,-0.0024370953389066673,-0.030439005361056842,4,Pittsburgh Steelers,AFC,AFC North,https://a.espncdn.com/i/teamlogos/nfl/500/pit.png,8,18,5,15,23,11,22,13,23,12,11,24,22,10,22,1.7299480513343286,8
2025,5,TB,00-0034855,Baker Mayfield,1.4193443079683512,0.7157549657826983,2.1350992737510497,00-0034855,Baker Mayfield,-0.252795747919473,125,1.8823035258315768,2.6398721495305644,1.6608939343227958,-1.3883898506390495,0.03915959843878696,-0.04539659720826193,0.16349704635795279,0.0940423136615211,-0.16688531525583072,-0.31763447081117163,0.5116279069767442,0.43902439024390244,0.4157706093189964,0.43548387096774194,-0.019671281601392247,0.004770548171761489,4,Tampa Bay Buccaneers,NFC,NFC South,https://a.espncdn.com/i/teamlogos/nfl/500/tb.png,9,9,8,19,16,13,9,10,20,28,1,15,9,25,16,-1.115396485265093,-4
2025,5,KC,00-0033873,Patrick Mahomes,2.5376506001225265,-1.1348669991756348,1.4027836009468917,00-0033873,Patrick Mahomes,0.26887386063162394,147,1.6716574615785156,2.6398721495305644,10.853888636110035,0.23136437632295825,0.11804193647851036,0.02270300907296319,0.1958318638069012,-0.0398233438379568,-0.05081912528311858,0.13070307319182498,0.6388888888888888,0.5135135135135135,0.45,0.4625,0.07508822789730717,-0.0010672925408594103,4,Kansas City Chiefs,AFC,AFC West,https://a.espncdn.com/i/teamlogos/nfl/500/kc.png,10,4,28,6,21,7,20,8,7,16,31,2,21,14,24,-0.351789293405377,-3
2025,5,BAL,00-0033662,Cooper Rush,2.9300338599103144,-1.2238414492698753,1.7061924106404391,00-0034796,Lamar Jackson,-0.2307108914922585,16,1.4754815191481807,2.6398721495305644,14.687527951087583,6.297228243020227,0.12492198336500882,0.1375704338978196,0.1737144653510252,0.1553053874912927,0.03195252444570731,0.10822714704316405,0.5952380952380952,0.5681818181818182,0.4558139534883721,0.4691780821917808,0.026461344040846217,-0.0062122191213258415,4,Baltimore Ravens,AFC,AFC North,https://a.espncdn.com/i/teamlogos/nfl/500/bal.png,11,3,29,3,30,6,29,9,24,4,29,3,28,12,25,-2.7562976445140883,-8
2025,5,DEN,00-0039732,Bo Nix,0.4817328847047352,0.2834954100050928,0.765228294709828,00-0039732,Bo Nix,0.39202141022338494,36,1.1572497049332129,2.6398721495305644,4.2919525114997255,-6.041748676974557,0.0476427270917395,-0.09600586511350886,0.10647287823170394,-0.07594365113457888,-0.04921903690638378,-0.13164830909735256,0.47619047619047616,0.3953488372093023,0.4198473282442748,0.38697318007662834,0.032290729481197634,0.004725962709132843,4,Denver Broncos,AFC,AFC West,https://a.espncdn.com/i/teamlogos/nfl/500/den.png,12,14,13,13,7,12,4,15,6,15,10,23,3,24,3,1.4357136021194374,6
2025,5,JAX,00-0036971,Trevor Lawrence,0.1602025114616713,0.8885897834799907,1.048792294941662,00-0036971,Trevor Lawrence,0.008691366197118747,80,1.0574836611387808,2.6398721495305644,5.281299698992896,-4.1755493862837545,0.028578864931026945,-0.09851883584368196,0.05334362162633388,-0.09082441856680902,-0.006767196897729312,-0.11670564031629073,0.4888888888888889,0.5348837209302325,0.44569288389513106,0.4015444015444015,0.00955879497472124,0.013064573740891254,4,Jacksonville Jaguars,AFC,AFC South,https://a.espncdn.com/i/teamlogos/nfl/500/jax.png,13,17,6,11,9,16,3,20,4,7,12,19,23,17,5,-0.07230250584495357,1
2025,5,IND,00-0035710,Daniel Jones,2.3796114285175785,0.6812620546194879,3.0608734831370663,00-0035710,Daniel Jones,-2.135483456008683,84,0.9253900271283833,2.6398721495305644,11.521978966550424,-1.958527926445306,0.15265183590329284,-0.023840825538481592,0.2391546565672474,0.010581105667831565,0.04508745890376679,-0.10028433510055369,0.6756756756756757,0.4864864864864865,0.49612403100775193,0.47580645161290325,-0.013314494342325026,0.032499645599792695,4,Indianapolis Colts,AFC,AFC South,https://a.espncdn.com/i/teamlogos/nfl/500/ind.png,14,5,9,5,15,3,13,5,10,3,16,1,16,2,27,-0.2927966105384221,-2
2025,5,ARI,00-0035228,Kyler Murray,-0.06641757041710994,0.43041858064376504,0.3640010102266551,00-0035228,Kyler Murray,0.49863189809901537,87,0.8626329083256705,2.6398721495305644,0.1558806735544731,-1.2253259699466685,0.03029141107734034,7.305560603911776e-4,0.10907142024810383,0.1076250451013888,-0.13106523421217522,-0.21760712368292312,0.4864864864864865,0.5384615384615384,0.40711462450592883,0.46153846153846156,0.02851178001760695,-0.01344378647893417,4,Arizona Cardinals,NFC,NFC West,https://a.espncdn.com/i/teamlogos/nfl/500/ari.png,15,19,11,21,17,15,16,14,21,25,5,22,24,26,23,-1.1380108863397098,-7
2025,5,LAC,00-0036355,Justin Herbert,0.34914789026644777,-0.1270779298467546,0.22206996041969318,00-0036355,Justin Herbert,0.13341566833590635,98,0.3554856287555995,2.6398721495305644,4.116612525214336,-7.627765774442588,0.028136787849628923,-0.09978980593116593,0.09625652825845038,-0.10083641118669652,-0.11771959749631818,-0.09774471520196822,0.4878048780487805,0.45,0.45692883895131087,0.377431906614786,0.09243799971274788,0.025721159861318062,4,Los Angeles Chargers,AFC,AFC West,https://a.espncdn.com/i/teamlogos/nfl/500/lac.png,16,15,18,16,1,18,2,17,3,22,17,20,10,11,1,-0.831159578258773,-3
2025,5,MIN,00-0032950,Carson Wentz,-0.8960109039044382,0.5691275198814618,-0.32688338402297634,00-0032950,Carson Wentz,0.6511999693658764,100,0.3243165853429001,2.6398721495305644,-6.678735520472372,-7.445584332765389,-0.07599689528767216,-0.14159047647599332,-0.10231790676741508,-0.27153980762655183,-0.033478338281933605,0.016033249271443444,0.35555555555555557,0.4772727272727273,0.44537815126050423,0.4309623430962343,-0.012175241861561093,-0.04166867674516663,4,Minnesota Vikings,NFC,NFC North,https://a.espncdn.com/i/teamlogos/nfl/500/min.png,17,20,10,29,2,27,1,29,1,13,26,29,14,18,14,-1.1008762285411913,-6
2025,5,SEA,00-0034869,Sam Darnold,-1.3316603234559272,1.8598358286546592,0.528175505198732,00-0034869,Sam Darnold,-0.6032596994951177,95,-0.07508419429638569,2.6398721495305644,0.9979765721294944,-6.247862440627035,0.03473258759556757,-0.04874085448139304,0.23712566405965785,0.044337605713363225,-0.15449671153752498,-0.241103005550556,0.5476190476190477,0.4318181818181818,0.4495798319327731,0.42028985507246375,-0.08781077899079975,5.698786733192643e-5,4,Seattle Seahawks,NFC,NFC West,https://a.espncdn.com/i/teamlogos/nfl/500/sea.png,18,23,1,20,6,14,8,6,14,27,3,9,8,15,9,0.35722778621677587,1
2025,5,NE,00-0039851,Drake Maye,-1.4546764384019042,-0.06358735099092039,-1.5182637893928246,00-0039851,Drake Maye,1.1677919805758377,32,-0.3504718088169869,2.6398721495305644,10.000676149497554,-3.3020209324188006,0.08626104032073295,0.05082999913940514,0.3012144141953002,0.19072932646882162,-0.29775678491585345,-0.17922667246896862,0.5555555555555556,0.5,0.4475806451612903,0.4789915966386555,0.021234542546930645,-0.010186496256486217,4,New England Patriots,AFC,AFC East,https://a.espncdn.com/i/teamlogos/nfl/500/ne.png,19,25,16,7,11,9,23,3,27,32,7,7,17,16,28,1.525082219150816,6
2025,5,MIA,00-0036212,Tua Tagovailoa,0.7138417084928853,-1.6499025931768245,-0.9360608846839392,00-0036212,Tua Tagovailoa,0.40486529779785996,77,-0.5311955868860793,2.6398721495305644,4.28628718645083,7.6386616106809475,0.012171540835618755,0.21424684933184746,0.026063590862039094,0.3872577442237965,-0.013653423957085723,-1.0293195021333065e-4,0.5151515151515151,0.71875,0.42152466367713004,0.5296442687747036,-0.01466681357368165,-0.025906123749408844,4,Miami Dolphins,AFC,AFC East,https://a.espncdn.com/i/teamlogos/nfl/500/mia.png,20,13,31,14,31,20,31,23,31,8,25,13,32,23,32,1.0808341472342269,2
2025,5,HOU,00-0039163,C.J. Stroud,-2.5740989909867418,1.5850822603168182,-0.9890167306699236,00-0039163,C.J. Stroud,0.249977464956678,51,-0.7390392657132456,2.6398721495305644,-1.7098221512593055,-6.605864384135954,-0.07648753832403307,-0.0715083678753208,-0.051891161156511885,-0.08844910901444562,-0.11615911440068011,-0.04130965540992442,0.48717948717948717,0.3170731707317073,0.37448559670781895,0.4296875,-0.00413141320326179,0.003640663588838612,4,Houston Texans,AFC,AFC South,https://a.espncdn.com/i/teamlogos/nfl/500/hou.png,21,28,4,24,4,28,7,27,5,21,22,21,1,30,12,0.1519040004219978,-1
2025,5,ATL,00-0039917,Michael Penix,1.3430237322533602,-0.812791691033627,0.5302320412197332,00-0039917,Michael Penix,-1.792593752306693,12,-1.2623617110869598,2.6398721495305644,3.0441624806358853,0.16804072491242095,-0.0064716936815633445,-0.02768481636407087,0.04410556393595783,0.002852061801169067,-0.0717466159058855,-0.07510679186773761,0.5,0.5,0.44402985074626866,0.4423963133640553,-0.06201519280420668,-0.00866565890124789,4,Atlanta Falcons,NFC,NFC South,https://a.espncdn.com/i/teamlogos/nfl/500/atl.png,22,10,26,18,20,21,12,21,9,17,19,17,17,19,19,-0.11921822153347295,-1
2025,5,CHI,00-0039918,Caleb Williams,-1.5618746737666958,-0.3339564840086111,-1.8958311577753069,00-0039918,Caleb Williams,0.027834249712264753,36,-1.867996908063042,2.6398721495305644,-2.114124681156609,3.2184866265263934,-0.034540729687334175,0.03183712045825874,0.08944702396257853,0.0927397318657092,-0.2521788079026065,-0.043864256337918,0.5116279069767442,0.5,0.40540540540540543,0.5,-0.021230542591079024,-0.06494812318313557,4,Chicago Bears,NFC,NFC North,https://a.espncdn.com/i/teamlogos/nfl/500/chi.png,23,26,21,25,27,24,21,18,19,31,21,15,17,27,30,1.834253118724955,4
2025,5,SF,00-0036972,Mac Jones,0.34447102363648496,0.0960413582870756,0.44051238192356057,00-0037834,Brock Purdy,-2.8862950368258087,58,-2.4457826549022483,2.6398721495305644,-1.4888317169501364,-5.3155444878603015,0.022346738873047056,-0.02069742581554782,0.14549496934166709,0.040881573288911344,-0.19728876495242992,-0.1041456021720579,0.55,0.3953488372093023,0.4888888888888889,0.44047619047619047,-0.005125563955243381,-0.052088854251008926,4,San Francisco 49ers,NFC,NFC West,https://a.espncdn.com/i/teamlogos/nfl/500/sf.png,24,16,15,23,8,19,14,12,13,29,15,8,3,3,18,-2.2332764187686847,-7
2025,5,CAR,00-0039150,Bryce Young,-1.0661231959861364,-0.7255067148705296,-1.791629910856666,00-0039150,Bryce Young,-1.397696819039221,42,-3.189326729895887,2.6398721495305644,-3.0349962265784964,1.5592207657400077,-0.03822856268588929,0.022184610275598975,0.004369577120435401,0.04736696721688682,-0.1180440246387924,-0.013981540650718641,0.5135135135135135,0.5,0.4542124542124542,0.4148471615720524,-0.018292448226610553,-0.022126914789292858,4,Carolina Panthers,NFC,NFC South,https://a.espncdn.com/i/teamlogos/nfl/500/car.png,25,21,24,26,26,25,19,25,15,23,23,14,17,13,8,-1.3525529115021113,-1
2025,5,CIN,00-0035100,Jake Browning,-1.4126494397431615,0.27087945823599613,-1.1417699815071654,00-0035100,Jake Browning,-2.7350937187269313,10,-3.8768637002340967,2.6398721495305644,-8.311805913387404,1.036400376357609,-0.22366109459347255,0.08963041464680035,-0.28925874477065,0.12424023961879031,-0.09842921698249743,0.03694997309651473,0.3488372093023256,0.4772727272727273,0.39285714285714285,0.47368421052631576,0.0026501945931267715,0.023033465124758457,4,Cincinnati Bengals,AFC,AFC North,https://a.espncdn.com/i/teamlogos/nfl/500/cin.png,26,24,14,30,24,31,25,32,22,18,27,30,14,29,26,-2.132756303941372,-3
2025,5,NYG,00-0040691,Jaxson Dart,-1.267443110684256,-0.536701483349598,-1.804144594033854,00-0040691,Jaxson Dart,-2.5472302024109426,12,-4.351374796444796,2.6398721495305644,-0.1235339694191614,3.4558994867440225,-0.032222129266992645,0.10359113543511038,0.00947439486715167,0.06977711708792719,-0.10158269345167502,0.17679291141747402,0.5365853658536586,0.45454545454545453,0.4223826714801444,0.4826388888888889,-0.005810122280997969,0.044612105871051314,4,New York Giants,NFC,NFC East,https://a.espncdn.com/i/teamlogos/nfl/500/nyg.png,27,22,22,22,28,23,26,24,18,19,32,11,12,22,29,-0.19473407296980216,1
2025,5,NYJ,00-0036945,Justin Fields,-2.25777700966036,-2.4131803427216787,-4.670957352382039,00-0036945,Justin Fields,0.023030385910119845,51,-4.6479269664719185,2.6398721495305644,4.770751674625264,0.5422822292150498,-0.009708425477825126,0.1301274543254417,0.06128446534937445,0.34229393332454056,-0.12072922283525422,-0.11620142383452899,0.41025641025641024,0.55,0.48132780082987553,0.403921568627451,-0.09120177816503097,-0.05615362823902202,4,New York Jets,AFC,AFC East,https://a.espncdn.com/i/teamlogos/nfl/500/nyj.png,28,27,32,12,22,22,28,19,30,24,13,25,25,8,6,-0.03137473396816759,1
2025,5,TEN,00-0040676,Cam Ward,-3.2080966050750095,-1.4577819674133248,-4.665878572488334,00-0040676,Cam Ward,-0.2307108914922585,17,-4.896589463980593,2.6398721495305644,-12.021998360792455,4.010579700592482,-0.23662654238083078,0.15177666840069973,-0.2860451681565515,0.17711213689784053,-0.13655382518499634,0.11768894715000122,0.3488372093023256,0.6097560975609756,0.36363636363636365,0.4573643410852713,-0.02302848823010607,0.03733324117541456,4,Tennessee Titans,AFC,AFC South,https://a.espncdn.com/i/teamlogos/nfl/500/ten.png,29,31,30,31,29,32,30,31,26,26,30,30,30,31,21,-0.17050464935948817,1
2025,5,LV,00-0030565,Geno Smith,-3.201895490914715,-0.5479908225906338,-3.749886313505349,00-0030565,Geno Smith,-1.27490582272557,70,-5.024792136230919,2.6398721495305644,-4.588795450444568,-3.410441691771309,-0.10677244172863463,-0.0073178937772215916,-0.015812611298189845,0.1567015410323748,-0.24367158045728388,-0.2766550709382431,0.4090909090909091,0.6046511627906976,0.39919354838709675,0.4302788844621514,-0.039406290693044264,0.026104599359253175,4,Las Vegas Raiders,AFC,AFC West,https://a.espncdn.com/i/teamlogos/nfl/500/lv.png,30,30,23,28,10,29,15,26,25,30,2,26,29,28,13,0.07546228388020015,1
2025,5,CLE,00-0040704,Dillon Gabriel,-4.472026597162721,0.31426788577151177,-4.1577587113912085,00-0026158,Joe Flacco,-2.578451063257156,NA,-6.736209774648364,2.6398721495305644,-15.26686042202918,-6.41941256810863,-0.19291436486449065,-0.04183455161318675,-0.27216190563583476,0.06853448139359263,-0.02561400101387537,-0.18975181234392202,0.28888888888888886,0.4186046511627907,0.35,0.4008810572687225,-0.011624065994268566,-0.01154172119078314,4,Cleveland Browns,AFC,AFC North,https://a.espncdn.com/i/teamlogos/nfl/500/cle.png,31,32,12,32,5,30,10,30,17,9,6,32,7,32,4,-3.8390244039831627,-5
2025,5,NO,00-0039376,Spencer Rattler,-2.581031776838129,-1.0704302045921765,-3.6514619814303053,00-0039376,Spencer Rattler,-4.221231991236467,12,-7.872693972666772,2.6398721495305644,-4.547100954216813,1.2377261735187046,-0.07573120449204415,0.10425688775669775,-0.05195426426235393,0.2770354042658962,-0.11565851921737298,-0.10778947341368214,0.3953488372093023,0.55,0.43309859154929575,0.45714285714285713,-0.0550135654911004,-0.003803204005688704,4,New Orleans Saints,NFC,NFC South,https://a.espncdn.com/i/teamlogos/nfl/500/no.png,32,29,27,27,25,26,27,28,29,20,14,27,25,21,20,0.10478605468603597,0
2025,6,DET,00-0033106,Jared Goff,2.485485792658933,2.1050999287848304,4.590585721443763,00-0033106,Jared Goff,1.7880144295732545,160,6.378600151017018,2.493616032002498,8.386857547814754,-4.977388998010784,0.15316683372838316,-0.0636258816505179,0.31877222249916826,0.014551557586272362,-0.028103929655854527,-0.2153820872278166,0.5818181818181818,0.4107142857142857,0.4935483870967742,0.39666666666666667,-0.06731892977234555,0.0032960662059946465,5,Detroit Lions,NFC,NFC North,https://a.espncdn.com/i/teamlogos/nfl/500/det.png,1,3,2,9,4,5,4,3,9,9,5,5,5,3,2,0.591801283205827,0
2025,6,BUF,00-0034857,Josh Allen,3.380075845540113,-0.5008518938176127,2.8792239517225005,00-0034857,Josh Allen,1.8843274188638024,139,4.763551370586303,2.493616032002498,18.313753640147976,-0.384503729143827,0.1835221873872444,0.022881222684957882,0.3057873650407797,0.024025441568238447,0.01023988524518354,0.02129838656308641,0.5686274509803921,0.46,0.4880952380952381,0.43006993006993005,0.008517398819408968,-0.07740345447641143,5,Buffalo Bills,AFC,AFC East,https://a.espncdn.com/i/teamlogos/nfl/500/buf.png,2,2,22,1,16,1,17,4,11,6,26,7,10,6,12,-0.9304419441000293,0
2025,6,LA,00-0026498,Matthew Stafford,2.0868675036642568,1.4001607779124403,3.487028281576697,00-0026498,Matthew Stafford,-0.17504290414655913,173,3.3119853774301378,2.493616032002498,5.76012331965175,-2.240220433878627,0.0760456378548851,-0.04007565458177872,0.19766675265327846,-0.022896313950446456,-0.1314256756247271,-0.06888824949889504,0.5660377358490566,0.4117647058823529,0.5062111801242236,0.4294117647058823,0.03183524520009147,-0.022999387982056602,5,Los Angeles Rams,NFC,NFC West,https://a.espncdn.com/i/teamlogos/nfl/500/lar.png,3,5,3,13,12,11,7,9,6,22,19,8,6,1,11,0.24214170253846712,1
2025,6,GB,00-0036264,Jordan Love,1.4825814718624435,0.6684487588699235,2.151030230732367,00-0036264,Jordan Love,0.8807224649172711,52,3.0317526956496383,2.493616032002498,11.93984286732856,-2.2723857535196195,0.17454505261432363,0.009349968920772323,0.33335420342560873,0.05210495959138809,-0.03064199179671733,-0.08763086357599027,0.5384615384615384,0.41025641025641024,0.4826254826254826,0.4216417910447761,-0.0299001794204915,-0.01054739866871899,4,Green Bay Packers,NFC,NFC North,https://a.espncdn.com/i/teamlogos/nfl/500/gb.png,4,9,8,5,11,4,14,1,13,10,17,11,4,10,8,-0.10798168520718221,-1
2025,6,TB,00-0034855,Baker Mayfield,2.387223443347451,0.6542904082203234,3.041513851567774,00-0034855,Baker Mayfield,-0.12913853739781186,125,2.9123753141699624,2.493616032002498,6.894495271093694,1.4599638086596034,0.1031717236865744,0.030545111562007798,0.25724336967907807,0.1911875669228025,-0.16396863025204078,-0.2800303021355286,0.5769230769230769,0.5,0.4336283185840708,0.4642857142857143,-0.002497230867191602,0.0030713325456483017,5,Tampa Bay Buccaneers,NFC,NFC South,https://a.espncdn.com/i/teamlogos/nfl/500/tb.png,5,4,9,11,22,8,18,7,26,27,1,6,14,23,22,1.0300717883383856,4
2025,6,WAS,00-0039910,Jayden Daniels,3.8735317499730675,0.10230753448322272,3.97583928445629,00-0039910,Jayden Daniels,-1.388783715714327,23,2.587055568741963,2.493616032002498,11.29586592292517,-3.717980046042208,0.12552385882824263,0.020311204992993364,0.1734914082798571,0.1210237673800799,0.04695632093335691,-0.12659283337614036,0.5918367346938775,0.4489795918367347,0.4869281045751634,0.42201834862385323,0.014926360215476265,-0.043563279398558294,5,Washington Commanders,NFC,NFC East,https://a.espncdn.com/i/teamlogos/nfl/500/was.png,6,1,15,6,9,7,16,12,19,3,12,3,8,8,9,0.5866814975288541,0
2025,6,DAL,00-0033077,Dak Prescott,0.8548747198657016,-0.5958920405662136,0.25898267929948804,00-0033077,Dak Prescott,2.210455808926709,145,2.4694384882261966,2.493616032002498,17.542908629473654,5.805941435147096,0.1784947671775608,0.2030845008975624,0.23549245175223957,0.33990833840349066,0.07244169833778967,-0.039667468871020024,0.5094339622641509,0.58,0.49283667621776506,0.502906976744186,0.0027206451494800866,0.0017453371858254713,5,Dallas Cowboys,NFC,NFC East,https://a.espncdn.com/i/teamlogos/nfl/500/dal.png,7,11,24,2,30,3,32,8,31,2,23,17,29,5,31,0.12464997126094879,-2
2025,6,PIT,00-0023459,Aaron Rodgers,-0.1708885502072937,1.2860205735882513,1.1151320233809576,00-0023459,Aaron Rodgers,0.5681065821622368,164,1.6832386055431945,2.493616032002498,4.1443716196139,0.894332058224728,0.05896341130186001,0.043717758571631085,0.12061848026329891,0.1478930735591295,-0.03109455459687095,-0.11780176650072885,0.46153846153846156,0.525,0.4657534246575342,0.460431654676259,-0.0024370953389066677,-0.030439005361056842,4,Pittsburgh Steelers,AFC,AFC North,https://a.espncdn.com/i/teamlogos/nfl/500/pit.png,8,17,4,17,21,12,24,13,22,11,14,23,23,12,19,-0.20459301631595217,0
2025,6,KC,00-0033873,Patrick Mahomes,1.874363469698917,-0.7297326444736827,1.1446308252252344,00-0033873,Patrick Mahomes,0.5049336580498851,147,1.6495644832751195,2.493616032002498,12.88484409328357,1.8891147695713486,0.1292954761539205,0.04146588765530967,0.17990993989653914,0.02330485457218006,0.015919077370454737,0.07388418035510178,0.6086956521739131,0.5217391304347826,0.4876543209876543,0.4697986577181208,0.08899113971433212,0.007475285629071157,5,Kansas City Chiefs,AFC,AFC West,https://a.espncdn.com/i/teamlogos/nfl/500/kc.png,9,6,26,3,26,6,23,10,10,4,30,2,22,7,23,-0.02209297830339607,1
2025,6,DEN,00-0039732,Bo Nix,0.8078311298210701,0.39880526837208574,1.2066363981931558,00-0039732,Bo Nix,0.3606457716021718,36,1.5672821697953276,2.493616032002498,4.580829836463105,-4.942898169829572,0.04737172218117856,-0.07421856545750745,0.10903593843062415,-0.04655460194662425,-0.054107184874995676,-0.13194048932156177,0.49056603773584906,0.3888888888888889,0.43452380952380953,0.3894080996884735,0.02298603356205555,0.041522282078460065,5,Denver Broncos,AFC,AFC West,https://a.espncdn.com/i/teamlogos/nfl/500/den.png,10,12,13,16,5,14,3,15,4,14,10,20,2,22,1,0.41003246486211475,2
2025,6,HOU,00-0039163,C.J. Stroud,-1.6228418400626028,2.3322642220575167,0.7094223819949139,00-0039163,C.J. Stroud,0.8206033306767178,51,1.5300257126716317,2.493616032002498,4.069284378127522,-6.8981892226987895,0.015416595896752261,-0.10556844094382556,0.07526895371261234,-0.11424863250403172,-0.07606505669984688,-0.09107562110669563,0.5306122448979592,0.29411764705882354,0.42443729903536975,0.42474916387959866,0.008682926436309607,-0.028250999423214372,5,Houston Texans,AFC,AFC South,https://a.espncdn.com/i/teamlogos/nfl/500/hou.png,11,24,1,19,2,19,2,20,2,17,16,12,1,25,10,2.2690649783848773,10
2025,6,PHI,00-0036389,Jalen Hurts,0.5493855544253023,-0.4561666768263333,0.09321887759896907,00-0036389,Jalen Hurts,1.1959038199123824,93,1.2891226975113514,2.493616032002498,6.043770157785206,-0.13702553949004734,0.026837899651488202,-0.014700726930951162,0.037593639455771724,0.04811329729149974,0.010837625562471396,-0.11955962220552648,0.37254901960784315,0.5576923076923077,0.43521594684385384,0.4501510574018127,-0.006325664530825057,-0.009093783007836862,5,Philadelphia Eagles,NFC,NFC East,https://a.espncdn.com/i/teamlogos/nfl/500/phi.png,12,13,19,12,18,18,10,23,12,5,13,29,28,21,18,-0.6352113436680611,-5
2025,6,IND,00-0035710,Daniel Jones,1.7410914131205717,1.0048165388378418,2.7459079519584133,00-0035710,Daniel Jones,-1.9653895482907502,84,0.7805184036676631,2.493616032002498,12.365768903612386,-4.06247519565202,0.18098728946645418,-0.060939936315102576,0.2650079629500497,-0.02869438521392194,0.07463944400819697,-0.1285923670567953,0.6888888888888889,0.4782608695652174,0.5,0.4778481012658228,-0.015546277506023044,0.022167196461228535,5,Indianapolis Colts,AFC,AFC South,https://a.espncdn.com/i/teamlogos/nfl/500/ind.png,13,8,6,4,6,2,5,6,5,1,11,1,11,2,25,-0.14487162346072013,1
2025,6,NE,00-0039851,Drake Maye,-1.248054588882622,0.5046527884435283,-0.7434018004390937,00-0039851,Drake Maye,1.0318299258118013,32,0.2884281253727077,2.493616032002498,10.183551834743492,-2.047385261932172,0.08218271930365909,0.040048096904754936,0.2755260147407644,0.19550627251202887,-0.27080182924665247,-0.21814765562558697,0.5434782608695652,0.5,0.4512987012987013,0.4803921568627451,0.02034354759714026,-4.737612166977812e-4,5,New England Patriots,AFC,AFC East,https://a.espncdn.com/i/teamlogos/nfl/500/ne.png,14,23,11,7,14,10,22,5,27,32,4,9,14,16,26,0.6388999341896946,5
2025,6,MIN,00-0032950,Carson Wentz,-0.9398248930912103,0.40740525296308094,-0.5324196401281294,00-0032950,Carson Wentz,0.7179377322621899,100,0.18551809213406056,2.493616032002498,-3.9632248597327213,-6.93844173619861,-0.0425334123666385,-0.1201575895493794,-0.008569046786369378,-0.23000881830199674,-0.10181666865219913,0.008260044062835217,0.35714285714285715,0.42857142857142855,0.45364238410596025,0.41883116883116883,7.941348261581629e-4,-0.05459491475627788,5,Minnesota Vikings,NFC,NFC North,https://a.espncdn.com/i/teamlogos/nfl/500/min.png,15,22,12,27,1,27,1,27,1,19,25,31,7,15,6,-0.13879849320883952,2
2025,6,SEA,00-0034869,Sam Darnold,-0.3755518485988751,1.0660706900887131,0.690518841489838,00-0034869,Sam Darnold,-0.5062827950658729,95,0.18423604642396507,2.493616032002498,4.96654418774691,-2.2368657108694547,0.09708928294124981,0.0315393170489961,0.3289453766993513,0.1546503659797514,-0.1508679284389421,-0.22484791329303552,0.5882352941176471,0.5094339622641509,0.47651006711409394,0.4375,-0.0709937291844007,0.013285384707787734,5,Seattle Seahawks,NFC,NFC West,https://a.espncdn.com/i/teamlogos/nfl/500/sea.png,16,20,5,15,13,9,19,2,23,26,3,4,18,11,13,0.25932024072035076,2
2025,6,JAX,00-0036971,Trevor Lawrence,-0.029094893624494855,0.07954783010748834,0.05045293648299348,00-0036971,Trevor Lawrence,-0.06183347062462875,80,-0.01138053414163527,2.493616032002498,8.169821419956467,-0.08700959497210974,0.04473436701647787,-0.04432058109614887,0.09632308205097063,-0.0486328482454513,-0.03364848683437933,-0.03397113993782305,0.5,0.5283018867924528,0.4553846153846154,0.44891640866873067,0.015976155641535678,0.0393722163891994,5,Jacksonville Jaguars,AFC,AFC South,https://a.espncdn.com/i/teamlogos/nfl/500/jax.png,17,16,16,10,19,16,6,17,3,12,24,18,24,14,17,-1.068864195280416,-4
2025,6,LAC,00-0036355,Justin Herbert,-0.17796761976264436,0.12052058067584825,-0.0574470390867961,00-0036355,Justin Herbert,0.00395085049159155,98,-0.05349618859520455,2.493616032002498,4.115186853656015,-3.865532083688888,-0.008165461271071275,-0.035270451631557814,0.029726840834238318,4.966143860975481e-4,-0.08568824447734687,-0.10100451890724874,0.46938775510204084,0.4791666666666667,0.4427710843373494,0.4126984126984127,0.06270865565539588,0.045471754876748496,5,Los Angeles Chargers,AFC,AFC West,https://a.espncdn.com/i/teamlogos/nfl/500/lac.png,18,18,14,18,7,24,8,24,7,18,15,22,13,19,4,-0.4089818173508041,-2
2025,6,MIA,00-0036212,Tua Tagovailoa,0.032530994722565765,-1.3178593492275148,-1.285328354504949,00-0036212,Tua Tagovailoa,0.38076323499117276,77,-0.9045651195137763,2.493616032002498,5.504706428576601,8.374625887414192,0.027025669274795786,0.20255337274759952,0.0765338110313272,0.3051094932854195,-0.07471084180730721,0.07399710897483933,0.4883720930232558,0.6744186046511628,0.41007194244604317,0.51875,0.007935959131365349,-0.04062664575563236,5,Miami Dolphins,AFC,AFC East,https://a.espncdn.com/i/teamlogos/nfl/500/mia.png,19,15,30,14,32,17,31,19,30,16,31,21,32,27,32,-0.373369532627697,1
2025,6,ARI,00-0033119,Jacoby Brissett,-0.41557990709010223,0.574806207520747,0.15922630043064473,00-0035228,Kyler Murray,-1.5528631762549745,65,-1.3936368758243298,2.493616032002498,1.3240731252440625,-3.180279511935737,0.011312743710719412,-0.004027373926127387,0.11294887825492912,0.09623611509701585,-0.18097183515670437,-0.21342722710720533,0.4489795918367347,0.5294117647058824,0.3987538940809969,0.46131805157593125,0.02053259508518019,-0.01462767067844327,5,Arizona Cardinals,NFC,NFC West,https://a.espncdn.com/i/teamlogos/nfl/500/ari.png,20,21,10,23,10,20,12,14,16,29,6,25,25,30,21,-2.2562697841500006,-5
2025,6,ATL,00-0039917,Michael Penix,1.2968699167301663,-0.9082332443339833,0.38863667239618294,00-0039917,Michael Penix,-1.8149695527757057,12,-1.4263328803795228,2.493616032002498,3.0441624806358853,0.16804072491242095,-0.0064716936815633445,-0.027684816364070868,0.04410556393595784,0.002852061801169067,-0.0717466159058855,-0.07510679186773761,0.5,0.5,0.44402985074626866,0.4423963133640553,-0.06201519280420668,-0.00866565890124789,4,Atlanta Falcons,NFC,NFC South,https://a.espncdn.com/i/teamlogos/nfl/500/atl.png,21,10,27,21,20,23,9,22,8,15,18,18,14,18,15,-0.16397116929256295,1
2025,6,BAL,00-0033662,Cooper Rush,1.8362023160052476,-1.5997530431798825,0.2364492728253651,00-0033662,Cooper Rush,-1.7580787193918033,16,-1.5216294465664382,2.493616032002498,9.160369447124722,7.512925365469331,0.05271087115253947,0.17653222176331473,0.10752987325981526,0.2281809908857417,-0.04293079209845237,0.09536987028521521,0.5192307692307693,0.5925925925925926,0.44573643410852715,0.49444444444444446,-0.009994455061608292,0.007018281701858366,5,Baltimore Ravens,AFC,AFC North,https://a.espncdn.com/i/teamlogos/nfl/500/bal.png,22,7,31,8,31,13,30,16,29,13,32,14,30,17,29,-2.9971109657146187,-11
2025,6,CIN,00-0026158,Joe Flacco,-1.8255821349952461,-0.5478971548408866,-2.3734792898361325,00-0035100,Jake Browning,0.7671785077125404,95,-1.6063007821235922,2.493616032002498,-7.074866856432147,2.644655641055004,-0.17936799900984446,0.1091565243096416,-0.21442796203025122,0.17191108924535123,-0.10301519065429197,0.022598503708662787,0.36363636363636365,0.5178571428571429,0.40559440559440557,0.4811594202898551,0.0163904694315826,0.010764669072701436,5,Cincinnati Bengals,AFC,AFC North,https://a.espncdn.com/i/teamlogos/nfl/500/cin.png,23,27,23,30,28,31,28,30,25,20,27,30,20,28,27,2.2705629181105045,3
2025,6,CHI,00-0039918,Caleb Williams,-1.673699211040312,-0.4770103876716174,-2.1507095987119293,00-0039918,Caleb Williams,0.05571307028290746,36,-2.094996528429022,2.493616032002498,-2.114124681156609,3.218486626526393,-0.034540729687334175,0.03183712045825874,0.08944702396257855,0.0927397318657092,-0.2521788079026065,-0.04386425633791802,0.5116279069767442,0.5,0.40540540540540543,0.5,-0.021230542591079024,-0.06494812318313559,4,Chicago Bears,NFC,NFC North,https://a.espncdn.com/i/teamlogos/nfl/500/chi.png,24,26,21,26,29,25,20,18,14,31,22,15,14,29,30,-0.22699962036597987,-1
2025,6,CAR,00-0039150,Bryce Young,-0.2963234483695388,-0.6927728099428112,-0.9890962583123499,00-0039150,Bryce Young,-1.2739904339510586,42,-2.2630866922634088,2.493616032002498,-0.5723346744028369,1.5372172737932643,5.183199559607875e-4,0.03478576832803666,0.004033288615327101,0.09563357379741377,-0.005604528676483766,-0.0658690126820544,0.5208333333333334,0.4782608695652174,0.4588235294117647,0.40492957746478875,-0.03453570533739373,0.0019678781588763827,5,Carolina Panthers,NFC,NFC South,https://a.espncdn.com/i/teamlogos/nfl/500/car.png,25,19,25,25,23,21,21,26,15,7,20,13,11,13,3,0.9262400376324784,0
2025,6,SF,00-0036972,Mac Jones,0.3951240973798487,0.06999945531183549,0.4651235526916842,00-0036972,Mac Jones,-2.8799543671330805,58,-2.4148308144413964,2.493616032002498,1.6202674520166465,-3.7193270733476402,0.04733639806234398,0.004251940109801889,0.17642690170567796,0.11874232574620569,-0.1760894736280417,-0.17579342439905896,0.54,0.4528301886792453,0.49295774647887325,0.4702194357366771,0.008660184765754439,-0.018753119680727466,5,San Francisco 49ers,NFC,NFC West,https://a.espncdn.com/i/teamlogos/nfl/500/sf.png,26,14,17,22,8,15,13,11,17,28,7,10,9,4,24,0.030951840460851976,-2
2025,6,NYJ,00-0036945,Justin Fields,-1.6534892629292597,-2.745033491636364,-4.398522754565624,00-0036945,Justin Fields,0.01814764427407003,51,-4.380375110291554,2.493616032002498,3.6549574057869654,2.598222653757671,-0.005438423509314394,0.16937169422521672,0.06314823953645264,0.35469190657050065,-0.13107947882324164,-0.05249053182195419,0.42,0.5490196078431373,0.484375,0.4166666666666667,-0.06161342576920412,-0.03877889001508513,5,New York Jets,AFC,AFC East,https://a.espncdn.com/i/teamlogos/nfl/500/nyj.png,27,25,32,20,27,22,29,21,32,21,21,26,27,9,5,0.2675518561803649,1
2025,6,TEN,00-0040676,Cam Ward,-3.0031293966834163,-1.163883285625471,-4.167012682308887,00-0040676,Cam Ward,-0.41206167958977824,17,-4.579074361898666,2.493616032002498,-10.037619938859592,1.8209488540979764,-0.19304300258902093,0.10774860176673115,-0.21500778028122453,0.1669665917672227,-0.14733851567393064,0.027074818287800683,0.38181818181818183,0.5471698113207547,0.3836065573770492,0.4386503067484663,-0.02229543207938079,0.027589764011426272,5,Tennessee Titans,AFC,AFC South,https://a.espncdn.com/i/teamlogos/nfl/500/ten.png,28,30,28,31,25,32,27,31,24,25,28,28,26,31,14,0.3175151020819271,1
2025,6,NYG,00-0040691,Jaxson Dart,-1.8628043993595793,-0.46218741609600844,-2.3249918154555878,00-0040691,Jaxson Dart,-2.9386470606750943,12,-5.263638876130682,2.493616032002498,-0.5143464361488824,1.7628114743934258,-0.08108852882386092,0.10476588496853802,-0.04687924116245324,0.12094964130507374,-0.1401530020517601,0.07373587281914719,0.5098039215686274,0.5094339622641509,0.4326647564469914,0.48158640226628896,-0.008995143875558855,0.018799386683337315,5,New York Giants,NFC,NFC East,https://a.espncdn.com/i/teamlogos/nfl/500/nyg.png,29,28,20,24,24,28,26,28,18,23,29,16,18,24,28,-0.9122640796858859,-2
2025,6,LV,00-0030565,Geno Smith,-3.2239355240657916,-1.2346564921361072,-4.458592016201899,00-0030565,Geno Smith,-1.516355092509911,70,-5.97494710871181,2.493616032002498,-6.587574773260945,-1.0130620534920567,-0.12602550851496952,0.05494926430914506,-0.05367732598129573,0.1969730196180056,-0.2380485008251741,-0.16905568308856994,0.41509433962264153,0.6274509803921569,0.4177215189873418,0.4479495268138801,-0.03535755257304104,0.01598899745523951,5,Las Vegas Raiders,AFC,AFC West,https://a.espncdn.com/i/teamlogos/nfl/500/lv.png,30,31,29,29,15,29,25,29,28,30,8,27,31,26,16,-0.9501549724808909,0
2025,6,NO,00-0039376,Spencer Rattler,-2.0239433552673893,-0.2553445647159105,-2.2792879199833,00-0039376,Spencer Rattler,-3.7790897430622366,12,-6.058377663045537,2.493616032002498,-4.831281474018381,-0.34691942475258786,-0.041144847241141584,0.01945921371552193,0.02378575435566409,0.13879998342610153,-0.14283762768319752,-0.1435210911877323,0.46153846153846156,0.52,0.44126074498567336,0.4605678233438486,-0.06090115040638405,-0.007389609255311444,5,New Orleans Saints,NFC,NFC South,https://a.espncdn.com/i/teamlogos/nfl/500/no.png,31,29,18,28,17,26,15,25,21,24,9,23,21,20,20,1.8143163096212351,1
2025,6,CLE,00-0040704,Dillon Gabriel,-4.541328544785279,0.9120576788527228,-3.6292708659325563,00-0040704,Dillon Gabriel,-2.6141344583402533,6,-6.24340532427281,2.493616032002498,-12.480664857222424,-5.16814157495219,-0.16385225176362134,-0.01461949371976716,-0.24142449382160783,0.1274569022456808,-0.023096167384210275,-0.22895888418488256,0.2807017543859649,0.4074074074074074,0.3553008595988539,0.41924398625429554,-0.03055922615555943,0.001300951362780526,5,Cleveland Browns,AFC,AFC North,https://a.espncdn.com/i/teamlogos/nfl/500/cle.png,32,32,7,32,3,30,11,32,20,8,2,32,3,32,7,0.4928044503755542,-1
2025,7,DET,00-0033106,Jared Goff,1.7956829110876231,1.7121064980208267,3.50778940910845,00-0033106,Jared Goff,1.8535591653685242,160,5.361348574476974,2.5616380477737435,8.226663394094164,-2.597079509126402,0.14279757599331974,-0.0012289959353725738,0.29931043901592397,0.08710809633928339,-0.035811220632475695,-0.1735587333236358,0.5555555555555556,0.4603174603174603,0.49725274725274726,0.425,-0.06435485624484395,0.02554274787612786,6,Detroit Lions,NFC,NFC North,https://a.espncdn.com/i/teamlogos/nfl/500/det.png,1,7,2,9,8,5,9,4,13,11,7,9,8,5,10,-1.017251576540044,0
2025,7,GB,00-0036264,Jordan Love,2.0254898139934947,0.9309175674317807,2.9564073814252754,00-0036264,Jordan Love,1.0471332100164565,52,4.003540591441732,2.5616380477737435,13.033472994786933,-1.3309784748136242,0.18185853277228514,0.02813642560443666,0.3271029773793827,0.07440919795284857,-0.0038468642610752844,-0.08187945150964471,0.574468085106383,0.3958333333333333,0.5015673981191222,0.4380664652567976,-0.02078897942271268,-0.0021525141605247037,5,Green Bay Packers,NFC,NFC North,https://a.espncdn.com/i/teamlogos/nfl/500/gb.png,2,4,6,5,15,2,17,2,12,7,18,6,3,2,12,0.9717878957920938,2
2025,7,BUF,00-0034857,Josh Allen,2.415954079751961,-0.666293261697545,1.7496608180544162,00-0034857,Josh Allen,1.8904291273526714,139,3.6400899454070874,2.5616380477737435,14.659992935644889,-0.41995005333478813,0.14179707984438492,0.04534574690095213,0.23774466059161412,0.04101234789196447,5.912062918588961e-4,0.05120014026408775,0.5161290322580645,0.47540983606557374,0.4860050890585242,0.4450704225352113,0.0032505990084047615,-0.061525444202584045,6,Buffalo Bills,AFC,AFC East,https://a.espncdn.com/i/teamlogos/nfl/500/buf.png,3,3,25,2,19,6,23,8,9,5,29,15,10,6,17,-1.1234614251792152,-1
2025,7,LA,00-0026498,Matthew Stafford,1.893862459809958,1.4362448947159887,3.3301073545259468,00-0026498,Matthew Stafford,-0.28806871038243803,173,3.0420386441435086,2.5616380477737435,3.859985526808036,-4.884848041464864,0.06637671833142005,-0.09889780731278676,0.18832949486475903,-0.08104157436593265,-0.13658754547049418,-0.1267228574262895,0.5901639344262295,0.4166666666666667,0.5013404825737265,0.4196642685851319,0.031753342931644384,-0.041654958323284856,6,Los Angeles Rams,NFC,NFC West,https://a.espncdn.com/i/teamlogos/nfl/500/lar.png,4,5,3,18,4,12,4,11,4,24,11,4,4,3,7,-0.2699467332866292,-1
2025,7,KC,00-0033873,Patrick Mahomes,2.7535260724189485,-0.41692288638222497,2.3366031860367236,00-0033873,Patrick Mahomes,0.6169832373006404,147,2.953586423337364,2.5616380477737435,13.781405087221179,1.4843313524920962,0.1576485943549257,0.04787907308821557,0.2202664585738344,0.04877288048210936,0.019889293073326653,0.04633396418249219,0.6415094339622641,0.5,0.5,0.4772727272727273,0.09695530913307576,-0.002026343410330032,6,Kansas City Chiefs,AFC,AFC West,https://a.espncdn.com/i/teamlogos/nfl/500/kc.png,5,2,22,3,25,4,24,9,10,3,28,2,15,4,24,1.3040219400622444,4
2025,7,TB,00-0034855,Baker Mayfield,1.7987609244933613,0.19378454988464622,1.9925454743780076,00-0034855,Baker Mayfield,-0.007051698808671423,125,1.985493775569336,2.5616380477737435,8.994766781695956,0.8650951683090248,0.12488530761977364,0.008577632943157498,0.2910420032097036,0.13129685226203897,-0.14207311662804722,-0.23588684363651907,0.5901639344262295,0.5333333333333333,0.4475703324808184,0.46153846153846156,-0.008468178328246251,0.007985513392642089,6,Tampa Bay Buccaneers,NFC,NFC South,https://a.espncdn.com/i/teamlogos/nfl/500/tb.png,6,6,13,8,23,7,12,5,20,25,1,4,24,17,20,-0.9268815386006264,-1
2025,7,PIT,00-0023459,Aaron Rodgers,0.10913296717663812,0.9560450924140689,1.065178059590707,00-0023459,Aaron Rodgers,0.6020596820525027,164,1.6672377416432096,2.5616380477737435,4.536116351393446,-1.7643780990724323,0.06935868629774508,0.006813912438021901,0.1544200901527386,0.0654612709172916,-0.05077189283079842,-0.10210261045205038,0.48936170212765956,0.5102040816326531,0.45454545454545453,0.4444444444444444,-0.006418731501189384,-0.023113170531868298,5,Pittsburgh Steelers,AFC,AFC North,https://a.espncdn.com/i/teamlogos/nfl/500/pit.png,7,17,5,16,12,11,11,12,11,13,16,22,20,14,16,-0.016000863899984896,1
2025,7,DAL,00-0033077,Dak Prescott,0.38590449610220023,-1.069539995512013,-0.6836354994098128,00-0033077,Dak Prescott,2.3201849440087727,145,1.63654944459896,2.5616380477737435,16.807076328984575,6.7625581818826985,0.1886923198220309,0.20156287612618246,0.28749297505499455,0.32173526228554933,0.0030882317772492874,0.013368384593589024,0.5081967213114754,0.5932203389830508,0.4838709677419355,0.5171568627450981,0.0059973038474881585,-0.015877904848969174,6,Dallas Cowboys,NFC,NFC East,https://a.espncdn.com/i/teamlogos/nfl/500/dal.png,8,13,29,1,31,1,32,6,32,4,26,18,30,8,32,-0.8328890436272367,-1
2025,7,HOU,00-0039163,C.J. Stroud,-1.5662826058342654,2.3235439494941237,0.7572613436598583,00-0039163,C.J. Stroud,0.8395630159736976,51,1.596824359633556,2.5616380477737435,4.069284378127523,-6.8981892226987895,0.015416595896752266,-0.10556844094382556,0.07526895371261234,-0.11424863250403175,-0.07606505669984688,-0.09107562110669562,0.5306122448979592,0.29411764705882354,0.42443729903536975,0.42474916387959866,0.008682926436309604,-0.028250999423214372,5,Houston Texans,AFC,AFC South,https://a.espncdn.com/i/teamlogos/nfl/500/hou.png,9,27,1,17,3,20,3,17,3,16,17,13,1,25,9,0.06679864696192439,2
2025,7,WAS,00-0039910,Jayden Daniels,3.5951538631658893,-0.8025286474228794,2.79262521574301,00-0039910,Jayden Daniels,-1.6899959563429463,23,1.1026292594000635,2.5616380477737435,11.811337054928401,-2.231206722792193,0.10881159526455515,0.037666848380781694,0.21000749260695611,0.11231928025228168,-0.05743880751224637,-0.07194938069635749,0.6206896551724138,0.5084745762711864,0.4837837837837838,0.4358974358974359,0.017871158192435992,-0.037796435084196896,6,Washington Commanders,NFC,NFC East,https://a.espncdn.com/i/teamlogos/nfl/500/was.png,10,1,26,6,9,8,20,10,17,14,21,3,18,9,11,-1.4844263093418997,-4
2025,7,PHI,00-0036389,Jalen Hurts,0.2922923107196409,-0.8502091372414196,-0.5579168265217787,00-0036389,Jalen Hurts,1.1891867969640522,93,0.6312699704422735,2.5616380477737435,5.136020387927082,1.0307222314803735,0.01202961277953044,0.036945165831974394,0.020887543194957406,0.09942899403273077,-0.0019264070836242598,-0.06061023045565813,0.39344262295081966,0.5645161290322581,0.43854748603351956,0.45843828715365237,0.003246168696305326,-0.004262239166096437,6,Philadelphia Eagles,NFC,NFC East,https://a.espncdn.com/i/teamlogos/nfl/500/phi.png,11,14,28,13,24,21,19,23,15,6,22,27,29,21,19,-0.6578527270690779,1
2025,7,NE,00-0039851,Drake Maye,-0.7063006750373735,0.10246964168744999,-0.6038310333499235,00-0039851,Drake Maye,1.031037636468474,32,0.4272066031185504,2.5616380477737435,10.57202727355798,-1.9438634353661868,0.09400145782317065,0.024529903455152248,0.3167593519213349,0.15582949045269665,-0.29211222528031405,-0.1936591161142965,0.5454545454545454,0.5087719298245614,0.45799457994579945,0.47790055248618785,0.011777071642056264,-0.0020823586278354163,6,New England Patriots,AFC,AFC East,https://a.espncdn.com/i/teamlogos/nfl/500/ne.png,12,21,14,7,11,9,16,3,22,32,4,11,19,12,25,0.13877847774584273,2
2025,7,LAC,00-0036355,Justin Herbert,0.2908208103222216,0.07193487929211617,0.3627556896143378,00-0036355,Justin Herbert,0.0373996260720931,98,0.4001553156864309,2.5616380477737435,6.502885568549774,-2.8265435420981677,0.00996084152000397,-0.025102769352950444,0.051776321941160476,-0.01678741088819664,-0.07179778437807816,-0.040527441924974664,0.5084745762711864,0.4915254237288136,0.4444444444444444,0.4144385026737968,0.05549927052266638,0.024663306523943274,6,Los Angeles Chargers,AFC,AFC West,https://a.espncdn.com/i/teamlogos/nfl/500/lac.png,13,15,15,10,7,22,8,20,6,15,23,17,14,18,4,0.4536515042816355,5
2025,7,IND,00-0035710,Daniel Jones,1.6781039376532094,0.5617624014061704,2.23986633905938,00-0035710,Daniel Jones,-1.9640386357518709,84,0.27582770330750894,2.5616380477737435,13.39516659418878,-2.2219566453046284,0.17857447999738768,-0.03502202594123704,0.2479766392541277,6.773903753483685e-4,0.08963997651869092,-0.11041919320186543,0.6545454545454545,0.5178571428571429,0.5065616797900262,0.4755784061696658,-0.012169266457904435,0.03278368674017664,6,Indianapolis Colts,AFC,AFC South,https://a.espncdn.com/i/teamlogos/nfl/500/ind.png,14,8,9,4,10,3,7,7,8,1,15,1,21,1,23,-0.5046907003601542,-1
2025,7,MIN,00-0032950,Carson Wentz,-1.2688709221006544,0.5074662550345135,-0.761404667066141,00-0032950,Carson Wentz,0.8806145691953676,100,0.11920990212922666,2.5616380477737435,-3.9632248597327204,-6.93844173619861,-0.0425334123666385,-0.1201575895493794,-0.008569046786369378,-0.23000881830199674,-0.10181666865219913,0.008260044062835217,0.35714285714285715,0.42857142857142855,0.45364238410596025,0.41883116883116883,7.941348261581632e-4,-0.05459491475627788,5,Minnesota Vikings,NFC,NFC North,https://a.espncdn.com/i/teamlogos/nfl/500/min.png,15,25,10,28,2,26,2,27,1,20,25,30,5,15,6,-0.0663081900048339,0
2025,7,DEN,00-0039732,Bo Nix,-0.06356278206516675,0.30463451751451043,0.24107173544934368,00-0039732,Bo Nix,-0.1501196742690441,36,0.09095206118029958,2.5616380477737435,1.672171433229953,-7.128045377629168,0.0186728127849034,-0.12645995549287592,0.0808259131682983,-0.12727221624710294,-0.08352523818108153,-0.12494619681454369,0.4375,0.36363636363636365,0.41878172588832485,0.36772486772486773,0.013615202932114245,0.003846349797110679,6,Denver Broncos,AFC,AFC West,https://a.espncdn.com/i/teamlogos/nfl/500/den.png,16,18,11,23,1,19,1,16,2,18,12,25,2,28,1,-1.476330108615028,-6
2025,7,SEA,00-0034869,Sam Darnold,-0.7447625133973972,1.2678523146229694,0.5230898012255722,00-0034869,Sam Darnold,-0.5034209897136291,95,0.019668811511943107,2.5616380477737435,4.894851243827035,-3.082800866389537,0.08577395237901693,0.013120672046504224,0.3364631700645302,0.11613306213311177,-0.18893339394702457,-0.21047211263760524,0.5555555555555556,0.46875,0.46285714285714286,0.4229828850855746,-0.06274778181396053,0.019538906547597525,6,Seattle Seahawks,NFC,NFC West,https://a.espncdn.com/i/teamlogos/nfl/500/sea.png,17,22,4,15,6,10,14,1,19,30,2,9,9,11,8,-0.16456723491202196,-1
2025,7,CAR,00-0039150,Bryce Young,0.9097912257012275,-0.08152888040622663,0.8282623452950009,00-0039150,Bryce Young,-1.020527182526661,42,-0.1922648372316602,2.5616380477737435,2.8700831467902623,1.7453745615236933,0.031071321623137752,0.06990381464045016,0.02532014776018164,0.18347891292886112,0.03993319329876195,-0.12362815284300209,0.543859649122807,0.48148148148148145,0.4801980198019802,0.40828402366863903,-0.046112106951651834,0.00536999802198507,6,Carolina Panthers,NFC,NFC South,https://a.espncdn.com/i/teamlogos/nfl/500/car.png,18,10,16,22,27,13,25,22,26,2,13,12,11,10,3,2.0708218550317485,7
2025,7,JAX,00-0036971,Trevor Lawrence,-0.940666837628158,0.5697191843578224,-0.3709476532703355,00-0036971,Trevor Lawrence,-0.05273677021474352,80,-0.42368442348507906,2.5616380477737435,5.355318106522444,-0.04285907853418506,0.023386466379178003,-0.03527272180771361,0.06542549558979109,-6.736081317275224e-4,-0.04686667639560492,-0.11062841854270028,0.46153846153846156,0.5076923076923077,0.4371859296482412,0.44,0.02178121565905414,0.029223839497372894,6,Jacksonville Jaguars,AFC,AFC South,https://a.espncdn.com/i/teamlogos/nfl/500/jax.png,19,23,8,11,22,17,6,18,7,12,14,24,16,22,13,-0.4123038893434438,-2
2025,7,ATL,00-0039917,Michael Penix,1.5668944198944703,-0.2369362542495388,1.3299581656449315,00-0039917,Michael Penix,-1.7986211766575884,12,-0.46866301101265684,2.5616380477737435,3.747546498137609,-0.35232640411712385,0.023202660401427527,-0.043594188811219806,0.058403364147951345,-0.025037799862967936,-0.02174958965325489,-0.07346113864221565,0.5098039215686274,0.44680851063829785,0.456973293768546,0.4489051094890511,-0.046039232810054766,-0.011549207130321565,5,Atlanta Falcons,NFC,NFC South,https://a.espncdn.com/i/teamlogos/nfl/500/atl.png,20,9,18,19,21,18,5,19,5,10,20,16,7,13,18,0.9576698693668659,1
2025,7,CHI,00-0039918,Caleb Williams,-0.6946149955561318,-0.40665723426218126,-1.101272229818313,00-0039918,Caleb Williams,0.3494294952051563,36,-0.7518427346131568,2.5616380477737435,0.5986294101373831,3.3993887604663717,-0.0027880191093898115,0.031220060382977848,0.08540995616068624,0.15995803505529704,-0.15324338868775483,-0.1387926847949704,0.5660377358490566,0.5454545454545454,0.4254658385093168,0.4934210526315789,-0.0187768767753412,-0.04543946893106154,5,Chicago Bears,NFC,NFC North,https://a.espncdn.com/i/teamlogos/nfl/500/chi.png,21,20,21,25,28,23,18,15,23,26,10,8,25,24,29,1.343153793815865,3
2025,7,MIA,00-0036212,Tua Tagovailoa,0.15760383233213116,-1.680805244648548,-1.5232014123164168,00-0036212,Tua Tagovailoa,0.4518293010529277,77,-1.071372111263489,2.5616380477737435,5.05879595196392,7.873913785964032,0.027403242090001407,0.18612631683111744,0.044828196824170365,0.2822387126606155,-0.008074593675063309,0.06123775458560192,0.5,0.6792452830188679,0.4124629080118694,0.5078125,-0.006616523263876015,-0.030613480653190483,6,Miami Dolphins,AFC,AFC East,https://a.espncdn.com/i/teamlogos/nfl/500/mia.png,22,16,32,14,32,14,31,21,31,8,31,20,32,29,31,-0.1668069917497128,-3
2025,7,ARI,00-0033119,Jacoby Brissett,-0.10468853913467024,0.22870741043989629,0.12401887130522604,00-0033119,Jacoby Brissett,-1.350819779646279,65,-1.226800908341053,2.5616380477737435,3.457775519966719,-0.646114151232764,0.023514828719726242,0.0196833536740273,0.11553343818617838,0.10339138538780693,-0.1550287418868227,-0.14467767209974441,0.4915254237288136,0.5245901639344263,0.41116751269035534,0.4729064039408867,0.03142151892680302,-0.01140376076825462,6,Arizona Cardinals,NFC,NFC West,https://a.espncdn.com/i/teamlogos/nfl/500/ari.png,23,19,12,20,17,16,15,14,16,28,9,21,22,30,22,0.1668359674832769,-3
2025,7,CIN,00-0026158,Joe Flacco,-1.8852209675901777,-0.4474542662487684,-2.332675233838946,00-0026158,Joe Flacco,0.8825759861359056,95,-1.4500992477030406,2.5616380477737435,-5.554959161797188,4.105939030577556,-0.1274839040473179,0.12460420793598888,-0.14148995851404814,0.18997397896927418,-0.09537568484528544,0.03605097159438734,0.359375,0.546875,0.42406876790830944,0.4962962962962963,0.018896561838360908,0.01157986098865163,6,Cincinnati Bengals,AFC,AFC North,https://a.espncdn.com/i/teamlogos/nfl/500/cin.png,24,28,24,29,29,30,29,30,27,19,27,29,26,26,30,0.15620153442055162,-1
2025,7,SF,00-0036972,Mac Jones,0.6962129467501563,-0.35875576033545364,0.3374571864147027,00-0036972,Mac Jones,-2.6764504188807656,58,-2.3389932324660627,2.5616380477737435,1.4782837013755117,-1.6389411835601784,0.025071449458971908,0.041000835160672676,0.12395782679934217,0.17189389960654705,-0.15370988175904846,-0.15184827978958226,0.5666666666666667,0.4838709677419355,0.4858490566037736,0.4797843665768194,0.012642890242730536,-0.02201475233952614,6,San Francisco 49ers,NFC,NFC West,https://a.espncdn.com/i/teamlogos/nfl/500/sf.png,25,12,19,24,13,15,21,13,24,27,8,7,12,7,27,0.07583758197533363,1
2025,7,NYG,00-0040691,Jaxson Dart,-1.1238457535829536,-0.37851872555611443,-1.502364479139068,00-0040691,Jaxson Dart,-2.0480756487907814,12,-3.5504401279298494,2.5616380477737435,3.3958413126307416,1.6162476494361204,-0.021124638819491056,0.08100183164358016,0.014617389529993086,0.09545326066580762,-0.07867155238847182,0.05282674340599999,0.5245901639344263,0.5079365079365079,0.4433734939759036,0.47804878048780486,-0.004180039889198099,0.02418371137477397,6,New York Giants,NFC,NFC East,https://a.espncdn.com/i/teamlogos/nfl/500/nyg.png,26,24,20,21,26,24,27,24,14,17,30,14,17,20,26,1.7131987482008326,3
2025,7,BAL,00-0033662,Cooper Rush,0.707230932255771,-1.4479065400502025,-0.7406756077944314,00-0033662,Cooper Rush,-3.2072227082672953,16,-3.9478983160617265,2.5616380477737435,5.19606253330799,6.262018554518272,-0.04183659204260338,0.15528812745289533,0.009401239985892235,0.21581695803894602,-0.12263471177984646,0.06129926008325136,0.5081967213114754,0.6129032258064516,0.4298507462686567,0.49148418491484186,-0.030817514222911273,0.01107254001645013,6,Baltimore Ravens,AFC,AFC North,https://a.espncdn.com/i/teamlogos/nfl/500/bal.png,27,11,30,12,30,25,30,26,29,21,32,18,31,23,28,-2.4262688694952885,-5
2025,7,NYJ,00-0036945,Justin Fields,-2.3276099781495367,-1.5036605763716686,-3.8312705545212054,00-0036945,Justin Fields,-0.22449379743431772,51,-4.055764351955523,2.5616380477737435,0.2667437575409437,-0.5250024873393615,-0.06821750447593584,0.11968691400714475,-0.034470046569170194,0.2782109791806687,-0.12470261132697624,-0.07943477761325728,0.3870967741935484,0.4838709677419355,0.4482758620689655,0.4027027027027027,-0.08210007340927615,-0.03785556671550299,6,New York Jets,AFC,AFC East,https://a.espncdn.com/i/teamlogos/nfl/500/nyj.png,28,29,31,26,18,28,28,29,30,22,19,28,12,16,2,0.32461075833603026,-1
2025,7,LV,00-0030565,Geno Smith,-2.916135444600302,-0.20725584751086057,-3.1233912921111626,00-0030565,Geno Smith,-1.4377496720749614,70,-4.561140964186124,2.5616380477737435,-6.903874409564395,-1.587944949109609,-0.11811888239833385,0.008764128983882133,-0.01980851867240209,0.11424418403715213,-0.2601227411135686,-0.17391509679678113,0.43548387096774194,0.5573770491803278,0.42245989304812837,0.4403183023872679,-0.03425587013531466,0.010571993254787575,6,Las Vegas Raiders,AFC,AFC West,https://a.espncdn.com/i/teamlogos/nfl/500/lv.png,29,30,17,30,14,29,13,28,18,31,6,26,28,27,15,1.4138061445256858,1
2025,7,TEN,00-0040676,Cam Ward,-3.4469791610126066,-0.826842074033773,-4.27382123504638,00-0040676,Cam Ward,-0.5172750678688995,17,-4.791096302915279,2.5616380477737435,-11.193461492421873,-1.0227101667432608,-0.19998070122938855,0.08013969492111425,-0.21992035282448597,0.17197273370528013,-0.1560784858752704,-0.039188265654718016,0.35384615384615387,0.5483870967741935,0.3863013698630137,0.4401041666666667,-0.02133169802406268,0.018200227018408094,6,Tennessee Titans,AFC,AFC South,https://a.espncdn.com/i/teamlogos/nfl/500/ten.png,30,31,27,31,16,32,26,31,25,29,24,31,27,31,14,-0.2120219410166131,-2
2025,7,NO,00-0039376,Spencer Rattler,-1.4759909967411793,-0.42512639453505763,-1.901117391276237,00-0039376,Spencer Rattler,-3.7328902997282487,12,-5.634007691004486,2.5616380477737435,-3.0731382893652897,-0.38093164905826155,-0.043788751331477305,0.04111860089694029,0.01186343738011443,0.2050110476291598,-0.1316979411434184,-0.18218485777570878,0.47540983606557374,0.5254237288135594,0.4444444444444444,0.4656084656084656,-0.05243851628590731,-0.011333892401653492,6,New Orleans Saints,NFC,NFC South,https://a.espncdn.com/i/teamlogos/nfl/500/no.png,31,26,23,27,20,27,22,25,28,23,5,23,23,18,21,0.42436997204105076,0
2025,7,CLE,00-0040704,Dillon Gabriel,-3.8068858311983296,0.6397525701475928,-3.167133261050737,00-0040704,Dillon Gabriel,-2.9714893318860223,6,-6.138622592936759,2.5616380477737435,-12.07939938473001,-4.164429776935773,-0.15518553195064821,0.005493887562882735,-0.22067759705761522,0.15284558239493298,-0.020485539886673603,-0.20978589353926158,0.30303030303030304,0.43548387096774194,0.3619489559164733,0.41786743515850144,-0.024434326998818545,-0.0026400865560696047,6,Cleveland Browns,AFC,AFC North,https://a.espncdn.com/i/teamlogos/nfl/500/cle.png,32,32,7,32,5,31,10,32,21,9,3,32,6,32,5,0.10478273133605054,0
2025,8,DET,00-0033106,Jared Goff,1.7211554845931993,1.76492133187429,3.4860768164674893,00-0033106,Jared Goff,1.853902219543022,160,5.3399790360105115,2.6146202665950677,6.860975083794839,-4.303995917092274,0.10760018754038286,-0.05551239301469169,0.2247549966008719,-0.014070275413328386,-0.02704041391719406,-0.14743287942373057,0.5394736842105263,0.42105263157894735,0.47685185185185186,0.411214953271028,-0.062386344079075735,0.0298339365180924,7,Detroit Lions,NFC,NFC North,https://a.espncdn.com/i/teamlogos/nfl/500/det.png,1,7,3,10,7,8,6,7,5,10,7,10,3,8,5,-0.0213695384664625,0
2025,8,KC,00-0033873,Patrick Mahomes,3.250548078103635,0.3777680200213238,3.6283160981249587,00-0033873,Patrick Mahomes,0.5606629175747619,147,4.18897901569972,2.6146202665950677,14.16972732305401,-1.1756249199382107,0.17226643135202663,-0.013379046421738585,0.2677596007021863,-0.006536912704634392,-0.018719907348292656,-0.025316386098388446,0.6557377049180327,0.421875,0.5043290043290043,0.4470284237726098,0.08329104111948686,-0.004554343400660717,7,Kansas City Chiefs,AFC,AFC West,https://a.espncdn.com/i/teamlogos/nfl/500/kc.png,2,1,10,4,13,4,10,5,7,7,24,2,4,2,15,1.2353925923623565,3
2025,8,GB,00-0036264,Jordan Love,1.9955519974616902,0.7997421633248285,2.7952941607865185,00-0036264,Jordan Love,1.1362601982711196,52,3.931554359057638,2.6146202665950677,12.898307020341202,-1.4045639842738282,0.17447700122983947,0.022398535551931758,0.3159626619665803,0.08317349073787843,-0.016840087187766015,-0.11792737723513207,0.5535714285714286,0.43859649122807015,0.5026737967914439,0.43734643734643736,-0.012958576192180611,0.0027632931795835212,6,Green Bay Packers,NFC,NFC North,https://a.espncdn.com/i/teamlogos/nfl/500/gb.png,3,5,5,5,12,3,18,2,15,6,11,7,8,3,12,-0.07198623238409407,-1
2025,8,BUF,00-0034857,Josh Allen,2.5073362040666636,-0.6841774159849763,1.8231587880816873,00-0034857,Josh Allen,1.8461115378461141,139,3.6692703259278012,2.6146202665950677,14.659992935644889,-0.4199500533347882,0.14179707984438492,0.04534574690095213,0.23774466059161412,0.04101234789196447,5.912062918588961e-4,0.05120014026408775,0.5161290322580645,0.47540983606557374,0.4860050890585242,0.4450704225352113,0.003250599008404763,-0.061525444202584045,6,Buffalo Bills,AFC,AFC East,https://a.espncdn.com/i/teamlogos/nfl/500/buf.png,4,2,24,3,18,5,21,6,11,3,29,14,13,6,13,0.02918038052071381,-1
2025,8,DAL,00-0033077,Dak Prescott,0.9938292836475684,-0.4325152129020138,0.5613140707455546,00-0033077,Dak Prescott,2.488504569491367,145,3.0498186402369214,2.6146202665950677,16.573597445061406,5.76476583028555,0.18523204718630565,0.15123888524639525,0.29472084479516575,0.22733988610839398,-0.012110037126669696,0.030225818301905506,0.5068493150684932,0.5492957746478874,0.47435897435897434,0.5084388185654009,0.005934840402250311,-0.02052095906664451,7,Dallas Cowboys,NFC,NFC East,https://a.espncdn.com/i/teamlogos/nfl/500/dal.png,5,10,21,1,31,2,30,3,31,5,27,18,26,9,32,1.4132691956379615,3
2025,8,LA,00-0026498,Matthew Stafford,1.9478849200075383,0.5641509004113505,2.512035820418889,00-0026498,Matthew Stafford,-0.18169031781258901,173,2.3303455026063,2.6146202665950677,5.755338307870008,-5.540081728784068,0.09291195175386206,-0.1052884411766674,0.2230199235345044,-0.1087325364095689,-0.12525690336611753,-0.09933263008330732,0.5694444444444444,0.43661971830985913,0.5011389521640092,0.4190283400809717,0.0483000416792011,-0.027147242721740027,7,Los Angeles Rams,NFC,NFC West,https://a.espncdn.com/i/teamlogos/nfl/500/lar.png,6,6,7,11,5,9,2,8,2,23,15,5,7,4,9,-0.7116931415372085,-2
2025,8,NE,00-0039851,Drake Maye,0.024723282106019207,0.4167064508885838,0.44142973299460303,00-0039851,Drake Maye,1.5123336835279932,32,1.9537634165225963,2.6146202665950677,12.11668853450273,-2.3719125147363984,0.11895617939871872,-0.014345528509771709,0.32968476440615585,0.08970442956975178,-0.2344395842783497,-0.20009914494704184,0.546875,0.4925373134328358,0.4617169373549884,0.46987951807228917,0.01415142249511491,0.004487451012019944,7,New England Patriots,AFC,AFC East,https://a.espncdn.com/i/teamlogos/nfl/500/ne.png,7,19,9,6,8,6,9,1,17,31,3,9,16,12,24,1.526556813404046,5
2025,8,PIT,00-0023459,Aaron Rodgers,0.7033442834370449,0.32895346785155066,1.0322977512885956,00-0023459,Aaron Rodgers,0.6426069297047221,164,1.6749046809933177,2.6146202665950677,7.058187282172649,0.11450104171723845,0.11037248777286841,0.058810498905908594,0.19130998016972747,0.11281940809822748,-0.009221717410550176,-0.046268059114521365,0.49122807017543857,0.5423728813559322,0.4608433734939759,0.45727482678983833,-0.012485239376766585,-0.0017087508727380285,6,Pittsburgh Steelers,AFC,AFC North,https://a.espncdn.com/i/teamlogos/nfl/500/pit.png,8,12,12,8,21,7,25,10,21,4,22,19,25,13,19,0.007666939350108093,-1
2025,8,ATL,00-0029604,Kirk Cousins,1.1745722428150516,-0.4631413924161576,0.711430850398894,00-0039917,Michael Penix,0.4748567301286335,162,1.1862875805275275,2.6146202665950677,2.215146410495482,-0.6084869565752807,0.0012416451017087946,-0.028814004522611424,0.020692072046902384,-0.008629945675906645,-0.026410769109530257,-0.05701442716658901,0.48333333333333334,0.48214285714285715,0.4527363184079602,0.45857988165680474,-0.029519831497208753,-0.02876385102367905,6,Atlanta Falcons,NFC,NFC South,https://a.espncdn.com/i/teamlogos/nfl/500/atl.png,9,9,22,20,16,21,8,20,6,9,21,21,14,14,20,1.6549505915401843,11
2025,8,DEN,00-0039732,Bo Nix,0.44688574066806813,0.29220556573064993,0.7390913063987181,00-0039732,Bo Nix,0.09464851168864254,36,0.8337398180873606,2.6146202665950677,2.3974889593697233,-6.137306941162762,0.03280733584349193,-0.06719062651124673,0.06889299441934191,-0.05121690936452081,-0.030552367004802787,-0.09526564452670443,0.42857142857142855,0.38461538461538464,0.41561181434599154,0.37142857142857144,0.005236618556243569,-7.847987441300663e-4,7,Denver Broncos,AFC,AFC West,https://a.espncdn.com/i/teamlogos/nfl/500/den.png,10,15,14,19,3,14,5,18,4,12,17,25,2,27,1,0.7427877569070611,6
2025,8,IND,00-0035710,Daniel Jones,2.224146312760613,0.3489332437078856,2.5730795564684987,00-0035710,Daniel Jones,-1.7856596235970164,84,0.7874199328714824,2.6146202665950677,15.542277915345105,-0.5176065455195363,0.2126851551683823,-0.010148045004899483,0.2715940252678843,0.032091390107730745,0.13392998123856675,-0.11023714125004505,0.65625,0.5625,0.5102974828375286,0.4752688172043011,0.0032724061572675872,0.04078032610051428,7,Indianapolis Colts,AFC,AFC South,https://a.espncdn.com/i/teamlogos/nfl/500/ind.png,11,4,11,2,17,1,11,4,9,1,13,1,28,1,26,0.5115922295639734,3
2025,8,TB,00-0034855,Baker Mayfield,0.5871379818026587,0.13266022584861048,0.7197982076512692,00-0034855,Baker Mayfield,-0.08332477600963602,125,0.6364734316416332,2.6146202665950677,5.687353612088956,0.5104313025740517,0.055584508945049176,-0.005081503425960924,0.15187471341562836,0.09308225334543033,-0.1226420806961471,-0.18515259864991426,0.527027027027027,0.5205479452054794,0.43137254901960786,0.44719101123595506,6.817140572003079e-4,-3.803129612305532e-4,7,Tampa Bay Buccaneers,NFC,NFC South,https://a.espncdn.com/i/teamlogos/nfl/500/tb.png,12,13,17,12,24,11,13,11,19,22,4,12,22,22,16,-1.3490203439277029,-6
2025,8,LAC,00-0036355,Justin Herbert,1.2486039441821544,-0.640382461991714,0.6082214821904404,00-0036355,Justin Herbert,-0.001474834590017811,98,0.6067466476004225,2.6146202665950677,6.9701288085009105,-0.33330851922884214,0.02722292458852653,0.036088605096685794,0.0734783072452924,0.0385382246263655,-0.07504237720364293,0.031562486892840524,0.5522388059701493,0.5147058823529411,0.4491525423728814,0.43023255813953487,0.06025082648550548,0.03484318299885134,7,Los Angeles Chargers,AFC,AFC West,https://a.espncdn.com/i/teamlogos/nfl/500/lac.png,13,8,23,9,19,15,20,17,10,18,28,8,20,15,10,0.2065913319139916,0
2025,8,SEA,00-0034869,Sam Darnold,-0.7540952063867632,1.7835449373700536,1.0294497309832904,00-0034869,Sam Darnold,-0.45629830962075135,95,0.573151421362539,2.6146202665950677,3.5492313758493954,-5.121199633354429,0.03518913887108915,-0.03559740389661096,0.21888025675978515,0.06108707691500484,-0.1688095397892215,-0.2645516258185623,0.5384615384615384,0.4430379746835443,0.44761904761904764,0.41649484536082476,-0.05542205710626972,0.03108213814937343,7,Seattle Seahawks,NFC,NFC West,https://a.espncdn.com/i/teamlogos/nfl/500/sea.png,14,23,2,17,6,13,7,9,13,29,1,11,9,16,8,0.5534826098505959,3
2025,8,PHI,00-0036389,Jalen Hurts,0.25956551388014687,-0.8758884244903564,-0.6163229106102095,00-0036389,Jalen Hurts,1.1734734359715917,93,0.5571505253613822,2.6146202665950677,5.119615081426637,0.8263486217179778,0.04122279111132956,0.018371371707558325,0.09584100466728321,0.08894348343698864,-0.04137882815539042,-0.09791222148298026,0.4,0.5774647887323944,0.43243243243243246,0.4656652360515021,-0.0034466419659161807,0.0017452538688274685,7,Philadelphia Eagles,NFC,NFC East,https://a.espncdn.com/i/teamlogos/nfl/500/phi.png,15,18,29,14,25,12,16,15,16,14,16,27,29,21,23,-0.0741194450808913,-4
2025,8,MIN,00-0032950,Carson Wentz,-0.9569886402896044,0.08221699884641342,-0.874771641443191,00-0032950,Carson Wentz,0.9142972792274722,100,0.0395256377842812,2.6146202665950677,-3.503236791884294,-5.958724208240784,-0.051081569149047115,-0.06873238928282809,3.605694075955901e-4,-0.10038952944970181,-0.14532670848946122,-0.031894989815920455,0.4,0.4307692307692308,0.4636118598382749,0.41456582633053224,0.0069601477015269544,-0.05276301328677244,6,Minnesota Vikings,NFC,NFC North,https://a.espncdn.com/i/teamlogos/nfl/500/min.png,16,26,18,28,4,26,4,25,3,26,23,27,6,11,6,-0.07968426434494547,-1
2025,8,CHI,00-0039918,Caleb Williams,-0.6980198087708063,0.17643576992363652,-0.5215840388471698,00-0039918,Caleb Williams,0.5066585877253675,36,-0.014925451121802213,2.6146202665950677,-0.05492661736499597,2.661403751792491,0.01054510171567481,-0.0066569174404853305,0.0795685471573286,0.09385003219232822,-0.09101168743733172,-0.15062633177938042,0.5692307692307692,0.5151515151515151,0.42783505154639173,0.48055555555555557,-0.03280195956218774,-0.03863577914572869,6,Chicago Bears,NFC,NFC North,https://a.espncdn.com/i/teamlogos/nfl/500/chi.png,17,22,15,25,28,20,12,16,20,19,6,6,21,24,28,0.7369172834913545,4
2025,8,CIN,00-0026158,Joe Flacco,-0.8785487160194319,-0.25549700588862034,-1.1340457219080522,00-0026158,Joe Flacco,1.0691773148138954,95,-0.06486840709415675,2.6146202665950677,-1.2807756350940802,5.256988677390558,-0.0509003435164536,0.14726132342594786,-0.059097107110057195,0.21215436540317037,-0.031860617058870465,0.05600548314547874,0.40540540540540543,0.5405405405405406,0.44075829383886256,0.49567099567099565,0.0312418169218684,0.003808769596751027,7,Cincinnati Bengals,AFC,AFC North,https://a.espncdn.com/i/teamlogos/nfl/500/cin.png,18,25,19,26,29,25,29,28,28,13,30,26,24,17,31,1.3852308406088838,6
2025,8,HOU,00-0039163,C.J. Stroud,-2.8810820618781197,2.0094141535856673,-0.8716679082924523,00-0039163,C.J. Stroud,0.7853503235518787,51,-0.0863175847405736,2.6146202665950677,0.7395749891235083,-6.525515013160973,-0.046089236260947256,-0.12684663644716077,0.00989557883018664,-0.1536209673606686,-0.14710531566451496,-0.08501174439480476,0.484375,0.3333333333333333,0.4160206718346253,0.4146341463414634,0.023959359990262816,-0.025453784329366125,6,Houston Texans,AFC,AFC South,https://a.espncdn.com/i/teamlogos/nfl/500/hou.png,19,28,1,24,1,24,1,21,1,27,18,20,1,26,7,-1.6831419443741296,-10
2025,8,JAX,00-0036971,Trevor Lawrence,-0.4909108063067971,0.6457317747385698,0.15482096843177268,00-0036971,Trevor Lawrence,-0.24469751053428151,80,-0.08987654210250884,2.6146202665950677,3.111486079352422,1.8797889358122037,-0.0030827172061658253,0.006355011801435744,0.009228001281200677,0.05778123538008657,-0.02578751537448248,-0.10192978291699101,0.47368421052631576,0.5,0.4336842105263158,0.4489795918367347,0.0272266206916934,0.046131895878396965,7,Jacksonville Jaguars,AFC,AFC South,https://a.espncdn.com/i/teamlogos/nfl/500/jax.png,20,21,6,18,26,22,14,23,12,8,14,23,17,20,17,0.3338078813825702,-1
2025,8,WAS,00-0039910,Jayden Daniels,2.4885938526796254,-0.7531844377816714,1.735409414897954,00-0039910,Jayden Daniels,-1.8614462807014296,23,-0.12603686580347562,2.6146202665950677,9.972830108090971,-1.5522057192493681,0.06814189998897778,0.05568277816135701,0.12627040385309102,0.14503109208300247,-0.02826635032223438,-0.07471746377834175,0.5714285714285714,0.5070422535211268,0.4793577981651376,0.432967032967033,0.00840680925455992,-0.03160265011062259,7,Washington Commanders,NFC,NFC East,https://a.espncdn.com/i/teamlogos/nfl/500/was.png,21,3,26,7,11,10,24,12,24,11,19,4,18,7,11,-1.2286661252035391,-11
2025,8,CAR,00-0039150,Bryce Young,0.402524578610115,0.4533695880602364,0.8558941666703515,00-0039150,Bryce Young,-1.304606517082497,42,-0.4487123504121455,2.6146202665950677,1.5303704499636994,-0.9263397859327688,0.015820919585662205,0.0192485677592245,0.007688851551190878,0.09226767396999337,0.02782742841142615,-0.1143608606264377,0.5147058823529411,0.4461538461538462,0.46723044397463004,0.39097744360902253,-0.04053765354927619,0.00438456229984849,7,Carolina Panthers,NFC,NFC South,https://a.espncdn.com/i/teamlogos/nfl/500/car.png,22,16,8,22,14,19,17,24,18,2,12,15,10,10,2,-0.2564475131804853,-4
2025,8,ARI,00-0033119,Jacoby Brissett,0.48625417335265914,0.2968220989095647,0.7830762722622238,00-0033119,Jacoby Brissett,-1.3316108771049613,65,-0.5485346048427375,2.6146202665950677,4.008733176973512,0.36421468790999,0.019293382149233682,0.033043314744590185,0.11679299734710653,0.12194367882368955,-0.1714134123572975,-0.14076829451262332,0.5147058823529411,0.5142857142857142,0.4148936170212766,0.4772234273318872,0.030838777634420392,-0.006032732092721142,7,Arizona Cardinals,NFC,NFC West,https://a.espncdn.com/i/teamlogos/nfl/500/ari.png,23,14,13,16,23,17,19,14,23,30,9,15,19,28,27,0.6782663034983154,0
2025,8,SF,00-0036972,Mac Jones,0.812677025533783,0.142162801718837,0.95483982725262,00-0036972,Mac Jones,-2.6765151040505226,58,-1.7216752767979027,2.6146202665950677,1.6925244213355255,-1.7287024577734618,0.026303214705400927,0.018098978486732625,0.12083646377045976,0.11878225743340694,-0.12585992951161884,-0.14251482364248594,0.5797101449275363,0.4647887323943662,0.48770491803278687,0.4724770642201835,-0.005568532719154745,-0.011287334138590788,7,San Francisco 49ers,NFC,NFC West,https://a.espncdn.com/i/teamlogos/nfl/500/sf.png,24,11,16,21,10,16,15,13,22,24,8,3,11,5,25,0.6173179556681601,1
2025,8,BAL,00-0035993,Tyler Huntley,0.30975123377231,-1.6171327041326622,-1.3073814703603521,00-0033662,Cooper Rush,-0.4330485408213684,15,-1.7404300111817206,2.6146202665950677,5.19606253330799,6.262018554518272,-0.04183659204260338,0.15528812745289533,0.009401239985892235,0.21581695803894602,-0.12263471177984646,0.06129926008325136,0.5081967213114754,0.6129032258064516,0.4298507462686567,0.49148418491484186,-0.030817514222911273,0.01107254001645013,6,Baltimore Ravens,AFC,AFC North,https://a.espncdn.com/i/teamlogos/nfl/500/bal.png,25,17,31,13,32,23,31,22,29,21,31,17,31,23,30,2.207468304880006,2
2025,8,MIA,00-0036212,Tua Tagovailoa,-0.29000478431201043,-2.092691439187216,-2.3826962234992264,00-0036212,Tua Tagovailoa,0.12846459666583934,77,-2.254231626833387,2.6146202665950677,1.0905061226046964,5.408601292926197,-0.05268065801907023,0.16291139086875586,-0.05651922788093682,0.27642742421867816,-0.04503259837004814,0.022889075619866982,0.47692307692307695,0.6666666666666666,0.38734177215189874,0.4818181818181818,-0.019983766581557268,-0.04374769245127841,7,Miami Dolphins,AFC,AFC East,https://a.espncdn.com/i/teamlogos/nfl/500/mia.png,26,20,32,23,30,27,32,27,32,15,26,22,32,31,29,-1.1828595155698978,-4
2025,8,NYG,00-0040691,Jaxson Dart,-0.8767951771213518,-0.6930960303116889,-1.5698912074330407,00-0040691,Jaxson Dart,-1.3988338072510784,12,-2.968725014684119,2.6146202665950677,4.103993701073249,2.0166238374248833,0.017202038625205376,0.0844986529110839,0.06732704400251507,0.08192429642939644,-0.06111828227684104,0.08971093023203128,0.5205479452054794,0.4868421052631579,0.4349593495934959,0.46530612244897956,-0.007664561332394733,0.014295340078523332,7,New York Giants,NFC,NFC East,https://a.espncdn.com/i/teamlogos/nfl/500/nyg.png,27,24,25,15,27,18,26,19,14,17,32,13,15,19,22,0.5817151132457306,-1
2025,8,CLE,00-0040704,Dillon Gabriel,-3.2642033533057955,0.9520909472109929,-2.3121124060948026,00-0040704,Dillon Gabriel,-2.0811479611639676,6,-4.393260367258771,2.6146202665950677,-10.720458517285389,-6.397708418752848,-0.13691264466452954,-0.06947499633961211,-0.18376721426874426,0.02670971423212885,-0.050327592062588904,-0.21375206219722354,0.34210526315789475,0.4246575342465753,0.35523613963039014,0.3925925925925926,-0.03845127503324532,-0.016575392260580347,7,Cleveland Browns,AFC,AFC North,https://a.espncdn.com/i/teamlogos/nfl/500/cle.png,28,30,4,32,2,30,3,31,8,16,2,32,5,32,3,1.7453622256779884,4
2025,8,NYJ,00-0036945,Justin Fields,-3.1250709707373603,-1.1547644309799736,-4.2798354017173335,00-0036945,Justin Fields,-0.489048882129118,51,-4.768884283846451,2.6146202665950677,-2.413052854979074,-2.158518049501095,-0.0951262785387429,0.08932719638021441,-0.08331273864737826,0.21924395739674518,-0.1162702575799752,-0.07174307365558646,0.3698630136986301,0.4657534246575342,0.4269406392694064,0.4009111617312073,-0.07058978464123256,-0.033460619061148604,7,New York Jets,AFC,AFC East,https://a.espncdn.com/i/teamlogos/nfl/500/nyj.png,29,29,30,27,9,29,27,30,30,20,20,30,12,25,4,-0.7131199318909278,-1
2025,8,TEN,00-0040676,Cam Ward,-3.858100329243536,-0.7755886964313783,-4.633689025674914,00-0040676,Cam Ward,-0.4330485408213684,17,-5.066737566496283,2.6146202665950677,-10.227609887589505,0.15099565279441712,-0.21011046729915595,0.10618210366324138,-0.22871510355911148,0.20636870060915208,-0.16748094642004513,-0.02515058559746018,0.36,0.5492957746478874,0.38995215311004783,0.4461883408071749,-0.012011982756174855,0.01965698424627362,7,Tennessee Titans,AFC,AFC South,https://a.espncdn.com/i/teamlogos/nfl/500/ten.png,30,32,27,31,22,32,28,32,27,28,25,31,26,30,14,-0.2756412635810035,0
2025,8,LV,00-0030565,Geno Smith,-3.83946820891122,-0.2973667822455477,-4.136834991156768,00-0030565,Geno Smith,-1.702810326113275,70,-5.839645317270042,2.6146202665950677,-7.571506971028504,-0.14252137405856594,-0.16187674012039502,0.04912990698740306,-0.06910703073545618,0.18241686197053164,-0.2990634618775167,-0.17017362940925618,0.375,0.5797101449275363,0.39853300733496333,0.45494505494505494,-0.032179652022076115,0.009248198938096992,7,Las Vegas Raiders,AFC,AFC West,https://a.espncdn.com/i/teamlogos/nfl/500/lv.png,31,31,20,30,20,31,23,29,25,32,5,29,30,29,18,-1.2785043530839184,-2
2025,8,NO,00-0039376,Spencer Rattler,-1.6717980701977482,-0.8324040052790584,-2.5042020754768064,00-0039376,Spencer Rattler,-3.976349066671251,12,-6.480551142148057,2.6146202665950677,-4.947247850891762,-0.6725902919274517,-0.06425560287255595,0.04624340711249724,-0.016844601984405662,0.18591268973935138,-0.14245650663634407,-0.12728509554510936,0.4583333333333333,0.5352112676056338,0.4403470715835141,0.4617117117117117,-0.04560691827635833,-0.02441867541519163,7,New Orleans Saints,NFC,NFC South,https://a.espncdn.com/i/teamlogos/nfl/500/no.png,32,27,28,29,15,28,22,26,26,25,10,24,23,18,21,-0.846543451143571,-1
2025,9,DET,00-0033106,Jared Goff,1.9030650871721808,1.7585514046838502,3.661616491856031,00-0033106,Jared Goff,1.8765695477845121,160,5.538186039640543,2.6313426488972103,6.860975083794839,-4.303995917092274,0.10760018754038285,-0.05551239301469169,0.22475499660087186,-0.014070275413328386,-0.02704041391719406,-0.14743287942373057,0.5394736842105263,0.42105263157894735,0.47685185185185186,0.411214953271028,-0.062386344079075735,0.0298339365180924,7,Detroit Lions,NFC,NFC North,https://a.espncdn.com/i/teamlogos/nfl/500/det.png,1,5,3,11,6,7,4,7,8,13,7,11,3,8,4,0.1982070036300314,0
2025,9,BUF,00-0034857,Josh Allen,2.8781141314195073,-0.07223861633805129,2.805875515081456,00-0034857,Josh Allen,1.8483539534819327,139,4.654229468563389,2.6313426488972103,15.299790178111325,-1.6360638080607646,0.1673943851527908,-0.0072090699213413385,0.2528795602170183,-0.03168351738949299,0.05399568353697888,0.025515191300119845,0.5416666666666666,0.4583333333333333,0.48464912280701755,0.4375,-0.01371670720256884,-0.07688486981993094,7,Buffalo Bills,AFC,AFC East,https://a.espncdn.com/i/teamlogos/nfl/500/buf.png,2,2,16,2,13,5,12,6,3,2,28,10,8,5,12,0.9849591426355877,2
2025,9,GB,00-0036264,Jordan Love,2.5120264446296265,0.6825911988530735,3.1946176434827,00-0036264,Jordan Love,1.308929662475653,52,4.503547305958353,2.6313426488972103,12.975095088337936,-1.8689080206170214,0.19682512601245916,0.00403094723374026,0.3568536752572103,0.053648591992169335,-0.023214129199073622,-0.11174355720259424,0.5735294117647058,0.45588235294117646,0.5011441647597255,0.4319148936170213,-0.0014658603597848977,0.002407475315651101,7,Green Bay Packers,NFC,NFC North,https://a.espncdn.com/i/teamlogos/nfl/500/gb.png,3,3,7,5,11,2,14,1,13,11,10,4,7,3,10,0.571992946900715,0
2025,9,KC,00-0033873,Patrick Mahomes,3.3675102830857644,0.5644088847189019,3.9319191678046663,00-0033873,Patrick Mahomes,0.480616748928841,147,4.412535916733507,2.6313426488972103,14.76288306176205,-1.724413575333669,0.18377635358221248,-0.031012411780636222,0.2788986419225577,-0.03160510364341958,-0.0011836515240142584,-0.029954569341997576,0.6521739130434783,0.4305555555555556,0.5056603773584906,0.4431818181818182,0.08606353756399937,0.0047685209728829375,8,Kansas City Chiefs,AFC,AFC West,https://a.espncdn.com/i/teamlogos/nfl/500/kc.png,4,1,10,4,12,3,9,3,4,7,21,1,4,1,14,0.22355690103378656,-2
2025,9,DAL,00-0033077,Dak Prescott,0.7983629236767715,-0.6200042587922243,0.1783586648845472,00-0033077,Dak Prescott,2.4256568018820066,145,2.604015466766554,2.6313426488972103,15.245331178053114,7.2302606119047255,0.17044219585983358,0.17659076316959343,0.2720803518263824,0.2576550924714095,-0.010421599629358376,0.05113406305963994,0.5,0.5679012345679012,0.4797047970479705,0.514018691588785,0.006423796372580127,-0.016902781541281244,8,Dallas Cowboys,NFC,NFC East,https://a.espncdn.com/i/teamlogos/nfl/500/dal.png,5,12,23,3,32,4,32,5,32,8,30,19,28,6,32,-0.4458031734703676,0
2025,9,NE,00-0039851,Drake Maye,0.10999450722148918,0.6342192094758352,0.7442137166973244,00-0039851,Drake Maye,1.586312101472989,32,2.3305258181703135,2.6313426488972103,11.076257804788334,-3.825947243694107,0.11560798022411968,-0.04893548314903214,0.326713620841634,0.017842934323582568,-0.22729906564665756,-0.174298647238726,0.5657894736842105,0.46835443037974683,0.4657258064516129,0.44989339019189767,0.016134149434251257,0.00761601581601695,8,New England Patriots,AFC,AFC East,https://a.espncdn.com/i/teamlogos/nfl/500/ne.png,6,18,8,6,7,6,5,2,11,31,4,7,10,10,19,0.3767624016477171,1
2025,9,BAL,00-0034796,Lamar Jackson,1.1166588948694294,-1.1815433177367125,-0.06488442286728313,00-0035993,Tyler Huntley,2.3046762097136644,115,2.2397917868463812,2.6313426488972103,6.786929251632882,5.204589585295049,-9.9936023639838e-4,0.14085510648060515,0.042808343643859166,0.19819617181115198,-0.06259564690439685,0.04885735331291468,0.5285714285714286,0.6056338028169014,0.44080604534005036,0.48523206751054854,-0.03923213119893688,0.0030935753376182718,7,Baltimore Ravens,AFC,AFC North,https://a.espncdn.com/i/teamlogos/nfl/500/bal.png,7,10,29,12,30,20,30,21,27,19,29,13,31,20,30,3.9802217980281016,18
2025,9,DEN,00-0039732,Bo Nix,0.9382344579217656,0.43228493061174156,1.3705193885335072,00-0039732,Bo Nix,0.816818959667911,36,2.1873383482014184,2.6313426488972103,5.219599343581256,-4.889049989016618,0.0716626240724417,-0.047033389394666364,0.11424905509019855,-0.02723808308125366,-2.4210367613266125e-4,-0.08149568432371644,0.45977011494252873,0.39325842696629215,0.43177570093457945,0.391304347826087,0.005635098878745825,5.441121194972977e-4,8,Denver Broncos,AFC,AFC West,https://a.espncdn.com/i/teamlogos/nfl/500/den.png,8,11,13,14,5,11,6,14,5,6,16,23,2,23,1,1.3535985301140578,2
2025,9,PHI,00-0036389,Jalen Hurts,1.4865444925584044,-0.6116637609486761,0.8748807316097282,00-0036389,Jalen Hurts,1.2527795242137658,93,2.127660255823494,2.6313426488972103,7.875275251593028,0.8002929683693353,0.0932718648816574,0.022594298410211242,0.13331965004297974,0.09299957562419678,0.0352131710498991,-0.09366467216878026,0.43037974683544306,0.569620253164557,0.4514038876889849,0.4584139264990329,-0.01125837123964001,-0.007915740298848086,8,Philadelphia Eagles,NFC,NFC East,https://a.espncdn.com/i/teamlogos/nfl/500/phi.png,9,9,22,9,23,8,18,11,17,4,13,25,29,14,21,1.5705097304621118,6
2025,9,LA,00-0026498,Matthew Stafford,1.5054989972716584,0.7581439730233859,2.2636429702950442,00-0026498,Matthew Stafford,-0.15060666916599097,173,2.1130363011290534,2.6313426488972103,5.755338307870008,-5.540081728784068,0.09291195175386206,-0.1052884411766674,0.2230199235345044,-0.1087325364095689,-0.12525690336611753,-0.09933263008330732,0.5694444444444444,0.43661971830985913,0.5011389521640092,0.4190283400809717,0.0483000416792011,-0.027147242721740027,7,Los Angeles Rams,NFC,NFC West,https://a.espncdn.com/i/teamlogos/nfl/500/lar.png,10,8,5,13,3,9,2,8,2,23,12,5,5,4,8,-0.21730920147724664,-4
2025,9,LAC,00-0036355,Justin Herbert,1.7269672354197643,-0.16972565219162083,1.5572415832281434,00-0036355,Justin Herbert,0.04410534895858291,98,1.6013469321867264,2.6313426488972103,8.132167488469564,-2.5711545751415965,0.05447598147510685,-0.004524640564372954,0.11082247159103523,0.0038648604079907656,-0.055767151360405165,-0.020788949197912437,0.5921052631578947,0.47435897435897434,0.45955882352941174,0.4154488517745303,0.047785073527386056,0.03166997057194081,8,Los Angeles Chargers,AFC,AFC West,https://a.espncdn.com/i/teamlogos/nfl/500/lac.png,11,6,19,8,10,12,13,15,9,17,25,3,11,11,6,0.9946002845863039,2
2025,9,TB,00-0034855,Baker Mayfield,0.4851569125450159,1.1312593385756062,1.6164162511206221,00-0034855,Baker Mayfield,-0.21902826012127577,125,1.3973879909993463,2.6313426488972103,5.042397654520588,-2.670200961956328,0.030961231929210596,-0.0707039494425338,0.1338101604120207,-0.01431818006188256,-0.1431320063880461,-0.18854007826796662,0.5180722891566265,0.47619047619047616,0.4197292069632495,0.437984496124031,-0.009152431242799748,0.011448021000016342,8,Tampa Bay Buccaneers,NFC,NFC South,https://a.espncdn.com/i/teamlogos/nfl/500/tb.png,12,14,4,15,9,15,3,10,7,25,3,15,12,27,13,0.7609145593577131,0
2025,9,IND,00-0035710,Daniel Jones,2.4778087861200238,0.5995881322167622,3.077396918336786,00-0035710,Daniel Jones,-1.7237584809365107,84,1.3536384374002752,2.6313426488972103,16.111460672567574,-1.1608141709177526,0.2270643282506322,-0.01351212811855897,0.27835227643698346,0.015719385724423118,0.15576157101594862,-0.08081678653480785,0.64,0.52,0.5020408163265306,0.4691588785046729,0.016807765553064683,0.027776139295952153,8,Indianapolis Colts,AFC,AFC South,https://a.espncdn.com/i/teamlogos/nfl/500/ind.png,13,4,9,1,15,1,11,4,10,1,17,2,22,2,24,0.5662185045287929,-2
2025,9,HOU,00-0039163,C.J. Stroud,-2.1044505544541825,1.9415222322091883,-0.1629283222449942,00-0039163,C.J. Stroud,0.784323354950871,51,0.6213950327058768,2.6313426488972103,3.1767297376157324,-5.993119835075227,-0.0030449873361831775,-0.11496637671376965,0.08568955906673507,-0.13291201673859027,-0.15471915386210158,-0.08431895251553699,0.5068493150684932,0.3333333333333333,0.4248927038626609,0.41247002398081534,0.02128620257369651,-0.02008584546364472,7,Houston Texans,AFC,AFC South,https://a.espncdn.com/i/teamlogos/nfl/500/hou.png,14,28,1,19,1,21,1,18,1,27,15,17,1,26,5,0.7077126174464504,5
2025,9,SEA,00-0034869,Sam Darnold,-0.8981406890384558,1.8448360167916227,0.9466953277531669,00-0034869,Sam Darnold,-0.33869482102293064,95,0.6080005067302363,2.6313426488972103,3.5492313758493954,-5.121199633354428,0.03518913887108915,-0.03559740389661096,0.21888025675978515,0.06108707691500484,-0.1688095397892215,-0.2645516258185623,0.5384615384615384,0.4430379746835443,0.44761904761904764,0.41649484536082476,-0.05542205710626972,0.031082138149373422,7,Seattle Seahawks,NFC,NFC West,https://a.espncdn.com/i/teamlogos/nfl/500/sea.png,15,24,2,18,4,14,8,9,15,28,1,12,6,18,7,0.03484908536769726,-1
2025,9,CIN,00-0026158,Joe Flacco,0.28667086087250615,-1.092298588978998,-0.8056277281064919,00-0026158,Joe Flacco,1.1338891049525224,95,0.3282613768460305,2.6313426488972103,1.0715917771777432,5.730168808260312,-0.014471982256299032,0.1727853121413434,-0.037750840082011766,0.23568001842766473,0.03739768752985284,0.08630509099765152,0.42857142857142855,0.5595238095238095,0.4573804573804574,0.5093984962406015,0.03002959389198569,-0.008790718114418991,8,Cincinnati Bengals,AFC,AFC North,https://a.espncdn.com/i/teamlogos/nfl/500/cin.png,16,17,28,23,31,23,31,27,31,3,31,26,26,13,31,0.39312978394018727,2
2025,9,PIT,00-0023459,Aaron Rodgers,-0.2230081291155961,-0.11136260821997235,-0.33437073733556844,00-0023459,Aaron Rodgers,0.49492638909135367,164,0.16055565175578523,2.6313426488972103,7.224378505877781,1.098565348000873,0.07448609410332661,0.09319178958415951,0.13131066448342502,0.1685751797325695,-0.016358449333278072,-0.04880948023028716,0.5,0.5633802816901409,0.4506329113924051,0.46169354838709675,-0.010662695446934708,0.008176847056880173,7,Pittsburgh Steelers,AFC,AFC North,https://a.espncdn.com/i/teamlogos/nfl/500/pit.png,17,21,18,10,24,10,25,12,23,10,19,19,27,16,22,-1.5143490292375326,-9
2025,9,JAX,00-0036971,Trevor Lawrence,-0.6655572913214947,0.5512814252523737,-0.11427586606912099,00-0036971,Trevor Lawrence,-0.14735830848666623,80,-0.2616341745557872,2.6313426488972103,3.111486079352422,1.879788935812204,-0.0030827172061658253,0.006355011801435745,0.009228001281200677,0.05778123538008658,-0.025787515374482473,-0.10192978291699102,0.47368421052631576,0.5,0.4336842105263158,0.4489795918367347,0.0272266206916934,0.04613189587839696,7,Jacksonville Jaguars,AFC,AFC South,https://a.espncdn.com/i/teamlogos/nfl/500/jax.png,18,22,11,20,26,22,15,22,14,12,11,22,17,21,18,-0.17175763245327835,2
2025,9,ARI,00-0033119,Jacoby Brissett,0.4893941375529045,0.4928934689429689,0.9822876064958734,00-0033119,Jacoby Brissett,-1.3860183936298605,65,-0.403730787133987,2.6313426488972103,4.008733176973512,0.36421468790999,0.01929338214923368,0.033043314744590185,0.11679299734710653,0.12194367882368955,-0.1714134123572975,-0.14076829451262332,0.5147058823529411,0.5142857142857142,0.4148936170212766,0.4772234273318872,0.03083877763442039,-0.006032732092721142,7,Arizona Cardinals,NFC,NFC West,https://a.espncdn.com/i/teamlogos/nfl/500/ari.png,19,13,12,17,20,18,20,13,21,29,9,16,19,28,27,0.1448038177087505,4
2025,9,MIA,00-0036212,Tua Tagovailoa,0.34697130617342564,-1.2787515629087394,-0.9317802567353137,00-0036212,Tua Tagovailoa,0.4021697925021338,77,-0.5296104642331799,2.6313426488972103,2.3020719198117545,3.349313256218445,-0.018279939298937207,0.1180230313595413,-0.021874807876706915,0.23081952476757417,-0.012062931287970776,-0.028135805169177307,0.5066666666666667,0.6164383561643836,0.40301724137931033,0.47443762781186094,-0.026961272191292317,-0.0443710103349018,8,Miami Dolphins,AFC,AFC East,https://a.espncdn.com/i/teamlogos/nfl/500/mia.png,20,16,31,21,27,24,27,24,30,9,22,18,32,29,26,1.724621162600207,6
2025,9,CHI,00-0039918,Caleb Williams,-1.1865498348783108,-0.5544208937779733,-1.740970728656284,00-0039918,Caleb Williams,0.23975508160642944,36,-1.5012156470498548,2.6313426488972103,0.5476554681510574,3.6938138858934306,0.015595120963079153,0.02659246929347691,0.08168269982587095,0.11673844499180336,-0.08576391852873078,-0.09113916017045762,0.5675675675675675,0.5333333333333333,0.43015521064301554,0.4834123222748815,-0.03451313858692847,-0.04593350113278038,7,Chicago Bears,NFC,NFC North,https://a.espncdn.com/i/teamlogos/nfl/500/chi.png,21,25,21,24,28,19,19,19,19,21,14,6,24,25,29,-1.4862901959280526,-4
2025,9,WAS,00-0039910,Jayden Daniels,1.542834373598812,-0.6583477886830171,0.8844865849157948,00-0039910,Jayden Daniels,-2.6917292001898527,23,-1.807242615274058,2.6313426488972103,8.184680455261221,0.6457000625431089,0.04343987357244828,0.08250485693566681,0.08779542579849511,0.1740479567917707,-0.032038082701708756,-0.052857451856297255,0.5641025641025641,0.5189873417721519,0.4723926380368098,0.4435946462715105,0.016109529546200995,-0.01446844226234641,8,Washington Commanders,NFC,NFC East,https://a.espncdn.com/i/teamlogos/nfl/500/was.png,22,7,24,7,22,13,24,17,24,14,18,8,21,9,15,-1.6812057494705823,-1
2025,9,SF,00-0036972,Mac Jones,0.4263670346246027,0.27109958727473726,0.69746662189934,00-0036972,Mac Jones,-2.684914730577368,58,-1.987448108678028,2.6313426488972103,1.447013270412525,-0.3398677250954591,0.021830967417156788,0.04720140767871972,0.10613756002598695,0.17432069082765717,-0.12324484422951033,-0.1497705508639408,0.5512820512820513,0.4875,0.47947761194029853,0.47184466019417476,-0.0033572426629249422,-0.009220510111979604,8,San Francisco 49ers,NFC,NFC West,https://a.espncdn.com/i/teamlogos/nfl/500/sf.png,23,15,14,22,16,16,21,16,25,22,6,9,16,7,25,-0.26577283188012535,1
2025,9,CAR,00-0039150,Bryce Young,-0.22161331204268153,-0.4583828076773062,-0.6799961197199877,00-0039150,Bryce Young,-1.7137142469896105,42,-2.3937103667095982,2.6313426488972103,-0.2940394218845721,0.47791338363823055,-0.021747974294190602,0.06122460127004311,-0.04347765813678562,0.11944188366987796,0.00975009953269026,-0.03166139986227764,0.4936708860759494,0.48,0.45880149812734083,0.4025974025974026,-0.056600624796118215,-0.010603576046183874,8,Carolina Panthers,NFC,NFC South,https://a.espncdn.com/i/teamlogos/nfl/500/car.png,24,20,20,26,21,25,23,28,20,5,20,21,13,12,2,-1.9449980162974527,-2
2025,9,NYJ,00-0036945,Justin Fields,-1.5083585800071462,-1.5200457554083981,-3.0284043354155443,00-0036945,Justin Fields,-0.1250403774534291,51,-3.1534447128689735,2.6313426488972103,-0.5218442804603902,-0.26347164081542446,-0.0349965656763044,0.10789871628429261,-0.025401606718020536,0.2077737476344573,-0.051191231854571854,-0.02038114049573544,0.40963855421686746,0.4819277108433735,0.4507874015748031,0.42168674698795183,-0.07388945307265463,-0.026585037593154184,8,New York Jets,AFC,AFC East,https://a.espncdn.com/i/teamlogos/nfl/500/nyj.png,25,26,32,27,17,27,26,25,28,16,26,28,14,15,9,1.6154395709774776,4
2025,9,NYG,00-0040691,Jaxson Dart,-0.6785882567080255,-1.2220398814552813,-1.9006281381633068,00-0040691,Jaxson Dart,-1.6101984852657065,12,-3.510826623429013,2.6313426488972103,4.633777816115192,3.727754935000467,0.021332589440070122,0.12419695491635047,0.07334447697294934,0.11181990811522158,-0.06050602032730381,0.14757582109626055,0.5185185185185185,0.5058823529411764,0.430939226519337,0.47802197802197804,-0.016149328599917512,0.004265863049244563,8,New York Giants,NFC,NFC East,https://a.espncdn.com/i/teamlogos/nfl/500/nyg.png,26,23,30,16,29,17,28,20,18,18,32,14,18,24,28,-0.5421016087448942,1
2025,9,ATL,00-0039917,Michael Penix,-0.15284148002360043,-0.9177641766395417,-1.0706056566631421,00-0029604,Kirk Cousins,-2.586281321301638,12,-3.65688697796478,2.6313426488972103,0.2921157759605529,0.18840569393583464,-0.02986387653337018,0.0063583158579440125,0.005270088304017243,0.02953186017009185,-0.08179264873808013,-0.023158824383227535,0.45714285714285713,0.5151515151515151,0.44789356984478934,0.4643734643734644,-0.03226474635764544,-0.03548384537164456,7,Atlanta Falcons,NFC,NFC South,https://a.espncdn.com/i/teamlogos/nfl/500/atl.png,27,19,26,25,19,26,16,23,12,20,23,24,20,17,23,-4.843174558492308,-18
2025,9,CLE,00-0040704,Dillon Gabriel,-3.685081165897819,0.7104826536229547,-2.974598512274864,00-0040704,Dillon Gabriel,-2.402339777584869,6,-5.3769382898597335,2.6313426488972103,-11.86010341578429,-5.718246660760773,-0.15466507433820095,-0.04694878435580279,-0.21480865188612613,0.06348805631116741,-0.038929325110842225,-0.20969781270712728,0.3409090909090909,0.4588235294117647,0.34935304990757854,0.40638297872340423,-0.029955369473590163,-0.010751813476982088,8,Cleveland Browns,AFC,AFC North,https://a.espncdn.com/i/teamlogos/nfl/500/cle.png,28,30,6,32,2,30,7,32,16,15,2,32,9,32,3,-0.9836779226009629,0
2025,9,MIN,00-0039923,J.J. McCarthy,-2.05259459957813,0.011952121518444159,-2.0406424780596857,00-0032950,Carson Wentz,-3.459760133361619,10,-5.500402611421304,2.6313426488972103,-5.544302710067545,-3.4574024685279325,-0.08723015518144289,-0.018069346054303072,-0.034095061819523285,-0.014357487825066531,-0.19015617519019626,-0.022240592678247104,0.37333333333333335,0.4864864864864865,0.44285714285714284,0.43356643356643354,0.007316909970389832,-0.05086475384286922,7,Minnesota Vikings,NFC,NFC North,https://a.espncdn.com/i/teamlogos/nfl/500/min.png,29,27,15,28,8,28,10,26,6,30,24,30,15,19,11,-5.539928249205586,-13
2025,9,TEN,00-0040676,Cam Ward,-3.84450766542268,-1.0628420685482598,-4.90734973397094,00-0040676,Cam Ward,-0.624701388446547,17,-5.532051122417487,2.6313426488972103,-9.448724383660945,1.6252975353563792,-0.18511541587540567,0.13161388029665808,-0.2112363466638563,0.220983242089183,-0.12681903391707544,0.009631054722026864,0.3488372093023256,0.5487804878048781,0.39549180327868855,0.44488977955911824,-0.018417130953650836,0.031144271380944964,8,Tennessee Titans,AFC,AFC South,https://a.espncdn.com/i/teamlogos/nfl/500/ten.png,30,31,27,31,25,32,29,31,29,24,27,31,25,31,16,-0.46531355592120427,0
2025,9,LV,00-0030565,Geno Smith,-4.092861578959672,-0.11103019199239617,-4.203891770952069,00-0030565,Geno Smith,-1.7440463466241773,70,-5.947938117576246,2.6313426488972103,-7.571506971028504,-0.14252137405856594,-0.16187674012039502,0.04912990698740306,-0.06910703073545618,0.18241686197053164,-0.2990634618775167,-0.17017362940925618,0.375,0.5797101449275363,0.39853300733496333,0.45494505494505494,-0.032179652022076115,0.009248198938096992,7,Las Vegas Raiders,AFC,AFC West,https://a.espncdn.com/i/teamlogos/nfl/500/lv.png,31,32,17,30,18,31,22,29,26,32,5,29,30,30,20,-0.10829280030620403,0
2025,9,NO,00-0040743,Tyler Shough,-3.0840277292858604,-0.7426526474742734,-3.826680376760134,00-0039376,Spencer Rattler,-2.4457705281920408,NA,-6.272450904952175,2.6313426488972103,-7.4736639560538025,-1.2905500875945266,-0.12000714626323895,0.02196362561667945,-0.10528486946725682,0.16104087623417548,-0.14785145237737912,-0.143835891495008,0.42168674698795183,0.525,0.4323308270676692,0.44621513944223107,-0.02812525865072046,-0.031115272031142692,8,New Orleans Saints,NFC,NFC South,https://a.espncdn.com/i/teamlogos/nfl/500/no.png,32,29,25,29,14,29,17,30,22,26,8,27,23,22,17,0.20810023719588244,0
2025,10,DET,00-0033106,Jared Goff,1.3676888891349401,1.3802568498506274,2.7479457389855675,00-0033106,Jared Goff,1.8262520059251253,160,4.574197744910693,2.4774969432481795,5.236291926141262,-4.237278543913661,0.08839818043682782,-0.0490083178486014,0.20134939820443468,-0.02496274146210881,-0.05101007933039869,-0.09892571692942147,0.5172413793103449,0.42528735632183906,0.4596774193548387,0.41358024691358025,-0.06135228295916559,0.027701836493032705,8,Detroit Lions,NFC,NFC North,https://a.espncdn.com/i/teamlogos/nfl/500/det.png,1,6,3,16,6,9,5,8,5,17,10,14,4,14,6,-0.9639882947298499,0
2025,10,BUF,00-0034857,Josh Allen,2.9564213515359214,-0.38103952259324547,2.575381828942676,00-0034857,Josh Allen,1.8346737036047247,139,4.410055532547401,2.4774969432481795,15.107045416541853,-1.1743272945710626,0.1739156075753156,-0.00438634784052885,0.26302867904309746,-0.029942694824770445,0.06116819976173065,0.031495795905022474,0.5432098765432098,0.4634146341463415,0.4932821497120921,0.43487394957983194,-0.016681735844399515,-0.07327775232565305,8,Buffalo Bills,AFC,AFC East,https://a.espncdn.com/i/teamlogos/nfl/500/buf.png,2,1,18,1,12,2,12,4,4,2,29,9,9,5,11,-0.24417393601598825,0
2025,10,GB,00-0036264,Jordan Love,2.7607195281601222,0.632228243177392,3.3929477713375142,00-0036264,Jordan Love,0.9290646534172174,52,4.322012424754732,2.4774969432481795,11.76687036424712,-1.0240829825310525,0.1726317545443481,0.014236882436327123,0.3305291350930418,0.05718885516217456,-0.045131931425651285,-0.07314816552315559,0.6,0.4666666666666667,0.5,0.4393939393939394,-0.01355117730524526,-0.017122642843059074,8,Green Bay Packers,NFC,NFC North,https://a.espncdn.com/i/teamlogos/nfl/500/gb.png,3,3,8,5,13,3,16,1,14,15,16,3,10,3,13,-0.18153488120362127,0
2025,10,KC,00-0033873,Patrick Mahomes,2.8884761692822045,0.5843958783648779,3.4728720476470825,00-0033873,Patrick Mahomes,0.5665296430862321,147,4.039401690733315,2.4774969432481795,14.177717046011246,-0.6017532347131214,0.1666314218877269,0.0012529321457165601,0.2482849555136111,0.006006455967004126,0.007407031317252755,-0.006496302000444934,0.6329113924050633,0.4444444444444444,0.4966101694915254,0.45742574257425744,0.07116448562736524,7.902571620547295e-5,9,Kansas City Chiefs,AFC,AFC West,https://a.espncdn.com/i/teamlogos/nfl/500/kc.png,4,2,10,3,14,4,13,5,9,7,25,1,6,4,15,-0.3731342260001922,0
2025,10,LA,00-0026498,Matthew Stafford,2.340976465965988,1.1084691107406952,3.449445576706683,00-0026498,Matthew Stafford,-0.14893914307838158,173,3.3005064336283017,2.4774969432481795,6.71990595129456,-6.483791170582619,0.12500959873512796,-0.11970182574746063,0.24461496000881633,-0.10052443558760321,-0.05732994712819113,-0.15304098094844354,0.5802469135802469,0.4375,0.512621359223301,0.41198501872659177,0.03952878411726247,-0.03464909920192825,8,Los Angeles Rams,NFC,NFC West,https://a.espncdn.com/i/teamlogos/nfl/500/lar.png,5,4,5,10,2,6,1,6,2,20,5,5,5,1,5,1.1874701324992483,5
2025,10,BAL,00-0034796,Lamar Jackson,0.9352377566491321,-0.6927242649289269,0.2425134917202052,00-0034796,Lamar Jackson,2.3533172589309466,115,2.5958307506511518,2.4774969432481795,7.731917642386427,2.8841061964225903,0.024545801527761632,0.09956024341280105,0.08568910989261555,0.156873811498292,-0.05793397381857776,0.003752487807204264,0.5061728395061729,0.5853658536585366,0.44789356984478934,0.4748603351955307,-0.03261518386704962,0.002639721104350018,8,Baltimore Ravens,AFC,AFC North,https://a.espncdn.com/i/teamlogos/nfl/500/bal.png,6,10,23,8,27,20,25,18,24,21,27,17,30,18,26,0.3560389638047705,1
2025,10,DAL,00-0033077,Dak Prescott,0.7828586125799837,-0.8805430583852214,-0.09768444580523772,00-0033077,Dak Prescott,2.3669061261152393,145,2.2692216803100016,2.4774969432481795,13.298017884999075,5.939484594976261,0.13604620589554423,0.17080819024338376,0.20990703928347632,0.2531933911632453,-0.001920256470593081,0.04462326225220336,0.5161290322580645,0.5777777777777777,0.47368421052631576,0.51,0.006986907072472136,-0.007515554096741752,9,Dallas Cowboys,NFC,NFC East,https://a.espncdn.com/i/teamlogos/nfl/500/dal.png,7,11,25,4,31,5,31,7,31,8,30,16,28,8,31,-0.3347937864565522,-2
2025,10,PHI,00-0036389,Jalen Hurts,1.3024673097348431,-0.40456662109925645,0.8979006886355867,00-0036389,Jalen Hurts,1.281909507446128,93,2.1798101960817147,2.4774969432481795,7.875275251593028,0.8002929683693353,0.0932718648816574,0.022594298410211242,0.13331965004297974,0.09299957562419676,0.0352131710498991,-0.09366467216878026,0.43037974683544306,0.569620253164557,0.4514038876889849,0.4584139264990329,-0.011258371239640012,-0.007915740298848086,8,Philadelphia Eagles,NFC,NFC East,https://a.espncdn.com/i/teamlogos/nfl/500/phi.png,8,8,20,7,20,8,17,12,18,4,12,26,27,15,17,0.05214994025822062,1
2025,10,DEN,00-0039732,Bo Nix,0.5615906323281239,0.7666893927685452,1.328280025096669,00-0039732,Bo Nix,0.5943047456988666,36,1.9225847707955357,2.4774969432481795,2.8646001526730114,-5.863569680296387,0.05477762329063057,-0.06180279843299612,0.09748091994905775,-0.031979608625345234,-0.018069176891392244,-0.11433538965381233,0.44,0.39805825242718446,0.4197324414715719,0.3787375415282392,0.00231626776178656,-1.5687684009245417e-5,9,Denver Broncos,AFC,AFC West,https://a.espncdn.com/i/teamlogos/nfl/500/den.png,9,14,7,22,4,13,4,17,3,10,8,25,2,26,1,-0.2647535774058827,-1
2025,10,NE,00-0039851,Drake Maye,-0.0321007027053668,0.44317984577856917,0.41107914307320237,00-0039851,Drake Maye,1.2752057630548421,32,1.6862849061280445,2.4774969432481795,10.799733564785946,-2.9711486616879013,0.10376794807153827,-0.03756871404688552,0.2912226312226798,0.02996416563115504,-0.20018894470157428,-0.170345223244389,0.5465116279069767,0.47191011235955055,0.46345811051693403,0.44571428571428573,0.01766662839315384,0.01345902072263618,9,New England Patriots,AFC,AFC East,https://a.espncdn.com/i/teamlogos/nfl/500/ne.png,10,19,12,6,9,7,8,3,12,31,4,7,12,11,14,-0.644240912042269,-4
2025,10,LAC,00-0036355,Justin Herbert,1.3495143164453212,0.19212999425373534,1.5416443106990565,00-0036355,Justin Herbert,0.08680950983866606,98,1.6284538205377226,2.4774969432481795,7.656144001017917,-3.3007134679549206,0.05761538324552645,-0.024974098329864185,0.11362989270845991,-0.004622349919924063,-0.04932140754734654,-0.06311972513100877,0.5747126436781609,0.45977011494252873,0.4720394736842105,0.40874524714828897,0.04947715382755599,0.020713464420689977,9,Los Angeles Chargers,AFC,AFC West,https://a.espncdn.com/i/teamlogos/nfl/500/lac.png,11,7,15,9,8,12,9,15,7,16,18,6,8,9,4,0.027106888350996172,0
2025,10,TB,00-0034855,Baker Mayfield,0.3637679671343348,1.2934325301024883,1.657200497236823,00-0034855,Baker Mayfield,-0.18341811352428078,125,1.4737823837125423,2.4774969432481795,5.042397654520588,-2.670200961956328,0.030961231929210596,-0.07070394944253379,0.1338101604120207,-0.01431818006188256,-0.1431320063880461,-0.18854007826796662,0.5180722891566265,0.47619047619047616,0.4197292069632495,0.437984496124031,-0.009152431242799748,0.011448021000016344,8,Tampa Bay Buccaneers,NFC,NFC South,https://a.espncdn.com/i/teamlogos/nfl/500/tb.png,12,16,4,18,10,19,3,11,6,25,3,13,13,27,12,0.07639439271319604,0
2025,10,SEA,00-0034869,Sam Darnold,-0.4783111669580795,1.8657771773822067,1.3874660104241272,00-0034869,Sam Darnold,-0.30455048072684077,95,1.0829155296972863,2.4774969432481795,5.501444311347784,-6.017908254358923,0.0806044587040522,-0.03791088081466492,0.29226525190613456,0.04466035800388261,-0.15478512297359998,-0.22091964989203053,0.5340909090909091,0.42045454545454547,0.46496815286624205,0.4254545454545455,-0.05026914747546281,0.012146411729044019,8,Seattle Seahawks,NFC,NFC West,https://a.espncdn.com/i/teamlogos/nfl/500/sea.png,13,22,2,15,3,10,7,2,13,27,1,10,3,10,10,0.47491502296705,2
2025,10,IND,00-0035710,Daniel Jones,1.9819952433783388,0.5322794841055738,2.5142747274839126,00-0035710,Daniel Jones,-1.805500403497289,84,0.7087743239866235,2.4774969432481795,14.307812537459357,-1.7234956532449122,0.18183065391673545,-0.02212952905569318,0.18456500073829482,0.006532038029079562,0.17761264805746899,-0.08681383072788523,0.6046511627906976,0.5172413793103449,0.5026455026455027,0.46308724832214765,0.026857201766421906,0.03809347793202227,9,Indianapolis Colts,AFC,AFC South,https://a.espncdn.com/i/teamlogos/nfl/500/ind.png,14,5,11,2,11,1,10,9,10,1,15,2,21,2,22,-0.6448641134136517,-1
2025,10,WAS,00-0032268,Marcus Mariota,1.1581500356256549,-0.5230881922651163,0.6350618433605386,00-0039910,Jayden Daniels,0.06045432677948021,88,0.6955161701400189,2.4774969432481795,6.397623866987841,2.0957618904318887,0.031869773679996063,0.11556672805070538,0.06686870983061086,0.23130444910867645,-0.02634961049362276,-0.05139109083717634,0.5287356321839081,0.5168539325842697,0.4747292418772563,0.45818815331010454,9.41395906260683e-4,-0.014438479795398414,9,Washington Commanders,NFC,NFC East,https://a.espncdn.com/i/teamlogos/nfl/500/was.png,15,9,21,11,24,18,27,20,29,11,20,12,20,7,16,2.502758785414077,7
2025,10,JAX,00-0036971,Trevor Lawrence,-0.07168131426497615,0.627191384967456,0.5555100707024798,00-0036971,Trevor Lawrence,-0.04681076410129177,80,0.508699306601188,2.4774969432481795,6.053251366550248,2.75764242537875,0.015089797534808849,0.026041791130785977,-0.00476080398027485,0.0888560538931087,0.04888423621170745,-0.1094014629504724,0.5058823529411764,0.5058823529411764,0.44223826714801445,0.4594059405940594,0.013884363615901323,0.0549258399877575,8,Jacksonville Jaguars,AFC,AFC South,https://a.espncdn.com/i/teamlogos/nfl/500/jax.png,16,20,9,13,26,21,18,24,17,3,9,18,18,21,18,0.7703334811569752,2
2025,10,CIN,00-0026158,Joe Flacco,0.523933670685796,-1.614276806084428,-1.090343135398632,00-0026158,Joe Flacco,1.292760921378466,95,0.20241778597983417,2.4774969432481795,3.4372201690548745,7.824473487848246,0.0144151473693557,0.20782591066463127,0.010525956049736836,0.2670334765602236,0.023601274105878776,0.12604114065320993,0.4631578947368421,0.5894736842105263,0.46167883211678834,0.5147058823529411,0.031245373825269294,-0.009186735544309092,9,Cincinnati Bengals,AFC,AFC North,https://a.espncdn.com/i/teamlogos/nfl/500/cin.png,17,15,32,21,32,22,32,23,32,5,31,23,31,13,32,-0.12584359086619634,-1
2025,10,PIT,00-0023459,Aaron Rodgers,-0.5188819719782365,0.14988873158386973,-0.36899324039436676,00-0023459,Aaron Rodgers,0.5320934549692823,164,0.16310021457491553,2.4774969432481795,5.819786624315574,2.151887994715624,0.05145130788826738,0.06642161878136536,0.1015649904603262,0.10124887650857865,-0.0305265659145803,-0.003782800742438271,0.5,0.5365853658536586,0.4451754385964912,0.4677137870855148,0.005749164861505035,0.020561327608930112,8,Pittsburgh Steelers,AFC,AFC North,https://a.espncdn.com/i/teamlogos/nfl/500/pit.png,18,23,16,14,25,15,24,16,19,12,26,19,23,19,24,0.0025445628191302916,-1
2025,10,CHI,00-0039918,Caleb Williams,-0.23747869808989408,-1.0535253754352922,-1.2910040735251864,00-0039918,Caleb Williams,1.2438193264424757,36,-0.0471847470827107,2.4774969432481795,6.15296667885465,4.911169780939874,0.0796630335629159,0.05333854042031495,0.13908379861131692,0.15235020664184104,-0.010453766510488483,-0.0934198683953481,0.6,0.5581395348837209,0.448210922787194,0.48466257668711654,-0.03174335563649115,-0.03507036182974056,8,Chicago Bears,NFC,NFC North,https://a.espncdn.com/i/teamlogos/nfl/500/chi.png,19,21,29,12,30,11,19,10,23,9,13,3,26,17,30,1.454030899967144,2
2025,10,ARI,00-0033119,Jacoby Brissett,0.692619518389948,0.2538952491926598,0.9465147675826078,00-0033119,Jacoby Brissett,-1.2685570036892868,65,-0.32204223610667904,2.4774969432481795,4.207453661566937,-0.30532715755676976,0.03191915039334131,0.010568104602878851,0.12748973671633265,0.07317550145120691,-0.14740415405141127,-0.11754182883242827,0.5324675324675324,0.5316455696202531,0.4224299065420561,0.47058823529411764,0.035431713612564614,-0.0038421664971799753,8,Arizona Cardinals,NFC,NFC West,https://a.espncdn.com/i/teamlogos/nfl/500/ari.png,20,12,13,19,15,17,15,14,16,26,7,11,22,25,25,0.08168855102730799,-1
2025,10,MIA,00-0036212,Tua Tagovailoa,-0.5220214281657207,-1.0176854188449793,-1.5397068470107,00-0036212,Tua Tagovailoa,0.15669980902838315,77,-1.383007037982317,2.4774969432481795,1.020583195314034,3.5485181323727772,-0.041334651980720186,0.12740361848561021,-0.03430436396799435,0.2507199094807345,-0.05390733636326691,-0.028283198895734222,0.5,0.5833333333333334,0.40227703984819735,0.47697974217311234,-0.02402527067320737,-0.037918292802561475,9,Miami Dolphins,AFC,AFC East,https://a.espncdn.com/i/teamlogos/nfl/500/mia.png,21,24,27,24,28,27,29,28,30,19,22,19,29,30,28,-0.853396573749137,-1
2025,10,HOU,00-0036898,Davis Mills,-2.2519194074935105,2.1401830195148817,-0.11173638797862884,00-0039163,C.J. Stroud,-1.5244055726863217,30,-1.6361419606649505,2.4774969432481795,1.043611869095571,-6.650696214284275,-0.025498303832182777,-0.1115072171679191,0.06451624727716014,-0.12037248714395128,-0.18176721997124512,-0.09619447811840898,0.4942528735632184,0.32954545454545453,0.40630797773654914,0.4,0.01806366648797675,-0.020604412427425077,8,Houston Texans,AFC,AFC South,https://a.espncdn.com/i/teamlogos/nfl/500/hou.png,22,28,1,23,1,25,2,21,1,29,11,22,1,29,2,-2.2575369933708274,-8
2025,10,SF,00-0036972,Mac Jones,0.6775733039930032,0.11005513038794845,0.7876284343809516,00-0036972,Mac Jones,-2.5573524992316115,58,-1.7697240648506598,2.4774969432481795,3.612213591755528,0.32997514931437916,0.05255134017377317,0.05968082397392124,0.13132985986041473,0.17509285202373756,-0.07153328096355495,-0.12497842090578488,0.5454545454545454,0.4888888888888889,0.48333333333333334,0.4755244755244755,-0.013008325678554793,-0.01030683088594976,9,San Francisco 49ers,NFC,NFC West,https://a.espncdn.com/i/teamlogos/nfl/500/sf.png,23,13,17,20,19,14,21,13,25,22,6,8,15,6,27,0.2177240438273682,0
2025,10,CAR,00-0039150,Bryce Young,0.14957078691618808,-0.5742155766366128,-0.42464478972042474,00-0039150,Bryce Young,-1.9317906742621371,42,-2.356435463982562,2.4774969432481795,0.8418082048791108,0.3242625542231423,-0.01011974585570098,0.05490384535214043,-0.03268173609747265,0.12366923426784568,0.020532201046466903,-0.05310813138374777,0.5,0.5121951219512195,0.46283783783783783,0.41366223908918404,-0.06740427425810844,-0.020330778254770976,9,Carolina Panthers,NFC,NFC South,https://a.espncdn.com/i/teamlogos/nfl/500/car.png,24,17,22,25,18,23,20,27,20,6,19,19,19,12,7,0.03727490272703626,0
2025,10,ATL,00-0039917,Michael Penix,0.002446800189442766,-0.39008151493473253,-0.38763471474528977,00-0039917,Michael Penix,-2.436660738675206,12,-2.824295453420496,2.4774969432481795,0.3810051544094405,0.8080223235209474,-0.02020008203997786,0.00733071023549329,0.020531335982013902,0.02793446102488499,-0.0848300361463015,-0.019736962370178163,0.4625,0.5,0.4437869822485207,0.461864406779661,-0.020706270565991006,-0.02730755719214218,8,Atlanta Falcons,NFC,NFC South,https://a.espncdn.com/i/teamlogos/nfl/500/atl.png,25,18,19,26,21,24,14,22,11,23,24,24,16,20,21,0.8325915245442839,2
2025,10,NYG,00-0040691,Jaxson Dart,-0.5564275842931942,-1.4003856271409516,-1.9568132114341457,00-0040691,Jaxson Dart,-1.6150272791203488,12,-3.5718404905544947,2.4774969432481795,5.0790826352168414,4.390278807394313,0.03568717070750062,0.1436736769721233,0.08469184376905149,0.13542112445999155,-0.043704679536321976,0.1577947112706599,0.5164835164835165,0.5052631578947369,0.43833333333333335,0.4819672131147541,-0.016465780653005677,-0.0062322317121819015,9,New York Giants,NFC,NFC East,https://a.espncdn.com/i/teamlogos/nfl/500/nyg.png,26,25,30,17,29,16,30,19,21,14,32,15,17,23,29,-0.061013867125481624,0
2025,10,NYJ,00-0028118,Tyrod Taylor,-1.5511822761885117,-1.4536074511604369,-3.004789727348949,00-0036945,Justin Fields,-0.9719793186519965,67,-3.9767690460009453,2.4774969432481795,-0.5218442804603902,-0.2634716408154245,-0.0349965656763044,0.10789871628429261,-0.025401606718020536,0.2077737476344573,-0.051191231854571854,-0.02038114049573544,0.40963855421686746,0.4819277108433735,0.4507874015748031,0.42168674698795183,-0.07388945307265463,-0.02658503759315418,8,New York Jets,AFC,AFC East,https://a.espncdn.com/i/teamlogos/nfl/500/nyj.png,27,26,31,27,16,26,26,26,27,18,23,28,14,16,8,-0.8233243331319717,-2
2025,10,MIN,00-0039923,J.J. McCarthy,-1.6524907232610637,0.22371487770193976,-1.428775845559124,00-0039923,J.J. McCarthy,-2.733059306595165,10,-4.161835152154289,2.4774969432481795,-3.805097903694664,-3.862464596355771,-0.07676862644422229,-0.021074103403802877,-0.04348832282789601,-2.8958678060742038e-5,-0.13817871049815766,-0.046554771905822495,0.38372093023255816,0.47058823529411764,0.44142259414225943,0.42190669371196754,0.007999438263792959,-0.05127089150248489,8,Minnesota Vikings,NFC,NFC North,https://a.espncdn.com/i/teamlogos/nfl/500/min.png,28,27,14,28,7,28,11,29,8,24,21,30,11,22,9,1.338567459267015,1
2025,10,CLE,00-0040704,Dillon Gabriel,-3.9557060569462643,0.8458661938957475,-3.109839863050517,00-0040704,Dillon Gabriel,-2.4163637774905853,6,-5.526203640541102,2.4774969432481795,-11.86010341578429,-5.718246660760773,-0.15466507433820095,-0.04694878435580279,-0.21480865188612613,0.06348805631116741,-0.038929325110842225,-0.20969781270712734,0.3409090909090909,0.4588235294117647,0.34935304990757854,0.40638297872340423,-0.02995536947359016,-0.010751813476982088,8,Cleveland Browns,AFC,AFC North,https://a.espncdn.com/i/teamlogos/nfl/500/cle.png,29,31,6,32,5,31,6,32,15,13,2,32,7,32,3,-0.14926535068136815,-1
2025,10,TEN,00-0040676,Cam Ward,-4.033478813346652,-0.9866225994980313,-5.020101412844683,00-0040676,Cam Ward,-0.6250781390761176,17,-5.645179551920801,2.4774969432481795,-9.152232451128706,1.7697654862984296,-0.18935588007172313,0.12623542692514092,-0.20327860092631486,0.21127037045745423,-0.1597192111180893,0.008411585674859284,0.3473684210526316,0.5376344086021505,0.39065420560747666,0.46003552397868563,-0.023808403602058156,0.03468532969738613,9,Tennessee Titans,AFC,AFC South,https://a.espncdn.com/i/teamlogos/nfl/500/ten.png,30,32,26,31,23,32,28,31,28,28,28,31,24,31,19,-0.11312842950331436,0
2025,10,LV,00-0030565,Geno Smith,-3.7141223376368626,-0.7489780205908136,-4.463100358227676,00-0030565,Geno Smith,-1.5690217465603693,70,-6.032122104788045,2.4774969432481795,-4.165020419793233,0.9542192756724002,-0.11809522704572475,0.060258700723747685,-0.012011607879223079,0.14543279924053928,-0.28620588036968914,-0.0711527655593022,0.3950617283950617,0.6025641025641025,0.4164904862579281,0.4606741573033708,-0.013596764425156446,-0.0018467554184955323,8,Las Vegas Raiders,AFC,AFC West,https://a.espncdn.com/i/teamlogos/nfl/500/lv.png,31,30,24,29,22,29,23,25,22,32,17,29,32,28,20,-0.08418398721179887,0
2025,10,NO,00-0040743,Tyler Shough,-3.220205876800953,-1.0282930441711704,-4.248498920972123,00-0040743,Tyler Shough,-3.22665673034205,9,-7.475155651314173,2.4774969432481795,-7.72038575082657,-0.045385815444545036,-0.13243371821663186,0.059891585792765635,-0.09808458380376416,0.18999654628700025,-0.19731541655204862,-0.0895598372284927,0.42391304347826086,0.5393258426966292,0.42482517482517484,0.46366782006920415,-0.0346849070854455,-0.03008802167393883,9,New Orleans Saints,NFC,NFC South,https://a.espncdn.com/i/teamlogos/nfl/500/no.png,32,29,28,30,17,30,22,30,26,30,14,27,25,24,23,-1.2027047463619986,0
2025,11,DET,00-0033106,Jared Goff,2.8923804934524755,1.2519840746838309,4.144364568136306,00-0033106,Jared Goff,1.9215573503415921,160,6.0659219184778985,2.4248400080554577,8.197695428922824,-2.8403099237885305,0.13761749019645134,-0.027482409266090475,0.2571254402900061,0.011614641294078795,-0.007666684427085859,-0.10354005953614655,0.5520833333333334,0.43157894736842106,0.4761061946902655,0.4174397031539889,-0.05162951311081238,0.007119700912120196,9,Detroit Lions,NFC,NFC North,https://a.espncdn.com/i/teamlogos/nfl/500/det.png,1,2,3,8,8,5,8,5,10,7,10,7,3,7,7,1.4917241735672055,0
2025,11,KC,00-0033873,Patrick Mahomes,2.8208815331299286,0.4785821418232583,3.299463674953187,00-0033873,Patrick Mahomes,0.68679536805979,147,3.9862590430129767,2.4248400080554577,14.177717046011248,-0.6017532347131215,0.1666314218877269,0.0012529321457165601,0.24828495551361107,0.006006455967004126,0.007407031317252755,-0.006496302000444931,0.6329113924050633,0.4444444444444444,0.4966101694915254,0.45742574257425744,0.07116448562736524,7.902571620547333e-5,9,Kansas City Chiefs,AFC,AFC West,https://a.espncdn.com/i/teamlogos/nfl/500/kc.png,2,3,10,1,16,2,12,6,9,5,25,1,7,3,17,-0.053142647720338054,2
2025,11,LA,00-0026498,Matthew Stafford,2.957514032831475,1.0011715023237957,3.9586855351552708,00-0026498,Matthew Stafford,-0.07057551132151689,173,3.888110023833754,2.4248400080554577,9.035738565514626,-5.336122164055085,0.15741307454732884,-0.09521490517150828,0.28363623878176714,-0.06015056284756434,-0.03192167180432866,-0.15706450899290936,0.6,0.4606741573033708,0.5258620689655172,0.4288107202680067,0.04291318357063609,-0.028640368246692933,9,Los Angeles Rams,NFC,NFC West,https://a.espncdn.com/i/teamlogos/nfl/500/lar.png,3,1,7,6,5,3,2,2,3,12,3,4,9,1,10,0.5876035902054522,2
2025,11,GB,00-0036264,Jordan Love,2.2044846198879515,1.0507142397647709,3.2551988596527224,00-0036264,Jordan Love,0.4554627431519683,52,3.7106616028046906,2.4248400080554577,8.681660231704935,-2.511749909599246,0.13430897909294165,0.005332852248122847,0.2690154245154265,0.07611407440708479,-0.05714613908199429,-0.12597144393082105,0.5764705882352941,0.4588235294117647,0.4868189806678383,0.428087986463621,-0.023535768056148827,-0.027885737837181252,9,Green Bay Packers,NFC,NFC North,https://a.espncdn.com/i/teamlogos/nfl/500/gb.png,4,5,6,7,10,7,14,4,16,21,7,5,8,5,9,-0.6113508219500412,-1
2025,11,BUF,00-0034857,Josh Allen,2.0150919071280944,-0.574761473772146,1.4403304333559483,00-0034857,Josh Allen,1.6593581135268722,139,3.0996885468828204,2.4248400080554577,13.844336885290586,-0.23655975980878274,0.14430557787727177,0.02626229813258991,0.23978593492300215,0.002285621989930871,0.014834213723261349,0.0577053953547612,0.5217391304347826,0.4673913043478261,0.4855687606112054,0.43453510436432635,-0.01852659271593791,-0.08096503993068765,9,Buffalo Bills,AFC,AFC East,https://a.espncdn.com/i/teamlogos/nfl/500/buf.png,5,6,22,3,19,4,17,7,7,4,30,13,11,6,13,-1.3103669856645803,-3
2025,11,BAL,00-0034796,Lamar Jackson,0.9309836573181283,-0.2838046848596125,0.6471789724585157,00-0034796,Lamar Jackson,2.3727172027295307,115,3.0198961751880464,2.4248400080554577,6.16805182478603,1.225832420176221,0.024656009924321296,0.07970619515704237,0.079289662807394,0.1225654588659432,-0.04753845995688193,0.0025595204810208994,0.5161290322580645,0.5698924731182796,0.45384615384615384,0.46677740863787376,-0.029772732304032767,0.0034472525976069123,9,Baltimore Ravens,AFC,AFC North,https://a.espncdn.com/i/teamlogos/nfl/500/bal.png,6,8,19,11,22,17,24,17,21,17,26,15,30,16,23,0.42406542453689466,0
2025,11,DAL,00-0033077,Dak Prescott,0.7956518022068906,-0.9121106696293557,-0.11645886742246514,00-0033077,Dak Prescott,2.3885169499879133,145,2.272058082565448,2.4248400080554577,13.298017884999076,5.939484594976262,0.13604620589554423,0.17080819024338376,0.20990703928347632,0.25319339116324535,-0.001920256470593081,0.04462326225220336,0.5161290322580645,0.5777777777777777,0.47368421052631576,0.51,0.006986907072472134,-0.007515554096741752,9,Dallas Cowboys,NFC,NFC East,https://a.espncdn.com/i/teamlogos/nfl/500/dal.png,7,9,25,4,31,6,31,8,30,6,29,15,31,8,31,0.0028364022554465684,0
2025,11,PHI,00-0036389,Jalen Hurts,0.6999174635364218,0.3112201602840141,1.011137623820436,00-0036389,Jalen Hurts,1.2428069755231244,93,2.2539445993435603,2.4248400080554577,5.927385795740842,-0.3160507508613403,0.07380135968149669,0.002469042124486742,0.14971228275226056,0.06469325158100998,-0.030148733172161945,-0.10123797363638533,0.42696629213483145,0.550561797752809,0.4372623574144487,0.4503424657534247,-0.022673051967475426,-0.01852649071712912,9,Philadelphia Eagles,NFC,NFC East,https://a.espncdn.com/i/teamlogos/nfl/500/phi.png,8,10,13,13,18,11,13,10,15,11,11,26,25,20,14,0.07413440326184562,0
2025,11,NE,00-0039851,Drake Maye,0.549644796214035,0.12317865607753875,0.6728234522915737,00-0039851,Drake Maye,1.393810206634757,32,2.0666336589263308,2.4248400080554577,11.600391543380807,-2.5744701583393423,0.11244917847212338,-0.027079790000900945,0.27729256658554674,0.030540015816276647,-0.15646906061121557,-0.14145076134655496,0.5360824742268041,0.47,0.4557165861513688,0.4511784511784512,0.02283497747218454,0.014045401571518507,10,New England Patriots,AFC,AFC East,https://a.espncdn.com/i/teamlogos/nfl/500/ne.png,9,12,14,5,9,8,9,3,13,27,4,11,12,14,15,0.3803487527982863,1
2025,11,SEA,00-0034869,Sam Darnold,0.3792714165333564,1.855181606620759,2.2344530231541153,00-0034869,Sam Darnold,-0.18826908033883666,95,2.046183942815279,2.4248400080554577,6.0983129044374245,-5.757457142293764,0.08137559393811236,-0.058718357380817966,0.29969775157890405,0.014009616581776598,-0.13529884930539038,-0.225609918684456,0.5408163265306123,0.44,0.4734848484848485,0.4249201277955272,-0.06776167344527084,0.019413219771726307,9,Seattle Seahawks,NFC,NFC West,https://a.espncdn.com/i/teamlogos/nfl/500/sea.png,10,16,2,12,4,9,5,1,11,26,1,9,5,9,8,0.9632684131179925,3
2025,11,LAC,00-0036355,Justin Herbert,1.0584654896623817,0.7846958024704289,1.8431612921328107,00-0036355,Justin Herbert,0.06551950553084107,98,1.9086807976636517,2.4248400080554577,5.8128278642721325,-4.059265521899036,0.03969335913833776,-0.05627984499358432,0.09086635963662248,-0.05040236771447995,-0.05473046186477339,-0.06738827705109159,0.55,0.43434343434343436,0.4632352941176471,0.40657439446366783,0.04566710164115881,0.01676182770533056,10,Los Angeles Chargers,AFC,AFC West,https://a.espncdn.com/i/teamlogos/nfl/500/lac.png,11,7,9,14,7,14,6,15,4,19,17,8,4,11,4,0.28022697712592914,0
2025,11,IND,00-0035710,Daniel Jones,2.6095978395693793,0.4546392391955929,3.064237078764972,00-0035710,Daniel Jones,-1.7516885704244691,84,1.312548508340503,2.4248400080554577,14.142322559525443,-1.1620896918424042,0.1779520535866718,-0.02058259002604514,0.16372774008949695,-0.003806019181436586,0.19923339083438302,-0.056123477075997866,0.6326530612244898,0.494949494949495,0.5077639751552795,0.4635258358662614,0.01843425193746904,0.028091553155884123,10,Indianapolis Colts,AFC,AFC South,https://a.espncdn.com/i/teamlogos/nfl/500/ind.png,12,4,11,2,15,1,10,9,5,1,19,2,15,2,21,0.6037741843538795,2
2025,11,DEN,00-0039732,Bo Nix,-0.06723517411367119,1.190132075799272,1.1228969016856007,00-0039732,Bo Nix,0.048762518451743724,36,1.1716594201373445,2.4248400080554577,-0.20661708618914582,-8.08744386740825,0.02243409340568368,-0.09178708218349667,0.056321308230989436,-0.07196476817035216,-0.033815939300289435,-0.1264144440072885,0.4247787610619469,0.3793103448275862,0.4155251141552511,0.37462235649546827,0.00202011073042963,-0.003414005950898721,10,Denver Broncos,AFC,AFC West,https://a.espncdn.com/i/teamlogos/nfl/500/den.png,13,21,4,25,1,18,3,20,2,13,6,27,2,28,1,-0.7509253506581912,-4
2025,11,TB,00-0034855,Baker Mayfield,0.16225554681790344,0.9875875794088183,1.1498431262267217,00-0034855,Baker Mayfield,-0.14687541920692704,125,1.0029677070197947,2.4248400080554577,5.002122827657014,-1.9070380926904822,0.03352412375679457,-0.04317034192585382,0.12130128694003779,0.0018251686293762513,-0.11906047766454408,-0.13530400639608683,0.5106382978723404,0.47368421052631576,0.42832764505119453,0.4322916666666667,-0.005988513414548728,0.017881587464843515,9,Tampa Bay Buccaneers,NFC,NFC South,https://a.espncdn.com/i/teamlogos/nfl/500/tb.png,14,18,8,16,11,15,7,13,6,24,5,17,13,24,12,-0.4708146766927477,-2
2025,11,CHI,00-0039918,Caleb Williams,0.35566928845243684,-1.2068143610524693,-0.8511450726000325,00-0039918,Caleb Williams,1.139519465442862,36,0.2883743928428295,2.4248400080554577,6.472546189279466,3.6828418986513376,0.07932223827084352,0.045701365442924476,0.1350130269855637,0.13074082466485695,-0.008294735353608512,-0.08166884681392553,0.6105263157894737,0.5567010309278351,0.4539363484087102,0.47153024911032027,-0.028930818095683368,-0.03169123486383649,9,Chicago Bears,NFC,NFC North,https://a.espncdn.com/i/teamlogos/nfl/500/chi.png,15,17,29,10,28,10,21,12,22,8,16,3,27,15,25,0.3355591399255402,4
2025,11,CIN,00-0026158,Joe Flacco,0.5051920807298984,-1.656432661096824,-1.1512405803669257,00-0026158,Joe Flacco,1.2712650977885773,95,0.12002451742165166,2.4248400080554577,3.4372201690548745,7.824473487848246,0.0144151473693557,0.20782591066463127,0.010525956049736837,0.2670334765602236,0.023601274105878776,0.12604114065320993,0.4631578947368421,0.5894736842105263,0.46167883211678834,0.5147058823529411,0.031245373825269294,-0.009186735544309092,9,Cincinnati Bengals,AFC,AFC North,https://a.espncdn.com/i/teamlogos/nfl/500/cin.png,16,13,31,19,32,19,32,22,31,2,31,23,32,12,32,-0.08239326855818252,1
2025,11,JAX,00-0036971,Trevor Lawrence,-0.45735866832447636,0.32854449322350465,-0.1288141751009717,00-0036971,Trevor Lawrence,0.015548524376913174,80,-0.11326565072405853,2.4248400080554577,4.530389651491499,1.704456156661415,-0.005645480071708809,0.0360273463564927,-0.020866109298971314,0.09454830867405656,0.020256292472930898,-0.09194706574455355,0.5052631578947369,0.5052631578947369,0.4383116883116883,0.46551724137931033,0.010814387381878118,0.047339475037017895,9,Jacksonville Jaguars,AFC,AFC South,https://a.espncdn.com/i/teamlogos/nfl/500/jax.png,17,23,12,17,23,22,20,25,20,3,14,18,16,19,22,-0.6219649573252466,-1
2025,11,MIA,00-0036212,Tua Tagovailoa,0.04231235298903435,-0.6077687993568266,-0.5654564463677922,00-0036212,Tua Tagovailoa,0.30119498681779655,77,-0.2642614595499957,2.4248400080554577,2.325778147932936,3.3606669064189205,-0.010130153816389138,0.10403620075394436,-0.007207255946814977,0.22995503962968356,-0.014921570871992442,-0.06595423172830356,0.5,0.5578947368421052,0.40484429065743943,0.4713584288052373,-0.035869077682983086,-0.037455008291129833,10,Miami Dolphins,AFC,AFC East,https://a.espncdn.com/i/teamlogos/nfl/500/mia.png,18,20,23,21,27,24,27,24,29,9,18,19,28,30,24,1.1187455784323213,3
2025,11,PIT,00-0023459,Aaron Rodgers,-0.931146704597174,0.018983618529975654,-0.9121630860671983,00-0023459,Aaron Rodgers,0.5197944656863136,164,-0.3923686203808847,2.4248400080554577,3.0862914553509597,0.5995620299175226,0.008008704158005402,0.04654406009691775,0.035459947568342295,0.0788518990867309,-0.03793600849719002,-0.01586881067885766,0.4673913043478261,0.5157894736842106,0.4389763779527559,0.45891472868217054,0.0030211573510151267,0.01954080587055834,9,Pittsburgh Steelers,AFC,AFC North,https://a.espncdn.com/i/teamlogos/nfl/500/pit.png,19,25,16,20,21,20,22,21,17,15,23,22,19,18,19,-0.5554688349558002,-1
2025,11,WAS,00-0032268,Marcus Mariota,0.6653044286817926,-1.2534085411249727,-0.5881041124431801,00-0032268,Marcus Mariota,0.09476524778965371,88,-0.49333886465352633,2.4248400080554577,6.859635203971058,4.0147774117559525,0.0439223698496134,0.15589997879538614,0.09481060187608314,0.27453695901260833,-0.03776088670789598,-0.010103258448861292,0.5263157894736842,0.5510204081632653,0.4728171334431631,0.4727838258164852,-0.014906482057883374,-0.010379367248257243,10,Washington Commanders,NFC,NFC East,https://a.espncdn.com/i/teamlogos/nfl/500/was.png,20,11,30,9,29,13,30,14,32,14,24,12,26,10,26,-1.1888550347935452,-5
2025,11,ARI,00-0033119,Jacoby Brissett,0.3801329141158316,0.12268195094597534,0.502814865061807,00-0033119,Jacoby Brissett,-1.1998863842390224,65,-0.6970715191772154,2.4248400080554577,2.1378461866723844,0.32819788789413007,0.001914956118021704,0.018101035403136817,0.08294540704478617,0.08737900733403156,-0.1585648637662045,-0.10079929781779416,0.5393258426966292,0.5393258426966292,0.42225859247135844,0.4777397260273973,0.04011126589041128,-0.02649324590901943,9,Arizona Cardinals,NFC,NFC West,https://a.espncdn.com/i/teamlogos/nfl/500/ari.png,21,15,15,22,20,21,15,16,18,28,12,10,23,26,28,-0.3750292830705364,-1
2025,11,HOU,00-0036898,Davis Mills,-2.0517917247817055,2.2120221402568876,0.16023041547518213,00-0036898,Davis Mills,-1.0784454822156049,30,-0.9182150667404227,2.4248400080554577,1.3133274792571363,-6.749838464453031,-0.009770080455745395,-0.12059193320859389,0.07351758184288805,-0.12544538166369135,-0.1599921197614998,-0.11222644165031037,0.4948453608247423,0.3469387755102041,0.4185667752442997,0.4003690036900369,0.014573098592768337,-0.01984230243441202,9,Houston Texans,AFC,AFC South,https://a.espncdn.com/i/teamlogos/nfl/500/hou.png,22,28,1,23,2,23,1,19,1,30,9,20,1,27,3,0.7179268939245278,0
2025,11,NYG,00-0031503,Jameis Winston,-0.29753816098648356,-1.728821988201414,-2.0263601491878975,00-0040691,Jaxson Dart,0.8249178866473559,92,-1.2014422625405417,2.4248400080554577,5.369294679345466,4.409401709640224,0.031224254885423342,0.1371231484893202,0.07450497983403198,0.13234900514233974,-0.03883326098469806,0.14546819580314785,0.5196078431372549,0.5238095238095238,0.4323922734026746,0.48372781065088755,-0.015285024501365499,-0.00625206031788582,10,New York Giants,NFC,NFC East,https://a.espncdn.com/i/teamlogos/nfl/500/nyg.png,23,22,32,15,30,16,29,18,23,16,32,14,21,23,29,2.3703982280139533,3
2025,11,SF,00-0037834,Brock Purdy,0.4483236435372695,-0.5312284166075445,-0.082904773070275,00-0036972,Mac Jones,-1.5136841508483299,53,-1.5965889239186049,2.4248400080554577,4.026638793684732,2.0285084176346686,0.05823270085372164,0.0958509751992822,0.1451307525380139,0.21661399086290153,-0.08169368945681192,-0.09357165824083039,0.5567010309278351,0.5151515151515151,0.4917043740573152,0.4913657770800628,-0.009764545171180356,-0.002277309877592281,10,San Francisco 49ers,NFC,NFC West,https://a.espncdn.com/i/teamlogos/nfl/500/sf.png,24,14,21,18,26,12,26,11,28,23,13,6,18,4,30,0.17313514093205495,-1
2025,11,ATL,00-0039917,Michael Penix,0.046422735680427873,-0.9632044763592837,-0.9167817406788559,00-0039917,Michael Penix,-2.145521720304079,12,-3.062303460982935,2.4248400080554577,0.23646567002016047,1.9099062484525666,-0.018621417423925025,0.027255440747141108,0.005757168725490756,0.023209622500779296,-0.05616879341298057,0.032503154790539265,0.44565217391304346,0.5454545454545454,0.44639718804920914,0.47358834244080145,-0.025286214928587472,-0.030648083784471578,9,Atlanta Falcons,NFC,NFC South,https://a.espncdn.com/i/teamlogos/nfl/500/atl.png,25,19,26,24,25,25,18,23,12,20,28,24,24,17,27,-0.2380080075624389,0
2025,11,CAR,00-0039150,Bryce Young,-0.5744206111412327,-0.776127397224883,-1.3505480083661157,00-0039150,Bryce Young,-2.4713438225793327,42,-3.8218918309454484,2.4248400080554577,-0.2583361364929715,-0.3749560795043262,-0.03394438418803915,0.06455902747328593,-0.04737039280005529,0.14023071660685887,-0.01576537252724358,-0.04799466140606206,0.4742268041237113,0.5164835164835165,0.4573643410852713,0.41216216216216217,-0.06870321464978045,-0.02635706981797507,10,Carolina Panthers,NFC,NFC South,https://a.espncdn.com/i/teamlogos/nfl/500/car.png,26,24,24,26,17,26,23,27,24,10,20,21,20,13,5,-1.4654563669628864,-2
2025,11,NYJ,00-0028118,Tyrod Taylor,-1.9397533105672689,-1.148692381546538,-3.088445692113807,00-0028118,Tyrod Taylor,-0.9290012204089797,67,-4.017446912522787,2.4248400080554577,-0.4603117971246377,-1.7596259159686083,-0.05270575424232889,0.08856075245549751,-0.04415681196731535,0.17874695608128083,-0.06582193965056882,-0.03144211440983053,0.3978494623655914,0.4631578947368421,0.43423423423423424,0.4133099824868651,-0.0894188987127282,-0.029790255817647143,9,New York Jets,AFC,AFC East,https://a.espncdn.com/i/teamlogos/nfl/500/nyj.png,27,27,28,27,12,27,25,26,26,22,22,28,10,22,6,-0.040677866521841466,0
2025,11,MIN,00-0039923,J.J. McCarthy,-1.8720357705093038,-0.01691716230109286,-1.8889529328103967,00-0039923,J.J. McCarthy,-2.8250770189930057,10,-4.714029951803402,2.4248400080554577,-4.195601024987119,-4.271218691223919,-0.07767242112057626,-0.01537111086556626,-0.051961629249179665,0.004131732526790884,-0.12867020060175302,-0.038851004675188386,0.3917525773195876,0.4845360824742268,0.43646408839779005,0.4306049822064057,0.00821144562822286,-0.04635558353553079,9,Minnesota Vikings,NFC,NFC North,https://a.espncdn.com/i/teamlogos/nfl/500/min.png,28,26,17,28,6,28,11,28,8,25,21,29,14,21,11,-0.5521947996491132,0
2025,11,CLE,00-0040704,Dillon Gabriel,-3.9476897168209084,1.0966290456029393,-2.851060671217969,00-0040704,Dillon Gabriel,-2.2604550386507953,6,-5.1115157098687645,2.4248400080554577,-11.890334323282646,-6.0952153531485305,-0.14143188318315203,-0.06487305007380505,-0.18999259135972982,0.037182085822079027,-0.04934978560303757,-0.20264748353324855,0.34,0.4421052631578947,0.3501628664495114,0.39264990328820115,-0.032786106378034675,-0.033296552405463725,9,Cleveland Browns,AFC,AFC North,https://a.espncdn.com/i/teamlogos/nfl/500/cle.png,29,31,5,32,3,30,4,31,14,18,2,32,6,32,2,0.4146879306723372,0
2025,11,TEN,00-0040676,Cam Ward,-3.7813946740466298,-1.0157913410679855,-4.797186015114615,00-0040676,Cam Ward,-0.6023347483488347,17,-5.39952076346345,2.4248400080554577,-9.152232451128706,1.7697654862984296,-0.18935588007172313,0.12623542692514092,-0.20327860092631486,0.21127037045745423,-0.15971921111808926,0.008411585674859284,0.3473684210526316,0.5376344086021505,0.39065420560747666,0.46003552397868563,-0.02380840360205816,0.03468532969738613,9,Tennessee Titans,AFC,AFC South,https://a.espncdn.com/i/teamlogos/nfl/500/ten.png,30,30,27,31,24,32,28,32,27,29,27,31,22,31,20,0.24565878845735156,0
2025,11,LV,00-0030565,Geno Smith,-3.9907339607105436,-0.201076816799179,-4.191810777509723,00-0030565,Geno Smith,-1.8501836901929563,70,-6.041994467702679,2.4248400080554577,-8.374825684513596,-1.2115599505543662,-0.14899963628787793,0.023879134614196218,-0.06575034853994002,0.09373013027407738,-0.2811477775188279,-0.08178529526113248,0.3723404255319149,0.5604395604395604,0.4071294559099437,0.45193929173693087,-0.015863665083795064,-0.0017132606555274445,9,Las Vegas Raiders,AFC,AFC West,https://a.espncdn.com/i/teamlogos/nfl/500/lv.png,31,32,18,30,14,31,16,29,19,32,15,30,29,29,16,-0.009872362914634003,0
2025,11,NO,00-0040743,Tyler Shough,-2.6083995658757138,-0.39098715601123946,-2.999386721886953,00-0040743,Tyler Shough,-3.166785647563024,9,-6.166172369449978,2.4248400080554577,-6.316555865592179,-1.2450101953584987,-0.10434453541021375,0.029657842049933852,-0.06616614309858634,0.1542153070297957,-0.17144595220034678,-0.11494825599175504,0.43564356435643564,0.51,0.42229199372056514,0.45800316957210774,-0.03927578576558214,-0.035118587324027804,10,New Orleans Saints,NFC,NFC South,https://a.espncdn.com/i/teamlogos/nfl/500/no.png,32,29,20,29,13,29,19,30,25,31,8,25,17,25,18,1.3089832818641955,0
2025,12,DET,00-0033106,Jared Goff,1.6729777437365034,1.211092574627263,2.8840703183637664,00-0033106,Jared Goff,1.8584924104079399,160,4.7425627287717065,2.479905913188522,5.278104063944731,-4.168166918429004,0.08671278033599157,-0.046535918486199576,0.18752338017255366,-0.009853984862759036,-0.04122503545659086,-0.11156298263684418,0.5277777777777778,0.4166666666666667,0.46314102564102566,0.4131147540983607,-0.04615215472386535,0.0011097377209878293,10,Detroit Lions,NFC,NFC North,https://a.espncdn.com/i/teamlogos/nfl/500/det.png,1,6,4,12,7,8,6,8,5,15,10,13,3,10,4,-1.323359189706192,0
2025,12,KC,00-0033873,Patrick Mahomes,3.02254327534088,0.5143039429265244,3.5368472182674044,00-0033873,Patrick Mahomes,0.6511959917146245,147,4.188043209982029,2.479905913188522,12.84250951350442,-0.7687921655521649,0.16153531474900187,0.0027509005288710742,0.23373571159882928,0.018612917154201162,0.011061590473193357,-0.023735674402104626,0.6179775280898876,0.45054945054945056,0.4893939393939394,0.4558303886925795,0.08148045293318351,0.0035405013159819617,10,Kansas City Chiefs,AFC,AFC West,https://a.espncdn.com/i/teamlogos/nfl/500/kc.png,2,1,11,3,15,2,14,5,11,5,24,2,6,4,20,0.20178416696905188,0
2025,12,LA,00-0026498,Matthew Stafford,2.5241847041755103,1.424720378055766,3.9489050822312763,00-0026498,Matthew Stafford,-0.07822352424146457,173,3.870681557989812,2.479905913188522,7.279315074210811,-5.024985683739352,0.12900957632840523,-0.10689844135853091,0.2373490771554554,-0.08170275449689016,-0.030738079793049062,-0.1497910987539431,0.5841584158415841,0.44554455445544555,0.5134706814580031,0.4331864904552129,0.04243617312062087,-0.03757264867156015,10,Los Angeles Rams,NFC,NFC West,https://a.espncdn.com/i/teamlogos/nfl/500/lar.png,3,3,3,8,5,6,2,4,2,11,3,4,5,1,11,-0.017428465843941865,0
2025,12,GB,00-0036264,Jordan Love,2.1984857157933493,0.8511490510080137,3.049634766801363,00-0036264,Jordan Love,0.4383699519381592,52,3.4880047187395222,2.479905913188522,10.115157730161755,-1.8336838623097744,0.15339019994635897,0.0193794099482316,0.2845200008519858,0.08637577382202835,-0.03263114552441401,-0.09465113591043471,0.5698924731182796,0.4731182795698925,0.4855769230769231,0.43202416918429004,-0.021194007567818494,-0.04252999613123834,10,Green Bay Packers,NFC,NFC North,https://a.espncdn.com/i/teamlogos/nfl/500/gb.png,4,4,8,6,10,4,15,1,20,12,13,5,10,5,10,-0.22265688406516837,0
2025,12,BAL,00-0034796,Lamar Jackson,1.0013427835341426,-0.19422212421551244,0.8071206593186302,00-0034796,Lamar Jackson,2.440930557633476,115,3.2480512169521063,2.479905913188522,5.1987254562929355,-0.40256041501447887,0.01026259397338375,0.03588730078481182,0.03426298754303797,0.07063573682363981,-0.021100470133574762,-0.025433468695472885,0.5192307692307693,0.5428571428571428,0.45077720207253885,0.4513677811550152,-0.03498974134573398,-0.003238265437307891,10,Baltimore Ravens,AFC,AFC North,https://a.espncdn.com/i/teamlogos/nfl/500/bal.png,5,8,17,13,18,18,21,21,18,7,23,16,25,16,16,0.22815504176405987,1
2025,12,DAL,00-0033077,Dak Prescott,1.468817792242982,-0.7782425256845489,0.690575266558433,00-0033077,Dak Prescott,2.4703461788663126,145,3.1609214454247456,2.479905913188522,12.821576361326034,4.579523353918948,0.1390590209571006,0.13773860283648784,0.21806279320708566,0.19616622877688972,-0.003412216866094217,0.039007839002502626,0.5294117647058824,0.57,0.48208955223880595,0.503793626707132,0.012986850239841238,0.00636162004955512,10,Dallas Cowboys,NFC,NFC East,https://a.espncdn.com/i/teamlogos/nfl/500/dal.png,6,7,25,4,30,5,29,6,28,6,29,12,29,7,31,0.8888633628592975,1
2025,12,BUF,00-0034857,Josh Allen,1.8888119745634468,-0.665785558319258,1.2230264162441888,00-0034857,Josh Allen,1.8248638975921354,139,3.0478903138363242,2.479905913188522,15.240763382477052,0.9878973361334648,0.156122626495805,0.03132295480770395,0.2543816694153245,-0.0021005910482545234,0.02051789567698473,0.07405916802047528,0.5339805825242718,0.4807692307692308,0.48527131782945737,0.4355108877721943,-0.010794992806528035,-0.08479933320861112,10,Buffalo Bills,AFC,AFC East,https://a.espncdn.com/i/teamlogos/nfl/500/buf.png,7,5,23,1,23,3,19,3,9,4,30,10,12,6,12,-0.05179823304649611,-2
2025,12,NE,00-0039851,Drake Maye,0.6009922452416996,0.204460339167313,0.8054525844090126,00-0039851,Drake Maye,1.3457022956908964,32,2.151154880099909,2.479905913188522,11.863575026117031,-2.9089586937660594,0.1148785939055739,-0.03215967176383796,0.2785419239715894,0.020663498117932933,-0.1526480033177207,-0.13354225790463592,0.5420560747663551,0.45871559633027525,0.4583941605839416,0.45314900153609833,0.02137607951678788,0.0046980376262699105,11,New England Patriots,AFC,AFC East,https://a.espncdn.com/i/teamlogos/nfl/500/ne.png,8,11,14,5,9,7,9,2,12,27,5,8,8,11,17,0.08452122117357819,1
2025,12,PHI,00-0036389,Jalen Hurts,0.1893201312044086,0.5956267326869535,0.7849468638913621,00-0036389,Jalen Hurts,1.1853206308680186,93,1.9702674947593808,2.479905913188522,3.839207026211328,-1.8122279315004701,0.04228747656668055,-0.034530616532870935,0.11104931230626963,0.02314309410244546,-0.047448046522049626,-0.13202090564026767,0.4117647058823529,0.5247524752475248,0.4304857621440536,0.4401244167962675,-0.02570373987064823,-0.01635943456955041,10,Philadelphia Eagles,NFC,NFC East,https://a.espncdn.com/i/teamlogos/nfl/500/phi.png,9,14,9,18,11,13,8,12,13,18,6,27,22,23,14,-0.2836771045841795,-1
2025,12,SEA,00-0034869,Sam Darnold,0.17738180144508897,1.6561175795194871,1.833499380964576,00-0034869,Sam Darnold,-0.1835337123346896,95,1.6499656686298865,2.479905913188522,3.9250309195856588,-6.624086780864215,0.044136884675742186,-0.06891023972617288,0.2144289113537232,-0.007228373396442104,-0.1318126844167897,-0.20327824900783995,0.5181818181818182,0.44144144144144143,0.4722222222222222,0.42097488921713444,-0.07278182335028027,0.02128620570160207,10,Seattle Seahawks,NFC,NFC West,https://a.espncdn.com/i/teamlogos/nfl/500/sea.png,10,15,2,17,2,12,5,7,6,26,1,18,4,9,7,-0.39621827418539235,0
2025,12,IND,00-0035710,Daniel Jones,2.631540702972621,0.46498296330187117,3.0965236662744924,00-0035710,Daniel Jones,-1.6762926634552975,84,1.420231002819195,2.479905913188522,14.142322559525443,-1.1620896918424042,0.1779520535866718,-0.02058259002604514,0.16372774008949695,-0.003806019181436587,0.19923339083438302,-0.056123477075997866,0.6326530612244898,0.494949494949495,0.5077639751552795,0.4635258358662614,0.01843425193746904,0.028091553155884123,10,Indianapolis Colts,AFC,AFC South,https://a.espncdn.com/i/teamlogos/nfl/500/ind.png,11,2,12,2,13,1,11,9,7,1,19,1,16,2,23,0.10768249447869183,1
2025,12,LAC,00-0036355,Justin Herbert,0.6088909340328663,0.5314498754385268,1.1403408094713932,00-0036355,Justin Herbert,-0.06634092633043552,98,1.0739998831409576,2.479905913188522,3.8246045252179823,-3.2159842858423247,0.006047336474878813,-0.03514727107464119,0.041634330316792714,-0.03347765868327713,-0.06117254078206965,-0.03790042783427826,0.5321100917431193,0.45871559633027525,0.45467032967032966,0.4206471494607088,0.03976501068351896,0.008916224597789553,11,Los Angeles Chargers,AFC,AFC West,https://a.espncdn.com/i/teamlogos/nfl/500/lac.png,12,10,10,19,8,20,7,20,4,19,22,11,8,12,6,-0.8346809145226941,-1
2025,12,TB,00-0034855,Baker Mayfield,0.023370954595295146,0.9094821640196518,0.9328531186149469,00-0034855,Baker Mayfield,0.0051656398434808065,125,0.9380187584584277,2.479905913188522,6.554285696845784,-0.6482184273969495,0.03735473997836279,-0.014498430742421908,0.10719847981749868,0.034496807303322836,-0.07754947717634461,-0.11295552814863279,0.5188679245283019,0.49056603773584906,0.4298780487804878,0.43670886075949367,-0.01732045934408608,0.021972369356175244,10,Tampa Bay Buccaneers,NFC,NFC South,https://a.espncdn.com/i/teamlogos/nfl/500/tb.png,13,21,6,9,17,15,12,14,14,24,9,17,15,24,13,-0.0649489485613669,1
2025,12,DEN,00-0039732,Bo Nix,-0.22290367745115014,1.1332556476735252,0.910351970222375,00-0039732,Bo Nix,-0.04757859065015661,36,0.8627733795722184,2.479905913188522,0.6174523941308137,-7.51667896196852,0.021815429433549225,-0.07166978085367819,0.06164232445592148,-0.04797101190136003,-0.04545771534206833,-0.11600041924683804,0.43089430894308944,0.3888888888888889,0.4178272980501393,0.3797814207650273,0.004990444456206061,0.012744009016050977,11,Denver Broncos,AFC,AFC West,https://a.espncdn.com/i/teamlogos/nfl/500/den.png,14,23,5,26,1,17,3,19,3,16,7,26,2,28,1,-0.30888604056512603,-1
2025,12,JAX,00-0036971,Trevor Lawrence,0.1446786621667715,0.29883738877430677,0.44351605094107827,00-0036971,Trevor Lawrence,0.16762661068315543,80,0.6111426616242337,2.479905913188522,4.933104021640442,-0.05712521045157119,0.009085233995162994,-0.0026961184292868434,-0.00620514376804689,0.04012956924553653,0.03227283983387688,-0.09779110695851004,0.5238095238095238,0.49038461538461536,0.4483260553129549,0.4554140127388535,0.002778967995928249,0.04067993764402816,10,Jacksonville Jaguars,AFC,AFC South,https://a.espncdn.com/i/teamlogos/nfl/500/jax.png,15,16,13,15,21,19,13,24,16,3,12,15,14,18,19,0.7244083123482923,2
2025,12,CHI,00-0039918,Caleb Williams,0.5875636655610785,-0.9949894747780395,-0.4074258092169609,00-0039918,Caleb Williams,0.9779733759594338,36,0.5705475667424729,2.479905913188522,5.33452403460021,2.902588797971153,0.06342680284867407,0.0259235408645029,0.12197657528793249,0.08568933405508357,-0.02374730278311073,-0.06360416553434264,0.5981308411214953,0.5321100917431193,0.4523809523809524,0.4683954619124797,-0.03212798317212997,-0.04230628521286045,10,Chicago Bears,NFC,NFC North,https://a.espncdn.com/i/teamlogos/nfl/500/chi.png,16,12,27,11,27,10,17,11,19,8,17,3,23,14,25,0.28217317389964336,-1
2025,12,MIA,00-0036212,Tua Tagovailoa,0.07468446282471009,-0.5044462504653833,-0.4297617876406732,00-0036212,Tua Tagovailoa,0.1296022289374568,77,-0.3001595587032164,2.479905913188522,2.6812664360067093,3.3675708668530278,-0.00982336282387585,0.10184954625558014,1.2403328084657203e-4,0.23283886122744799,-0.025002058872117632,-0.07130756189216295,0.5142857142857142,0.5728155339805825,0.416403785488959,0.47640117994100295,-0.042101429978030895,-0.03845958374377919,11,Miami Dolphins,AFC,AFC East,https://a.espncdn.com/i/teamlogos/nfl/500/mia.png,17,19,22,21,28,24,27,23,30,10,16,19,31,29,26,-0.03589809915322073,1
2025,12,CIN,00-0026158,Joe Flacco,0.06064447730360545,-1.6152915840404916,-1.554647106736886,00-0026158,Joe Flacco,1.1728421745278763,95,-0.3818049322090098,2.479905913188522,2.890356134165093,7.79699783882559,-0.00666500685480973,0.20552039952114937,-0.02600734330013321,0.2732371270968343,0.037739174124508126,0.11148268242841379,0.47115384615384615,0.5882352941176471,0.45024469820554647,0.5088757396449705,0.02535344903770449,-0.0084191290540219,10,Cincinnati Bengals,AFC,AFC North,https://a.espncdn.com/i/teamlogos/nfl/500/cin.png,18,20,31,20,32,22,32,26,32,2,31,23,32,17,32,-0.5018294496306615,-2
2025,12,ATL,00-0029604,Kirk Cousins,0.13766081531983554,-1.1092652264498541,-0.9716044111300186,00-0039917,Michael Penix,0.38984783511041504,162,-0.5817565760196035,2.479905913188522,1.2767756312647074,2.035755036292753,-0.007512145093077035,0.035977417561084316,0.030699526554953244,0.06085169366625181,-0.064455028333279,0.0019043525566473198,0.44660194174757284,0.5555555555555556,0.45354330708661417,0.46496815286624205,-0.028291966275692526,-0.028836470009851504,10,Atlanta Falcons,NFC,NFC South,https://a.espncdn.com/i/teamlogos/nfl/500/atl.png,19,17,28,24,26,23,22,22,17,20,28,24,27,13,24,2.4805468849633314,6
2025,12,WAS,00-0032268,Marcus Mariota,0.9193160605186415,-1.4691241144169238,-0.5498080538982824,00-0032268,Marcus Mariota,-0.033071407916062626,88,-0.582879461814345,2.479905913188522,7.328881210582531,3.709893516089471,0.047698445399612266,0.14287682867091406,0.10909718001327892,0.2646272412561377,-0.047064129909782704,-0.019051220067433358,0.5436893203883495,0.5607476635514018,0.47774480712166173,0.47782546494992845,-0.017960923531736957,-0.018928965946461953,11,Washington Commanders,NFC,NFC East,https://a.espncdn.com/i/teamlogos/nfl/500/was.png,20,9,30,7,29,11,30,13,31,17,25,7,28,8,27,-0.08954059716081869,0
2025,12,SF,00-0037834,Brock Purdy,0.41672539405876297,-0.15395620272276567,0.2627691913359973,00-0037834,Brock Purdy,-1.014338631869763,53,-0.7515694405337656,2.479905913188522,5.067727170502154,1.6476661767573721,0.06794921504877272,0.08255693913370066,0.1558476620341657,0.19661933852707633,-0.07186027127944294,-0.10925585984617085,0.5596330275229358,0.5181818181818182,0.4951048951048951,0.4888268156424581,-0.004403659792891096,0.004411258292115114,11,San Francisco 49ers,NFC,NFC West,https://a.espncdn.com/i/teamlogos/nfl/500/sf.png,21,13,16,14,25,9,25,10,29,22,11,6,19,3,30,0.8450194833848392,3
2025,12,NYG,00-0031503,Jameis Winston,0.10967290459902967,-1.6869840369033993,-1.5773111323043696,00-0031503,Jameis Winston,0.7887530568457337,92,-0.7885580754586359,2.479905913188522,5.6307113281987595,5.112733108477927,0.04125185113572396,0.153199622491689,0.08415359626374738,0.1540979236685724,-0.024046059245572713,0.1516568152659636,0.5272727272727272,0.5221238938053098,0.43548387096774194,0.4829001367989056,-0.029743505981037,-0.005694433304700337,11,New York Giants,NFC,NFC East,https://a.espncdn.com/i/teamlogos/nfl/500/nyg.png,22,18,32,10,31,14,31,15,24,9,32,14,21,22,29,0.4128841870819058,1
2025,12,HOU,00-0036898,Davis Mills,-1.870440380908782,2.2932276551372173,0.4227872742284353,00-0036898,Davis Mills,-1.2188219976620742,30,-0.7960347234336389,2.479905913188522,1.6538548712442254,-6.590027911659521,-0.015504813753118681,-0.11819970048267486,0.06694821665899692,-0.10760709145439058,-0.1670678530583768,-0.13749515730415043,0.5,0.3425925925925926,0.41812865497076024,0.39767054908485855,0.016754160367123346,-0.013002215335933967,10,Houston Texans,AFC,AFC South,https://a.espncdn.com/i/teamlogos/nfl/500/hou.png,23,27,1,22,3,25,1,18,1,28,4,20,1,27,3,0.12218034330678385,-1
2025,12,ARI,00-0033119,Jacoby Brissett,-0.00963194938971812,-0.2777015951636068,-0.28733354455332494,00-0033119,Jacoby Brissett,-1.1673715429926241,65,-1.454705087545949,2.479905913188522,1.508313634150645,0.26558588627621854,-0.0011250211508722382,0.03230568045485368,0.08089072062912395,0.1035125302035306,-0.17174705538961432,-0.08757420583089352,0.54,0.5445544554455446,0.427536231884058,0.4827044025157233,0.04322983330028906,-0.018923401919117337,10,Arizona Cardinals,NFC,NFC West,https://a.espncdn.com/i/teamlogos/nfl/500/ari.png,24,22,20,23,22,21,20,16,21,30,14,9,26,25,28,-0.7576335683687336,-3
2025,12,PIT,00-0034771,Mason Rudolph,-0.3478169157778368,-0.028465788366087708,-0.3762827041439245,00-0023459,Aaron Rodgers,-1.5536340444739771,26,-1.9299167486179016,2.479905913188522,4.236775372589353,-0.2637261889185731,0.027641179129037387,0.025402491270572758,0.06702688229468914,0.039302844632880245,-0.03727229460694421,-0.0013113565491704325,0.47474747474747475,0.5192307692307693,0.4405594405594406,0.44929577464788734,0.002567974551769897,0.014819337878464626,10,Pittsburgh Steelers,AFC,AFC North,https://a.espncdn.com/i/teamlogos/nfl/500/pit.png,25,24,15,16,19,16,16,17,15,13,27,22,20,19,15,-1.537548128237017,-6
2025,12,CAR,00-0039150,Bryce Young,-0.3634926599448389,-0.7289273446655402,-1.0924200046103791,00-0039150,Bryce Young,-2.169409658852034,42,-3.2618296634624135,2.479905913188522,0.7879950511214168,-0.18888365571176619,-0.019701031136885042,0.06693665447461199,-0.006321306375501615,0.1524968394843598,-0.038611042132973616,-0.056791642807142266,0.49074074074074076,0.5098039215686274,0.4516574585635359,0.42249240121580545,-0.06359673568509777,-0.028992220598126242,11,Carolina Panthers,NFC,NFC South,https://a.espncdn.com/i/teamlogos/nfl/500/car.png,26,25,24,25,20,26,24,25,23,14,18,21,17,15,8,0.5600621674830348,0
2025,12,NYJ,00-0028118,Tyrod Taylor,-1.9588155510683716,-1.1162126656708837,-3.0750282167392555,00-0028118,Tyrod Taylor,-0.8706172344409125,67,-3.945645451180168,2.479905913188522,0.03471684983861563,-0.9006477706856124,-0.055722621997084776,0.09358911282869067,-0.04893229776144156,0.19096772468575834,-0.06603385509565408,-0.03890371966085124,0.39215686274509803,0.47619047619047616,0.43790849673202614,0.4204724409448819,-0.08935456902407699,-0.02613252023960031,10,New York Jets,AFC,AFC East,https://a.espncdn.com/i/teamlogos/nfl/500/nyj.png,27,28,29,27,14,27,26,27,27,21,21,28,11,20,5,0.07180146134261856,0
2025,12,MIN,00-0039923,J.J. McCarthy,-1.7829867009441716,-0.21957569029242308,-2.0025623912365944,00-0039923,J.J. McCarthy,-3.0511945311072655,10,-5.05375692234386,2.479905913188522,-4.9205607437226835,-4.8063044693830195,-0.08673155072574945,-0.020990783422029594,-0.07896637682900946,0.0029746229701828777,-0.10172899442827667,-0.049127642804012835,0.3853211009174312,0.48623853211009177,0.43645484949832775,0.4317111459968603,-0.00639387277000703,-0.047810272067992654,10,Minnesota Vikings,NFC,NFC North,https://a.espncdn.com/i/teamlogos/nfl/500/min.png,28,26,18,28,6,28,10,29,10,25,20,29,13,21,9,-0.33972697054045753,0
2025,12,TEN,00-0040676,Cam Ward,-3.8719787178506797,-0.807353473532368,-4.679332191383048,00-0040676,Cam Ward,-0.5977587888482082,17,-5.277090980231256,2.479905913188522,-8.4046047782951,1.2502406097252023,-0.1801053670528646,0.1049985500024468,-0.17779265601671398,0.18587740344421969,-0.1852183336138678,-0.012557923023385913,0.34285714285714286,0.5384615384615384,0.3888888888888889,0.4549763033175355,-0.01657170638681549,0.03485516836127936,10,Tennessee Titans,AFC,AFC South,https://a.espncdn.com/i/teamlogos/nfl/500/ten.png,29,31,26,30,24,32,28,31,26,31,26,31,24,31,18,0.12242978323219411,1
2025,12,CLE,00-0040668,Shedeur Sanders,-3.9379475646945696,0.8954224159358164,-3.0425251487587532,00-0040704,Dillon Gabriel,-2.5054669670584353,NA,-5.5479921158171885,2.479905913188522,-12.768389870927306,-5.52189109809142,-0.16598277886953536,-0.07017092037884565,-0.21642033296966134,-0.0036121604489808574,-0.07261964681185534,-0.15882611073077083,0.3392857142857143,0.4528301886792453,0.3447761194029851,0.3958333333333333,-0.035848288515385324,-0.038161179437021846,10,Cleveland Browns,AFC,AFC North,https://a.espncdn.com/i/teamlogos/nfl/500/cle.png,30,32,7,32,4,31,4,32,8,23,2,32,7,32,2,-0.4364764059484241,-1
2025,12,LV,00-0030565,Geno Smith,-3.680500191041525,-0.27006453716026346,-3.9505647282017886,00-0030565,Geno Smith,-1.8002493400125554,70,-5.7508140682143445,2.479905913188522,-8.423312098353152,-0.648449603670365,-0.15393915712537787,0.0375782865389082,-0.0851765773840902,0.11307023679551767,-0.2753982933039141,-0.07494203475611426,0.38461538461538464,0.57,0.41047297297297297,0.46259541984732827,-0.0011516798387928603,0.005156699284641615,10,Las Vegas Raiders,AFC,AFC West,https://a.espncdn.com/i/teamlogos/nfl/500/lv.png,31,30,19,31,16,30,23,30,22,32,15,30,29,30,22,0.29118039948833463,0
2025,12,NO,00-0040743,Tyler Shough,-2.4130928921595824,-0.3635205154248977,-2.77661340758448,00-0040743,Tyler Shough,-3.0940501511372047,9,-5.870663558721684,2.479905913188522,-6.31655586559218,-1.2450101953584987,-0.10434453541021375,0.029657842049933852,-0.06616614309858634,0.1542153070297957,-0.17144595220034678,-0.11494825599175504,0.43564356435643564,0.51,0.42229199372056514,0.45800316957210774,-0.03927578576558213,-0.03511858732402781,10,New Orleans Saints,NFC,NFC South,https://a.espncdn.com/i/teamlogos/nfl/500/no.png,32,29,21,29,12,29,18,28,25,29,8,25,18,26,21,0.29550881072829327,0
2025,13,DET,00-0033106,Jared Goff,2.0342036328837425,1.021440118084016,3.0556437509677585,00-0033106,Jared Goff,1.9256568655746487,160,4.981300616542407,2.4949395295868952,6.381450142273317,-3.4972185773868456,0.09329697623286308,-0.024056284819489,0.15136867783083924,0.03981870366994211,0.015802644708536796,-0.13125733139283657,0.5333333333333333,0.425,0.467438494934877,0.40955137481910275,-0.04279041160943269,-0.005642134556386872,11,Detroit Lions,NFC,NFC North,https://a.espncdn.com/i/teamlogos/nfl/500/det.png,1,5,6,10,7,8,9,9,15,4,5,10,3,10,4,0.23873788777070093,0
2025,13,LA,00-0026498,Matthew Stafford,2.7191946620291523,1.6046447209143524,4.323839382943505,00-0026498,Matthew Stafford,-0.0212318832360964,173,4.302607499707409,2.4949395295868952,7.129398669588297,-6.525348551954632,0.12468897357948867,-0.13376938476160188,0.23356017191102,-0.12987739328587486,-0.039412504197600486,-0.14042932685364024,0.5818181818181818,0.42857142857142855,0.5152838427947598,0.4234354194407457,0.05115714147454811,-0.040922582205117096,11,Los Angeles Rams,NFC,NFC West,https://a.espncdn.com/i/teamlogos/nfl/500/lar.png,2,2,3,8,4,5,1,3,1,13,4,3,4,1,8,0.4319259417175969,1
2025,13,KC,00-0033873,Patrick Mahomes,2.743031464279907,0.5208387566118362,3.2638702208917434,00-0033873,Patrick Mahomes,0.6953863522450382,147,3.9592565731367815,2.4949395295868952,12.020861024337238,-1.00871264637897,0.1449929874599663,9.90099652091113e-4,0.23278295262774326,0.024027067553948595,-0.03163622532779201,-0.03821316151422774,0.62,0.44554455445544555,0.48544973544973546,0.4496753246753247,0.07243803429865726,0.016589334245514526,11,Kansas City Chiefs,AFC,AFC West,https://a.espncdn.com/i/teamlogos/nfl/500/kc.png,3,1,9,4,15,2,15,4,12,11,22,1,8,5,18,-0.22878663684524714,-1
2025,13,DAL,00-0033077,Dak Prescott,1.7300840704965037,-0.5642826970042605,1.1658013734922432,00-0033077,Dak Prescott,2.4816991477198593,145,3.6475005212121028,2.4949395295868952,11.484929470687838,4.1528091374995055,0.12343369743551898,0.1259963601855158,0.2083338547869686,0.1811993498922885,-0.029066207844820658,0.028492228940986207,0.5350877192982456,0.5495495495495496,0.4777327935222672,0.49445983379501385,0.010186193889887969,0.01617981163791675,11,Dallas Cowboys,NFC,NFC East,https://a.espncdn.com/i/teamlogos/nfl/500/dal.png,4,6,22,5,30,6,29,6,27,9,29,9,28,7,31,0.48657907578735715,2
2025,13,BAL,00-0034796,Lamar Jackson,0.7972000936460628,0.16348588171477552,0.9606859753608383,00-0034796,Lamar Jackson,2.4259388178047754,115,3.3866247931656135,2.4949395295868952,5.4422768644907995,-1.4471006392019437,0.014601842240360891,0.016479543504624803,0.04886419679578581,0.0694615207297172,-0.029449756473756875,-0.07553114213437155,0.5175438596491229,0.5217391304347826,0.440625,0.4421199442119944,-0.036549153599278135,-0.011379905762507008,11,Baltimore Ravens,AFC,AFC North,https://a.espncdn.com/i/teamlogos/nfl/500/bal.png,5,11,14,11,14,17,18,18,19,10,17,17,21,19,14,0.1385735762135072,0
2025,13,GB,00-0036264,Jordan Love,2.1411306726743025,0.8457163590666932,2.9868470317409956,00-0036264,Jordan Love,0.3018024339578557,52,3.2886494656988514,2.4949395295868952,9.858612471087216,-2.5552300326069717,0.14424044380109596,-0.008588603361104598,0.28844132323467453,0.04554075831511123,-0.04559977121078686,-0.09921427707658714,0.5728155339805825,0.46078431372549017,0.48546511627906974,0.42917847025495753,-0.028235791684965882,-0.0465503901972379,11,Green Bay Packers,NFC,NFC North,https://a.espncdn.com/i/teamlogos/nfl/500/gb.png,6,4,7,6,10,3,13,1,17,15,13,5,10,4,10,-0.1993552530406708,-2
2025,13,NE,00-0039851,Drake Maye,0.9014837888804232,0.505281685844202,1.4067654747246252,00-0039851,Drake Maye,1.3606922086743287,32,2.7674576833989537,2.4949395295868952,12.046843067445893,-3.040553210472224,0.10635394661104816,-0.044765462827368555,0.27792444556596874,-0.006069856471873136,-0.17185238329154873,-0.11792679144281942,0.5517241379310345,0.4369747899159664,0.4596026490066225,0.453781512605042,0.026797923873611212,4.6296090346605495e-4,12,New England Patriots,AFC,AFC East,https://a.espncdn.com/i/teamlogos/nfl/500/ne.png,7,8,10,3,9,7,6,2,7,29,7,7,6,11,20,0.6163028032990447,1
2025,13,BUF,00-0034857,Josh Allen,1.5683418086479037,-0.6671277996224414,0.9012140090254623,00-0034857,Josh Allen,1.8452041704556605,139,2.7464181794811227,2.4949395295868952,13.550584630877681,0.5871851494021545,0.12679606574373628,0.021707417834192135,0.1976292060101099,-0.019210736673058188,0.024806080274284263,0.07450042137676335,0.5309734513274337,0.4782608695652174,0.47464788732394364,0.433587786259542,-0.009869186823753094,-0.07968286236533627,11,Buffalo Bills,AFC,AFC East,https://a.espncdn.com/i/teamlogos/nfl/500/buf.png,8,7,24,1,23,4,21,7,6,3,31,12,11,8,11,-0.3014721343552016,-1
2025,13,SEA,00-0034869,Sam Darnold,0.738941589467504,1.6728900537577904,2.4118316432252946,00-0034869,Sam Darnold,-0.14039352179921025,95,2.2714381214260846,2.4949395295868952,4.554030742184232,-6.165879682766437,0.06079625564091381,-0.06299709489173372,0.22361166202653956,0.004492919695334045,-0.1116863154988585,-0.2133289299590649,0.5294117647058824,0.44537815126050423,0.47344461305007585,0.4162234042553192,-0.0689964199578166,0.021501360185735667,11,Seattle Seahawks,NFC,NFC West,https://a.espncdn.com/i/teamlogos/nfl/500/sea.png,9,12,2,15,5,10,5,5,8,26,1,13,7,9,6,0.6214724527961981,1
2025,13,PHI,00-0036389,Jalen Hurts,0.17403040953147264,0.4985297226630916,0.6725601321945642,00-0036389,Jalen Hurts,1.1715824224657905,93,1.8441425546603547,2.4949395295868952,4.286859615049558,-1.6772705110659865,0.03855341862879576,-0.03348509898063564,0.10351882895125142,0.03236450116643895,-0.052398155822642165,-0.14505668564492427,0.40707964601769914,0.5309734513274337,0.42727272727272725,0.43977591036414565,-0.01297051556226811,-0.016492246845922622,11,Philadelphia Eagles,NFC,NFC East,https://a.espncdn.com/i/teamlogos/nfl/500/phi.png,10,18,11,16,13,14,8,14,14,18,3,27,24,23,13,-0.12612494009902608,-1
2025,13,IND,00-0035710,Daniel Jones,2.670366890319535,0.47398607313864716,3.144352963458182,00-0035710,Daniel Jones,-1.7208293269120853,84,1.4235236365460968,2.4949395295868952,13.059359839743287,-0.7855737388272661,0.16376659106075467,-0.013981370625655711,0.15698199336402538,0.022940658359348453,0.17416633935501122,-0.08931422008699486,0.6111111111111112,0.509090909090909,0.49855907780979825,0.46286472148541113,0.030129107537775503,0.023902670864748732,11,Indianapolis Colts,AFC,AFC South,https://a.espncdn.com/i/teamlogos/nfl/500/ind.png,11,3,12,2,16,1,12,8,11,1,16,2,19,2,24,0.003292633726901917,0
2025,13,LAC,00-0036355,Justin Herbert,0.7994126056173372,0.46927067822397417,1.2686832838413113,00-0036355,Justin Herbert,-0.06727084470956245,98,1.2014124391317489,2.4949395295868952,3.8246045252179823,-3.2159842858423247,0.006047336474878813,-0.0351472710746412,0.0416343303167927,-0.03347765868327713,-0.06117254078206965,-0.03790042783427826,0.5321100917431193,0.45871559633027525,0.45467032967032966,0.4206471494607088,0.03976501068351896,0.008916224597789553,11,Los Angeles Chargers,AFC,AFC West,https://a.espncdn.com/i/teamlogos/nfl/500/lac.png,12,10,13,18,8,18,7,20,5,20,23,11,9,12,7,0.12741255599079127,0
2025,13,HOU,00-0039163,C.J. Stroud,-1.502156947607095,2.048961301750535,0.54680435414344,00-0036898,Davis Mills,0.46058088618083687,51,1.007385240324277,2.4949395295868952,1.5701021510942312,-6.976978222167617,-0.020332530924442843,-0.12269055165439796,0.04879034832021473,-0.12490452315796502,-0.14475371356482647,-0.11857617542673898,0.4957983193277311,0.3559322033898305,0.41778975741239893,0.3948948948948949,0.012638495430785964,-0.011875752759576667,11,Houston Texans,AFC,AFC South,https://a.espncdn.com/i/teamlogos/nfl/500/hou.png,13,26,1,22,3,24,2,19,2,27,6,19,1,28,3,1.8034199637579158,10
2025,13,DEN,00-0039732,Bo Nix,-0.2478649458357718,1.0511659905204631,0.8033010446846913,00-0039732,Bo Nix,-0.11559621541924425,36,0.6877048292654471,2.4949395295868952,0.6174523941308135,-7.51667896196852,0.02181542943354923,-0.07166978085367819,0.061642324455921486,-0.04797101190136003,-0.04545771534206833,-0.11600041924683804,0.43089430894308944,0.3888888888888889,0.4178272980501393,0.3797814207650273,0.004990444456206061,0.012744009016050977,11,Denver Broncos,AFC,AFC West,https://a.espncdn.com/i/teamlogos/nfl/500/den.png,14,22,5,24,1,16,4,15,3,14,9,26,2,27,1,-0.17506855030677138,0
2025,13,JAX,00-0036971,Trevor Lawrence,0.21347065905984186,0.13064629426561192,0.3441169533254538,00-0036971,Trevor Lawrence,0.30986735776984936,80,0.6539843110953032,2.4949395295868952,4.699616519644651,-0.6979095708125214,-0.006229737116904447,-0.017971282677613006,-0.019621033917119775,0.02180131963099419,0.013992019796172393,-0.11052621702194189,0.5254237288135594,0.4827586206896552,0.446524064171123,0.4508426966292135,0.005886729080090133,0.042757902672095276,11,Jacksonville Jaguars,AFC,AFC South,https://a.espncdn.com/i/teamlogos/nfl/500/jax.png,15,17,15,14,19,20,10,24,10,5,11,15,13,18,19,0.0428416494710695,0
2025,13,PIT,00-0023459,Aaron Rodgers,-0.09780344105644856,-0.012306962348747952,-0.11011040340519651,00-0034771,Mason Rudolph,0.6667689171294224,164,0.5566585137242259,2.4949395295868952,3.5655317477060993,-0.14877480145621214,0.029941788040337754,0.02428988765668691,0.05469308099640558,0.04062732727707754,-0.0088122284207565,-0.006849517935561392,0.47706422018348627,0.5043478260869565,0.4503105590062112,0.4476067270375162,-0.007858838837779408,0.014376290971695184,11,Pittsburgh Steelers,AFC,AFC North,https://a.espncdn.com/i/teamlogos/nfl/500/pit.png,16,20,17,19,20,15,22,17,16,6,27,22,17,16,16,2.486575262342128,9
2025,13,CHI,00-0039918,Caleb Williams,0.391142562473791,-1.0279148836134735,-0.6367723211396825,00-0039918,Caleb Williams,1.1520224935661127,36,0.5152501724264302,2.4949395295868952,5.060930428419645,2.833173033018479,0.05899745016438271,0.028253384251910624,0.11601404921192783,0.07208320475444467,-0.027013938159900382,-0.035004548175505544,0.576271186440678,0.5294117647058824,0.45034013605442175,0.4746008708272859,-0.02830309180157263,-0.0486536204419888,11,Chicago Bears,NFC,NFC North,https://a.espncdn.com/i/teamlogos/nfl/500/chi.png,17,15,28,12,27,11,23,12,20,8,24,4,23,15,25,-0.055297394316042636,-1
2025,13,TB,00-0034855,Baker Mayfield,-0.603332086657608,0.6092416887724332,0.005909602114825274,00-0034855,Baker Mayfield,-0.06410768488896937,125,-0.058198082774144094,2.4949395295868952,3.9413919990142237,-0.775448313660336,-0.0043502203374621105,-0.007131869249019823,0.03802555635143632,0.047439543945102976,-0.07466606956849137,-0.11651299875165026,0.49572649572649574,0.4956521739130435,0.4201101928374656,0.44476744186046513,-0.022511500998322474,0.032553683506870275,11,Tampa Bay Buccaneers,NFC,NFC South,https://a.espncdn.com/i/teamlogos/nfl/500/tb.png,18,24,8,17,17,19,14,21,18,22,8,20,15,26,15,-0.9962168412325718,-5
2025,13,CIN,00-0036442,Joe Burrow,-0.20299508839639824,-1.565684976205978,-1.7686800646023761,00-0026158,Joe Flacco,1.6438654495925367,84,-0.12481461500983948,2.4949395295868952,2.05478659351121,7.401338097700637,-0.022355389559883136,0.1883876446947992,-0.048892136815444055,0.2730864122768684,0.03653091625483773,0.06991830740155128,0.4473684210526316,0.5945945945945946,0.4511834319526627,0.5053619302949062,0.0188556006663335,2.0426556894990064e-4,11,Cincinnati Bengals,AFC,AFC North,https://a.espncdn.com/i/teamlogos/nfl/500/cin.png,19,21,31,21,32,25,32,27,32,2,30,23,32,14,32,0.2569903171991703,-1
2025,13,MIA,00-0036212,Tua Tagovailoa,0.22980587024080878,-0.5949641096694469,-0.3651582394286381,00-0036212,Tua Tagovailoa,0.13960341461833603,77,-0.2255548248103021,2.4949395295868952,2.6812664360067098,3.3675708668530273,-0.009823362823875848,0.10184954625558014,1.2403328084657436e-4,0.23283886122744796,-0.025002058872117632,-0.07130756189216295,0.5142857142857142,0.5728155339805825,0.416403785488959,0.47640117994100295,-0.0421014299780309,-0.038459583743779197,11,Miami Dolphins,AFC,AFC East,https://a.espncdn.com/i/teamlogos/nfl/500/mia.png,20,16,23,20,28,21,27,23,30,7,18,18,31,29,26,0.07460473389291433,-3
2025,13,ATL,00-0029604,Kirk Cousins,0.06605268911646478,-0.9300021321835028,-0.863949443067038,00-0029604,Kirk Cousins,0.5171839255760547,162,-0.3467655174909833,2.4949395295868952,0.7603896628040183,-0.03052954019528098,-0.015718003952522125,0.005549870387797407,0.019165582057838745,0.017616826508451464,-0.06576300720413522,-0.011741953331490368,0.43859649122807015,0.5504587155963303,0.4528301886792453,0.4604519774011299,-0.0355639679381476,-0.028771295691501057,11,Atlanta Falcons,NFC,NFC South,https://a.espncdn.com/i/teamlogos/nfl/500/atl.png,21,19,26,23,22,23,16,22,9,21,26,25,29,13,23,0.23499105852862023,-2
2025,13,WAS,00-0032268,Marcus Mariota,0.8742558956445625,-1.5568191082256395,-0.682563212581077,00-0032268,Marcus Mariota,0.0018738599217309575,88,-0.680689352659346,2.4949395295868952,7.328881210582531,3.709893516089471,0.047698445399612266,0.14287682867091406,0.10909718001327892,0.2646272412561377,-0.047064129909782704,-0.019051220067433358,0.5436893203883495,0.5607476635514018,0.47774480712166173,0.47782546494992845,-0.017960923531736953,-0.018928965946461953,11,Washington Commanders,NFC,NFC East,https://a.espncdn.com/i/teamlogos/nfl/500/was.png,22,9,30,7,29,13,30,13,31,16,25,8,30,6,28,-0.09780989084500102,-2
2025,13,SF,00-0037834,Brock Purdy,0.5422337287061187,-0.10540053250578696,0.4368331962003318,00-0037834,Brock Purdy,-1.1419425210375251,53,-0.7051093248371934,2.4949395295868952,4.843223323949313,1.3080570211405869,0.061931076958307185,0.06339659052329091,0.1404762376970578,0.15900023966429577,-0.05727572647799605,-0.1049489655728264,0.5546218487394958,0.5126050420168067,0.49169859514687103,0.48293963254593175,-0.010603559703716986,0.013841866887643398,12,San Francisco 49ers,NFC,NFC West,https://a.espncdn.com/i/teamlogos/nfl/500/sf.png,23,13,18,13,26,9,25,10,26,19,12,6,20,3,29,0.04646011569657227,-2
2025,13,ARI,00-0033119,Jacoby Brissett,-0.34089030659462805,-0.3434727925948997,-0.6843630991895278,00-0033119,Jacoby Brissett,-1.1833286027357675,65,-1.8676917019252952,2.4949395295868952,0.5820209311785803,0.6768092196144679,-0.015347100112364552,0.01383789619966347,0.0587119199738033,0.0805539397896005,-0.1771797736339906,-0.09693110747065184,0.5267857142857143,0.543859649122807,0.4263565891472868,0.47776183644189385,0.045075989632332454,-0.013842698115405856,11,Arizona Cardinals,NFC,NFC West,https://a.espncdn.com/i/teamlogos/nfl/500/ari.png,24,23,21,25,24,22,17,16,21,30,14,14,25,24,27,-0.41298661437934614,0
2025,13,NYG,00-0040691,Jaxson Dart,0.47685686774905633,-2.100171372551435,-1.6233145048023787,00-0031503,Jameis Winston,-1.323903860973511,12,-2.94721836577589,2.4949395295868952,6.9548761371181484,5.318149658465347,0.051461084498537535,0.1533187464770355,0.11965349086988523,0.12901222204299356,-0.049291660050120326,0.1958970720373572,0.5245901639344263,0.528,0.4303030303030303,0.4849624060150376,-0.03336161859346174,-0.005984312234734151,12,New York Giants,NFC,NFC East,https://a.espncdn.com/i/teamlogos/nfl/500/nyg.png,25,14,32,9,31,12,31,11,23,17,32,16,22,21,30,-2.158660290317254,-3
2025,13,CAR,00-0039150,Bryce Young,-0.8793613308667902,-0.6750955660296865,-1.5544568968964767,00-0039150,Bryce Young,-2.4745947864288866,42,-4.029051683325363,2.4949395295868952,0.5685579658346155,-0.057722222991763626,-0.03255339348582697,0.060540858323383906,-0.0296924087310677,0.1355661874867974,-0.0368217234921183,-0.04360614466003878,0.48717948717948717,0.5089285714285714,0.44805194805194803,0.4256198347107438,-0.04849879425813508,-0.03314307377518254,12,Carolina Panthers,NFC,NFC South,https://a.espncdn.com/i/teamlogos/nfl/500/car.png,26,25,25,26,21,26,24,25,25,12,21,21,18,17,9,-0.7672220198629498,0
2025,13,CLE,00-0040668,Shedeur Sanders,-3.75046607759102,1.4009877806049222,-2.349478296986098,00-0040668,Shedeur Sanders,-1.9520854516544053,7,-4.301563748640503,2.4949395295868952,-12.798895207908998,-7.357268551787768,-0.16989282059688202,-0.10209915875537218,-0.2126816807216858,-0.04681159944280419,-0.09464344589464087,-0.18295201805081937,0.3412698412698413,0.4297520661157025,0.3388888888888889,0.38778625954198476,-0.0385637850600448,-0.03745926693211782,11,Cleveland Browns,AFC,AFC North,https://a.espncdn.com/i/teamlogos/nfl/500/cle.png,27,31,4,32,2,31,3,32,4,23,2,32,5,32,2,1.2464283671766854,3
2025,13,NYJ,00-0028118,Tyrod Taylor,-2.297082507687585,-0.998054772734688,-3.295137280422273,00-0028118,Tyrod Taylor,-1.0753078845406905,67,-4.370445164962963,2.4949395295868952,-0.5744687253447062,-0.7011351962942819,-0.06840574647661114,0.09027618357681087,-0.03989612724722607,0.19157547278229647,-0.11154389692107394,-0.04501615569762968,0.38392857142857145,0.4782608695652174,0.42921013412816694,0.41379310344827586,-0.08966745447775165,-0.02849713441188388,11,New York Jets,AFC,AFC East,https://a.espncdn.com/i/teamlogos/nfl/500/nyj.png,28,28,27,27,18,27,26,26,28,25,20,28,11,22,5,-0.42479971378279524,-1
2025,13,MIN,00-0040494,Max Brosmer,-2.0335604379159626,-0.2841103765081967,-2.3176708144241593,00-0039923,J.J. McCarthy,-2.5566220866215104,NA,-4.87429290104567,2.4949395295868952,-5.277456681044257,-3.986114348423752,-0.11021525030010489,-0.01405019753381858,-0.112177649114884,0.02620462703163638,-0.1065280525270446,-0.05879125254783326,0.3813559322033898,0.4957983193277311,0.43302180685358255,0.43651925820256776,-0.013699368959754897,-0.05243239577603331,11,Minnesota Vikings,NFC,NFC North,https://a.espncdn.com/i/teamlogos/nfl/500/min.png,29,27,19,28,6,28,11,29,13,24,19,29,16,20,12,0.17946402129819017,-1
2025,13,TEN,00-0040676,Cam Ward,-3.394251393102711,-1.3274112264744704,-4.721662619577181,00-0040676,Cam Ward,-0.4499228409941315,17,-5.171585460571312,2.4949395295868952,-7.640266005324673,1.2550243081267953,-0.16099278190338756,0.1169368252902306,-0.14446423649355283,0.19558557887734837,-0.19840373346515983,0.0025128263891170182,0.35398230088495575,0.5486725663716814,0.38714499252615847,0.4573529411764706,-0.012914923531007571,0.02885539068905579,11,Tennessee Titans,AFC,AFC South,https://a.espncdn.com/i/teamlogos/nfl/500/ten.png,30,30,29,30,25,30,28,31,29,31,28,31,27,31,22,0.10550551965994348,-1
2025,13,LV,00-0030565,Geno Smith,-4.081771912336982,0.04279265062432147,-4.03897926171266,00-0030565,Geno Smith,-1.872983500319292,70,-5.911962762031952,2.4949395295868952,-10.930951624277268,-2.1980052864728385,-0.17524363616211233,0.019148097440877317,-0.11236999462721968,0.09818626493844188,-0.2934352884895072,-0.0946231056005997,0.3697478991596639,0.543859649122807,0.4008941877794337,0.4482269503546099,-0.0038142672973641915,-0.0012865234236566657,11,Las Vegas Raiders,AFC,AFC West,https://a.espncdn.com/i/teamlogos/nfl/500/lv.png,31,32,16,31,11,32,20,30,22,32,15,30,25,30,17,-0.16114869381760766,0
2025,13,NO,00-0040743,Tyler Shough,-2.37970348581549,-0.3070604482850068,-2.686763934100497,00-0040743,Tyler Shough,-3.5869783468828764,9,-6.273742280983374,2.4949395295868952,-7.497789757895858,-1.7100887665978632,-0.11873358305454189,0.018473876999013775,-0.09044870053228524,0.13258738440466036,-0.16936022103212192,-0.11168684238555186,0.44144144144144143,0.4954954954954955,0.4225941422594142,0.4569343065693431,-0.03826158274216527,-0.04176998707299786,11,New Orleans Saints,NFC,NFC South,https://a.espncdn.com/i/teamlogos/nfl/500/no.png,32,29,20,29,12,29,19,28,24,28,10,24,14,25,21,-0.4030787222616894,0
2025,14,LA,00-0026498,Matthew Stafford,3.0407577210984833,1.5681527732334692,4.608910494331953,00-0026498,Matthew Stafford,0.004813902698167941,173,4.613724397030121,2.385351327593162,7.762485333970587,-5.599372430053987,0.12634277842204888,-0.10937747550757855,0.20981553328785635,-0.09338693986909985,9.921668778023955e-4,-0.13473826132911484,0.5932203389830508,0.44166666666666665,0.521680216802168,0.4211822660098522,0.048152373301695604,-0.057788688007603485,12,Los Angeles Rams,NFC,NFC West,https://a.espncdn.com/i/teamlogos/nfl/500/lar.png,1,1,3,8,5,5,2,5,2,5,4,3,8,1,6,0.3111168973227123,1
2025,14,DET,00-0033106,Jared Goff,1.901742753815795,0.7424794543798057,2.6442222081956004,00-0033106,Jared Goff,1.8919819680168548,160,4.536204176212455,2.385351327593162,5.829990979807722,-2.6129786547762044,0.089528434595869,0.0028660794306571377,0.1686265626736403,0.07601731715022118,-0.013758723475104508,-0.11784638705357046,0.5390625,0.43410852713178294,0.46286472148541113,0.41733333333333333,-0.05806223350086457,-0.002810538049948486,12,Detroit Lions,NFC,NFC North,https://a.espncdn.com/i/teamlogos/nfl/500/det.png,2,5,6,9,10,8,15,8,20,7,7,11,5,10,5,-0.44509644032995244,-1
2025,14,DAL,00-0033077,Dak Prescott,1.891352734053729,-0.5816189509390348,1.3097337831146942,00-0033077,Dak Prescott,2.481203322400401,145,3.790937105515095,2.385351327593162,12.073763406072485,4.629605640610126,0.13627310583367525,0.13012773886898524,0.228161847500556,0.1934280279241789,-0.03027523843754614,0.015916897050539707,0.5403225806451613,0.5416666666666666,0.47901234567901235,0.4885786802030457,0.016875611143820787,0.015953510084835185,12,Dallas Cowboys,NFC,NFC East,https://a.espncdn.com/i/teamlogos/nfl/500/dal.png,3,6,24,3,30,4,29,4,29,10,29,10,25,6,31,0.1434365843029921,1
2025,14,KC,00-0033873,Patrick Mahomes,2.94209090234033,0.15702420227009672,3.0991151046104264,00-0033873,Patrick Mahomes,0.6512565490250488,147,3.750371653635475,2.385351327593162,12.94749508984958,-0.3495879033786153,0.14742820522451638,0.028506200454372993,0.23972867683162255,0.06741030351987383,-0.04023806730506102,-0.038762248670835615,0.6055045871559633,0.4594594594594595,0.4805352798053528,0.454014598540146,0.06752354752384733,0.0227451564698118,12,Kansas City Chiefs,AFC,AFC West,https://a.espncdn.com/i/teamlogos/nfl/500/kc.png,4,2,13,1,18,3,21,3,16,14,22,2,10,5,21,-0.2088849195013065,-1
2025,14,GB,00-0036264,Jordan Love,2.52858891419147,0.6827346793853011,3.211323593576771,00-0036264,Jordan Love,0.34960356105632034,52,3.560927154633091,2.385351327593162,10.711368149103714,-2.8289391929995187,0.1579784172937266,-0.0039367033349324,0.30832740189370844,0.06823191918510982,-0.04046356548575248,-0.11989577816374601,0.5714285714285714,0.4727272727272727,0.48728246318607765,0.42782834850455137,-0.023521390417812583,-0.061508880539686006,12,Green Bay Packers,NFC,NFC North,https://a.espncdn.com/i/teamlogos/nfl/500/gb.png,5,4,9,6,9,1,14,1,17,16,6,5,12,3,10,0.27227768893423976,1
2025,14,NE,00-0039851,Drake Maye,1.4591332582751677,0.47420164079413674,1.9333348990693044,00-0039851,Drake Maye,1.5589027181292798,32,3.492237617198584,2.385351327593162,11.602674358664773,-4.05933271126704,0.10974683550103333,-0.0471005817803246,0.2809576007220225,-0.014071823410740557,-0.16648778570216013,-0.10826494913140618,0.568,0.4296875,0.45965770171149145,0.45194805194805193,0.031501110104772474,-0.0113147473209535,13,New England Patriots,AFC,AFC East,https://a.espncdn.com/i/teamlogos/nfl/500/ne.png,6,7,12,4,8,7,7,2,9,29,9,6,3,12,18,0.7247799337996303,1
2025,14,BUF,00-0034857,Josh Allen,1.4421723296386861,-0.07815666943704969,1.3640156602016364,00-0034857,Josh Allen,1.8180694911808983,139,3.182085151382535,2.385351327593162,12.767005731297255,0.010087755117634304,0.12427297490272544,-0.005765551507754239,0.20053776136144102,-0.048111745902772465,0.023639558451284157,0.0491173451752628,0.5289256198347108,0.456,0.4732142857142857,0.4269340974212034,-0.023513567179265463,-0.0771701138586635,12,Buffalo Bills,AFC,AFC East,https://a.espncdn.com/i/teamlogos/nfl/500/buf.png,7,8,17,2,22,6,13,6,4,2,30,12,9,7,9,0.4356669719014121,1
2025,14,BAL,00-0034796,Lamar Jackson,0.500926769142019,-0.08523956384791953,0.4156872052940994,00-0034796,Lamar Jackson,2.326283891951024,115,2.7419710972451234,2.385351327593162,4.000449427332425,-1.9991731332689315,-0.01490015311649663,0.016741744357362583,-0.011122258493441096,0.07923565601993353,-0.019954192746002363,-0.08966680793296093,0.5,0.5433070866141733,0.4363376251788269,0.4375,-0.03691740240707413,-0.0075644253331965125,12,Baltimore Ravens,AFC,AFC North,https://a.espncdn.com/i/teamlogos/nfl/500/bal.png,8,12,18,15,14,21,19,24,21,9,16,18,26,20,13,-0.64465369592049,-3
2025,14,SEA,00-0034869,Sam Darnold,0.6132398007890199,1.7161074364592803,2.3293472372483004,00-0034869,Sam Darnold,-0.054401294362589184,95,2.274945942885711,2.385351327593162,3.5972994449717572,-7.066454321870947,0.04246926995722993,-0.101179614633001,0.184099475682325,-0.049208082608282556,-0.10554426898364401,-0.21681105536269585,0.5116279069767442,0.4351145038167939,0.4669421487603306,0.40473225404732255,-0.07008600025279924,0.019918390251634444,12,Seattle Seahawks,NFC,NFC West,https://a.espncdn.com/i/teamlogos/nfl/500/sea.png,9,11,2,17,3,13,3,7,3,24,1,14,6,9,4,0.00350782145962647,0
2025,14,LAC,00-0036355,Justin Herbert,1.2319769027034864,0.7150850725511351,1.9470619752546214,00-0036355,Justin Herbert,-0.037991224948740784,98,1.9090707503058806,2.385351327593162,4.424813517544741,-4.073467195597457,0.016879022902323352,-0.04973154572029382,0.054264319195049884,-0.02889791391729323,-0.04831886405800251,-0.08424221824892837,0.5423728813559322,0.4406779661016949,0.4514501891551072,0.4224137931034483,0.026905906757329467,0.009153969293420819,12,Los Angeles Chargers,AFC,AFC West,https://a.espncdn.com/i/teamlogos/nfl/500/lac.png,10,9,7,12,7,16,6,18,7,19,17,9,7,13,7,0.7076583111741317,2
2025,14,IND,00-0035710,Daniel Jones,2.5397443098966788,0.5507169899010824,3.090461299797761,00-0035710,Daniel Jones,-1.8131826613158384,84,1.2772786384819228,2.385351327593162,11.232903003936235,-0.9056191103747372,0.14948894566710733,-0.00990079069104232,0.15665180634654474,0.039170942129145056,0.13861200907981347,-0.10474968769684619,0.6068376068376068,0.5083333333333333,0.49064171122994654,0.45903614457831327,0.01897886669183235,0.021000223505002216,12,Indianapolis Colts,AFC,AFC South,https://a.espncdn.com/i/teamlogos/nfl/500/ind.png,11,3,11,5,16,2,11,9,13,1,11,1,19,2,23,-0.14624499806417401,0
2025,14,CHI,00-0039918,Caleb Williams,0.49881826818988695,-0.6503508846336583,-0.15153261644377136,00-0039918,Caleb Williams,1.1948907631710475,36,1.0433581467272761,2.385351327593162,5.3330805919511794,2.0499387580581567,0.05723375151563841,0.022310888795341308,0.09520938585117639,0.06955002986585088,0.002693077870533397,-0.04752088496106416,0.5736434108527132,0.5153846153846153,0.44945188794153473,0.4709851551956815,-0.029412252039204227,-0.05101298603436954,12,Chicago Bears,NFC,NFC North,https://a.espncdn.com/i/teamlogos/nfl/500/chi.png,12,13,25,11,27,10,20,14,18,4,21,4,20,14,25,0.5281079743008459,5
2025,14,HOU,00-0039163,C.J. Stroud,-1.4229492922722733,1.8760570824867728,0.45310779021449954,00-0039163,C.J. Stroud,0.517747923688963,51,0.9708557139034626,2.385351327593162,1.9033756072753285,-7.16933814421818,-0.015602005828554167,-0.11603915310971734,0.06388325938910126,-0.10639252387499532,-0.1528465637710392,-0.13352366859765102,0.49612403100775193,0.3700787401574803,0.4180929095354523,0.39444444444444443,0.01067472935720301,-0.019525588580740473,12,Houston Texans,AFC,AFC South,https://a.espncdn.com/i/teamlogos/nfl/500/hou.png,13,26,1,21,1,22,1,16,1,27,5,19,1,28,3,-0.03652952642081431,0
2025,14,PHI,00-0036389,Jalen Hurts,-0.25867421181574723,0.08664409866418188,-0.17203011315156536,00-0036389,Jalen Hurts,1.0492265168262414,93,0.877196403674676,2.385351327593162,3.588978804883744,-1.3414345183087484,0.0316166336275094,-0.025353220685819994,0.09823332859971168,0.019011800456269594,-0.06420190023661718,-0.09584909570448015,0.4032258064516129,0.532258064516129,0.42696629213483145,0.44,-0.01830347322795889,-0.01858564416319172,12,Philadelphia Eagles,NFC,NFC East,https://a.espncdn.com/i/teamlogos/nfl/500/phi.png,14,21,14,18,15,15,9,13,11,21,13,27,23,23,15,-0.9669461509856787,-4
2025,14,JAX,00-0036971,Trevor Lawrence,-0.0019703029539834827,0.5615976925908783,0.5596273896368948,00-0036971,Trevor Lawrence,0.3157488971521388,80,0.8753762867890336,2.385351327593162,4.097892529863704,-2.5799491994765593,-0.005030030912810857,-0.04547874019181759,-0.004719494904186419,-0.02052510873426874,-0.005496315631643217,-0.10527951337642803,0.5038759689922481,0.46825396825396826,0.4430693069306931,0.437094682230869,0.005808487347314721,0.04129457677278066,12,Jacksonville Jaguars,AFC,AFC South,https://a.espncdn.com/i/teamlogos/nfl/500/jax.png,15,20,10,14,11,19,8,23,8,6,10,17,11,17,12,0.22139197569373037,0
2025,14,CIN,00-0036442,Joe Burrow,0.08944794759111918,-1.1424444489994272,-1.052996501408308,00-0036442,Joe Burrow,1.7665454491574093,84,0.7135489477491013,2.385351327593162,2.5585207931985465,6.298975511450295,-0.017832253688283155,0.15003328804976163,-0.028065936027129618,0.2036896317822704,0.003767526658052596,0.0728006720711505,0.47619047619047616,0.5691056910569106,0.4453227931488801,0.4968944099378882,0.020151455559907286,-0.0032267681695317685,12,Cincinnati Bengals,AFC,AFC North,https://a.espncdn.com/i/teamlogos/nfl/500/cin.png,16,18,28,19,32,25,31,27,31,3,31,22,32,15,32,0.8383635627589408,3
2025,14,DEN,00-0039732,Bo Nix,0.0523527945647575,0.6947713765296333,0.7471241710943908,00-0039732,Bo Nix,-0.04731069228691627,36,0.6998134788074745,2.385351327593162,1.7341750695374853,-6.250427873390592,0.033397685718735005,-0.05434420385870272,0.07499531302709836,-0.03317002615405853,-0.0388204172471736,-0.09416651701550725,0.43609022556390975,0.40441176470588236,0.4200507614213198,0.38367844092570036,0.01005306768806805,0.010275875202704739,12,Denver Broncos,AFC,AFC West,https://a.espncdn.com/i/teamlogos/nfl/500/den.png,17,19,8,22,4,14,5,15,6,13,15,25,2,26,1,0.012108649542027394,-3
2025,14,TB,00-0034855,Baker Mayfield,-0.4758829265090354,0.8697901430504578,0.39390721654142236,00-0034855,Baker Mayfield,-0.08251968553059044,125,0.31138753101083194,2.385351327593162,3.8638558953306017,-0.7401130976039006,-0.0062448543127178,-0.008669777782030343,0.03567135267959816,0.05322237859965829,-0.07534995232707654,-0.13573816414933396,0.49206349206349204,0.488,0.42091836734693877,0.4572192513368984,-0.022161359250005962,0.03743868678490851,12,Tampa Bay Buccaneers,NFC,NFC South,https://a.espncdn.com/i/teamlogos/nfl/500/tb.png,18,23,5,16,17,20,12,19,15,22,3,21,15,25,22,0.369585613784976,0
2025,14,ATL,00-0029604,Kirk Cousins,0.4832704807812498,-0.732228140789458,-0.24895766000820818,00-0029604,Kirk Cousins,0.4980650447105346,162,0.2491073847023264,2.385351327593162,1.360614142869365,0.26458321504504706,0.0021774546966748035,0.007021413004056259,0.0326175513540711,0.02385098667254848,-0.04040014885575924,-0.017712145741970654,0.44,0.5454545454545454,0.4604221635883905,0.4592496765847348,-0.04165563738027713,-0.025678821888303952,12,Atlanta Falcons,NFC,NFC South,https://a.espncdn.com/i/teamlogos/nfl/500/atl.png,19,14,26,25,24,17,17,20,12,15,24,24,28,11,24,0.5958729021933097,2
2025,14,PIT,00-0023459,Aaron Rodgers,-0.8620346218706263,0.006581830493130436,-0.8554527913774959,00-0023459,Aaron Rodgers,0.5786498601280629,164,-0.276802931249433,2.385351327593162,1.5987802111034712,-0.10037701744303658,0.0015135340089799207,0.030910140264820488,0.023031375067592147,0.0509948673753651,-0.03192311120477439,-0.0033558158918274962,0.453781512605042,0.5040650406504065,0.44250363901018924,0.448642266824085,-0.011331425625069712,-0.0012885458667712079,12,Pittsburgh Steelers,AFC,AFC North,https://a.espncdn.com/i/teamlogos/nfl/500/pit.png,20,25,15,24,21,18,23,21,14,11,28,23,17,18,17,-0.8334614449736589,-4
2025,14,MIA,00-0036212,Tua Tagovailoa,0.13274291233013447,-0.5552207564469906,-0.4224778441168562,00-0036212,Tua Tagovailoa,0.05273422904722084,77,-0.3697436150696353,2.385351327593162,2.2890699337888694,2.636831837381424,-0.019974857640938946,0.07583742742425804,-0.023956482983381055,0.18531273261151904,-0.01410945256658875,-0.07369824180629089,0.5086206896551724,0.5478260869565217,0.41594202898550725,0.47333333333333333,-0.04227122155280558,-0.03978255266443559,12,Miami Dolphins,AFC,AFC East,https://a.espncdn.com/i/teamlogos/nfl/500/mia.png,21,17,23,20,28,26,26,25,27,8,19,16,29,29,26,-0.14418879025933323,-1
2025,14,WAS,00-0032268,Marcus Mariota,0.808578312387439,-1.5913617732081944,-0.7827834608207553,00-0032268,Marcus Mariota,0.01758195977034753,88,-0.7652015010504079,2.385351327593162,8.29585809347658,3.758326368660999,0.05241735310122696,0.1437253592380283,0.10624740445257361,0.25732865501144536,-0.0329808300595535,-0.01482378875727028,0.5486725663716814,0.5555555555555556,0.4705111402359109,0.47464239271781533,-0.017870312966100865,-0.01187305851437763,12,Washington Commanders,NFC,NFC East,https://a.espncdn.com/i/teamlogos/nfl/500/was.png,22,10,31,7,29,11,30,11,32,12,26,7,31,8,28,-0.0845121483910618,0
2025,14,SF,00-0037834,Brock Purdy,0.37284225833837215,-0.10334359998580389,0.26949865835256825,00-0037834,Brock Purdy,-1.0827075330070013,53,-0.813208874654433,2.385351327593162,4.181769439422489,-0.27365179888376245,0.05797395764329281,0.042016492111981406,0.13434736252143042,0.13434521058045543,-0.055246265377805956,-0.11376942374036242,0.5461538461538461,0.5078125,0.48056537102473496,0.4775757575757576,-0.014454341623586423,0.0035522513420075475,13,San Francisco 49ers,NFC,NFC West,https://a.espncdn.com/i/teamlogos/nfl/500/sf.png,23,16,19,13,20,9,24,10,25,20,8,8,18,4,29,-0.10809954981723968,0
2025,14,ARI,00-0033119,Jacoby Brissett,-0.26451959708970607,-0.21451541465857193,-0.479035011748278,00-0033119,Jacoby Brissett,-1.2498500798726115,65,-1.7288850916208895,2.385351327593162,0.28167260877573885,0.2597619381261647,-0.01613539954988396,0.010473255410585667,0.06290806134072244,0.07494256784876484,-0.1916179864691839,-0.09584455808395542,0.5163934426229508,0.5365853658536586,0.43884892086330934,0.4741721854304636,0.04891746739991552,-0.014214956607332394,12,Arizona Cardinals,NFC,NFC West,https://a.espncdn.com/i/teamlogos/nfl/500/ari.png,24,22,21,26,23,23,18,17,19,31,14,13,24,19,27,0.13880661030440566,0
2025,14,NYG,00-0040691,Jaxson Dart,0.42678647800504277,-2.160272390361375,-1.7334859123563324,00-0040691,Jaxson Dart,-1.662546101137241,12,-3.3960320134935733,2.385351327593162,5.350496475030701,5.070879723375598,0.043303617706225504,0.15310573918371453,0.10412995957138668,0.142181467185265,-0.04639815049380152,0.172041143981027,0.5114503816793893,0.5447761194029851,0.4301929625425653,0.4831591173054588,-0.04253743608734839,0.001240584466299831,13,New York Giants,NFC,NFC East,https://a.espncdn.com/i/teamlogos/nfl/500/nyg.png,25,15,32,10,31,12,32,12,26,18,32,15,27,22,30,-0.4488136477176834,0
2025,14,CAR,00-0039150,Bryce Young,-0.5580658869087607,-1.0220099262031739,-1.5800758131119346,00-0039150,Bryce Young,-2.171823390529945,42,-3.7518992036418797,2.385351327593162,1.7207393806913873,1.2250007816185582,-0.016148995355327947,0.06632214770803097,0.0028185318302489533,0.1187983658555257,-0.042736425080775325,-0.006660161838638617,0.496,0.525,0.44404332129963897,0.4375804375804376,-0.06348472176404421,-0.029432073992451735,13,Carolina Panthers,NFC,NFC South,https://a.espncdn.com/i/teamlogos/nfl/500/car.png,26,24,27,23,26,24,25,22,24,17,27,20,22,16,14,0.27715247968348367,0
2025,14,NYJ,00-0028118,Tyrod Taylor,-1.9680745300893083,-1.2426340665882303,-3.210708596677539,00-0028118,Tyrod Taylor,-0.9144471793424214,67,-4.125155776019961,2.385351327593162,0.2235319611734218,-0.2833170101811155,-0.06032882047314016,0.09844763287951319,-0.02794809439045031,0.19097412338795136,-0.1104125040681656,-0.022871088814330198,0.3951612903225806,0.47619047619047616,0.43070652173913043,0.42483660130718953,-0.08150030077570032,-0.035177706647868706,12,New York Jets,AFC,AFC East,https://a.espncdn.com/i/teamlogos/nfl/500/nyj.png,27,27,30,27,19,27,27,26,28,25,23,28,13,21,8,0.24528938894300278,1
2025,14,TEN,00-0040676,Cam Ward,-3.7026992510301504,-1.1542861215124662,-4.856985372542617,00-0040676,Cam Ward,-0.32843949192513644,17,-5.185424864467754,2.385351327593162,-8.451919083961446,0.45270168265482136,-0.1785339649928533,0.10826029673412182,-0.17461592560918787,0.19488926603138096,-0.18770002043170353,-0.017380393836075227,0.34959349593495936,0.5241935483870968,0.37774725274725274,0.4527027027027027,-0.009738847246730282,0.026863093822199906,12,Tennessee Titans,AFC,AFC South,https://a.espncdn.com/i/teamlogos/nfl/500/ten.png,28,30,29,30,25,31,28,31,30,30,25,31,21,31,19,-0.01383940389644156,2
2025,14,CLE,00-0040668,Shedeur Sanders,-3.780494904596889,1.229999725546571,-2.550495179050318,00-0040668,Shedeur Sanders,-2.809279502426134,7,-5.359774681476452,2.385351327593162,-13.318585877689445,-7.1685755583230355,-0.17364933182135128,-0.09174353981132832,-0.2144688163898689,-0.038680149947870036,-0.10501108893387821,-0.16749733544131584,0.34814814814814815,0.4318181818181818,0.3448275862068966,0.3841886269070735,-0.04534373090550962,-0.03939297174294296,12,Cleveland Browns,AFC,AFC North,https://a.espncdn.com/i/teamlogos/nfl/500/cle.png,29,31,4,32,2,30,4,32,5,23,2,32,4,32,2,-1.0582109328359488,-2
2025,14,MIN,00-0039923,J.J. McCarthy,-2.6338125140779907,-0.02931000163976183,-2.6631225157177525,00-0040494,Max Brosmer,-3.474979646950878,10,-6.1381021626686305,2.385351327593162,-7.011391482763564,-4.22514455709326,-0.15098355827472348,-0.024845352798984494,-0.1687126389119015,0.005401644453415109,-0.11730572308945644,-0.05789452418375898,0.3769230769230769,0.4806201550387597,0.4184704184704185,0.43359375,-0.012348944798398575,-0.05490231141949788,12,Minnesota Vikings,NFC,NFC North,https://a.espncdn.com/i/teamlogos/nfl/500/min.png,30,28,16,28,6,29,10,30,10,26,20,29,14,27,11,-1.2638092616229608,-1
2025,14,LV,00-0030565,Geno Smith,-4.261065465290908,-0.1773031457861114,-4.43836861107702,00-0030565,Geno Smith,-1.8658204402792364,70,-6.304189051356256,2.385351327593162,-10.997916202702038,-2.238496482134361,-0.18021038545774337,0.029197419355388516,-0.10306576533928102,0.10895667085113431,-0.3246251143195049,-0.07943174525844933,0.359375,0.5528455284552846,0.403899721448468,0.44545454545454544,-0.002515648277136778,-0.010724666174248198,12,Las Vegas Raiders,AFC,AFC West,https://a.espncdn.com/i/teamlogos/nfl/500/lv.png,31,32,20,31,12,32,22,29,23,32,18,30,30,30,16,-0.39222628932430403,0
2025,14,NO,00-0040743,Tyler Shough,-2.7663223436274884,-0.41164834329870015,-3.1779706869261886,00-0040743,Tyler Shough,-3.665714546369456,9,-6.843685233295645,2.385351327593162,-8.049342714763293,-2.078770152618802,-0.12333067280506506,0.006882545212434344,-0.10106861826007567,0.09796635128490377,-0.16335500491254598,-0.09597933923147509,0.43089430894308944,0.4918032786885246,0.42458808618504434,0.4534412955465587,-0.039601051746289494,-0.04196739888985864,12,New Orleans Saints,NFC,NFC South,https://a.espncdn.com/i/teamlogos/nfl/500/no.png,32,29,22,29,13,28,16,28,22,28,12,26,16,24,20,-0.569942952312271,0
2025,15,LA,00-0026498,Matthew Stafford,3.756236311666269,1.8326401580949927,5.588876469761262,00-0026498,Matthew Stafford,0.10548243704459356,173,5.6943589068058555,2.283092959623927,9.072008242616885,-5.253046984057684,0.152071063610507,-0.10720132698375147,0.23107744961884158,-0.09086370702206314,0.03776395193887396,-0.1346645654469576,0.5968992248062015,0.4351145038167939,0.5316770186335403,0.41762013729977115,0.042911295890967205,-0.04624324844646461,13,Los Angeles Rams,NFC,NFC West,https://a.espncdn.com/i/teamlogos/nfl/500/lar.png,1,1,2,7,5,2,3,4,2,2,3,1,5,1,6,1.0806345097757344,0
2025,15,DET,00-0033106,Jared Goff,2.3297495564063384,0.6018013955669756,2.931550951973314,00-0033106,Jared Goff,1.9672466864444564,160,4.89879763841777,2.283092959623927,6.672027153117233,-2.123264355463651,0.10239862145478515,-0.0026943622663113333,0.17765532086281777,0.05869698756691342,0.0016238458106955323,-0.1087705634535554,0.5611510791366906,0.45,0.4631449631449631,0.4182692307692308,-0.05114208253937177,-0.001775379963176928,13,Detroit Lions,NFC,NFC North,https://a.espncdn.com/i/teamlogos/nfl/500/det.png,2,2,10,9,13,8,14,8,16,5,9,7,8,10,7,0.3625934622053153,0
2025,15,NE,00-0039851,Drake Maye,1.3628894947152332,0.5300012581544089,1.8928907528696421,00-0039851,Drake Maye,1.4982238889668134,32,3.3911146418364555,2.283092959623927,11.602674358664773,-4.05933271126704,0.10974683550103333,-0.0471005817803246,0.2809576007220225,-0.014071823410740557,-0.16648778570216013,-0.10826494913140618,0.568,0.4296875,0.45965770171149145,0.45194805194805193,0.031501110104772474,-0.0113147473209535,13,New England Patriots,AFC,AFC East,https://a.espncdn.com/i/teamlogos/nfl/500/ne.png,3,7,11,3,8,7,8,2,10,30,10,4,4,11,20,-0.10112297536212855,3
2025,15,GB,00-0036264,Jordan Love,2.262755144999236,0.6661108611337614,2.9288660061329974,00-0036264,Jordan Love,0.30777373841519823,52,3.236639744548196,2.283092959623927,11.210163623037117,-2.1475185060233275,0.16099285787437298,0.003571787095897972,0.30411034211811727,0.06421808447196775,-0.025431069728429442,-0.09234266475425548,0.5666666666666667,0.48739495798319327,0.48936170212765956,0.43504171632896305,-0.027401838900406553,-0.0593399328384456,13,Green Bay Packers,NFC,NFC North,https://a.espncdn.com/i/teamlogos/nfl/500/gb.png,4,3,9,4,12,1,15,1,18,10,14,5,15,2,13,-0.32428741008489537,1
2025,15,BUF,00-0034857,Josh Allen,1.2857861511872404,-0.1148074928669276,1.1709786583203128,00-0034857,Josh Allen,1.890993894935509,139,3.0619725532558215,2.283092959623927,13.989857143511918,0.7969353992321302,0.13548401765240894,0.008072680222248002,0.24024302809134113,-0.01704236707250013,-0.005649649188930248,0.041896350727558956,0.5426356589147286,0.47761194029850745,0.4804733727810651,0.4340369393139842,-0.01968233986602946,-0.06611129939692777,13,Buffalo Bills,AFC,AFC East,https://a.espncdn.com/i/teamlogos/nfl/500/buf.png,5,8,18,1,24,3,16,3,9,7,31,10,11,5,11,-0.12011259812671327,2
2025,15,KC,00-0033873,Patrick Mahomes,1.8723339450552672,0.32189268339524935,2.1942266284505165,00-0033873,Patrick Mahomes,0.6553444327965406,147,2.8495710612470573,2.283092959623927,10.490434949741681,-1.1999761310464,0.11608313719586387,0.01962008049808471,0.1925700135743093,0.06413625996309338,-0.03845689971894737,-0.05504712832088372,0.5655737704918032,0.4435483870967742,0.47231638418079097,0.4423841059602649,0.06336974388235452,0.02021399712645596,13,Kansas City Chiefs,AFC,AFC West,https://a.espncdn.com/i/teamlogos/nfl/500/kc.png,6,5,15,5,16,6,18,7,17,15,19,6,6,7,16,-0.9008005923884177,-2
2025,15,DAL,00-0033077,Dak Prescott,1.5773323947673497,-1.4304930933386673,0.1468393014286824,00-0033077,Dak Prescott,2.529195970340344,145,2.6760352717690266,2.283092959623927,11.689603556364792,4.942442271941049,0.11882281025416262,0.13960931180149797,0.19679331569398675,0.19936235790840176,-0.02756052576512015,0.03157897016451284,0.5481481481481482,0.5648854961832062,0.4742152466367713,0.48702830188679247,0.016396450061840862,0.017180142308966466,13,Dallas Cowboys,NFC,NFC East,https://a.espncdn.com/i/teamlogos/nfl/500/dal.png,7,6,29,2,30,5,29,5,30,12,29,8,31,6,30,-1.1149018337460683,-4
2025,15,SEA,00-0034869,Sam Darnold,0.8355860956486998,1.8079644409815359,2.6435505366302356,00-0034869,Sam Darnold,-0.02643645765576713,95,2.6171140789744687,2.283092959623927,4.49377776022184,-7.559460499459704,0.04839274051120025,-0.11566284697402054,0.19663424767822787,-0.06745165752258264,-0.1095758996720365,-0.21673416200257073,0.5179856115107914,0.44366197183098594,0.4675984752223634,0.40253748558246827,-0.06261472237675667,0.008330389250800976,13,Seattle Seahawks,NFC,NFC West,https://a.espncdn.com/i/teamlogos/nfl/500/sea.png,8,10,3,13,2,11,2,6,3,24,1,13,7,8,4,0.3421681360887576,1
2025,15,BAL,00-0034796,Lamar Jackson,0.3940118475227865,-0.09360466941387591,0.3004071781089106,00-0034796,Lamar Jackson,2.250809544147238,115,2.551216722256149,2.283092959623927,3.692142053164759,-1.273594954509477,-0.010990805019725318,0.03028734908832456,-0.009783909457548264,0.09408388005497224,-0.012591567696505069,-0.08048476255794472,0.5073529411764706,0.5367647058823529,0.4375804375804376,0.43595769682726204,-0.04739239514135567,0.0060683680011031456,13,Baltimore Ravens,AFC,AFC North,https://a.espncdn.com/i/teamlogos/nfl/500/bal.png,9,15,17,16,15,21,19,25,21,8,15,17,25,19,14,-0.19075437498897463,-1
2025,15,IND,00-0022942,Philip Rivers,1.931450214123795,0.5240673330258576,2.4555175471496526,00-0035710,Daniel Jones,-0.33633939956043407,102,2.1191781475892184,2.283092959623927,10.150723546045507,-0.8980946997864899,0.12399505857843608,-0.00459201116711924,0.13798958333954278,0.05625862699449487,0.10225981230884222,-0.11863788462485406,0.5859375,0.5190839694656488,0.4810281517747858,0.4556677890011223,0.01635935821509244,0.01752793782893254,13,Indianapolis Colts,AFC,AFC South,https://a.espncdn.com/i/teamlogos/nfl/500/ind.png,10,4,12,6,17,4,13,9,15,1,7,2,21,3,22,0.8418995091072956,1
2025,15,LAC,00-0036355,Justin Herbert,0.8888792789957609,0.8521416109339013,1.7410208899296622,00-0036355,Justin Herbert,-0.05439136989419253,98,1.6866295200354697,2.283092959623927,3.2101697471502773,-4.151724449123187,-0.00566082436584783,-0.07044901411800462,0.029516325580263153,-0.06530251044065806,-0.06579176505498129,-0.07913486769275441,0.5419847328244275,0.4580152671755725,0.4405997693194925,0.4164490861618799,0.016080123774542845,0.01041840009494105,13,Los Angeles Chargers,AFC,AFC West,https://a.espncdn.com/i/teamlogos/nfl/500/lac.png,11,9,6,17,7,20,5,19,4,21,16,11,9,17,5,-0.22244123027041085,-1
2025,15,JAX,00-0036971,Trevor Lawrence,0.16084256134324448,1.0299841982836746,1.190826759626919,00-0036971,Trevor Lawrence,0.47722567827928947,80,1.6680524379062085,2.283092959623927,4.768612623398808,-2.708585296707613,7.124205536330249e-5,-0.05425937760512543,0.017284782101404158,-0.022431865922001887,-0.02545397875576585,-0.129372305177297,0.5142857142857142,0.45985401459854014,0.4407364787111623,0.43214285714285716,0.003504796760297933,0.036958475212890876,13,Jacksonville Jaguars,AFC,AFC South,https://a.espncdn.com/i/teamlogos/nfl/500/jax.png,12,18,5,12,10,17,6,21,8,11,4,14,10,16,10,0.7926761511171749,3
2025,15,HOU,00-0039163,C.J. Stroud,-1.414933411728918,2.3115021875968225,0.8965687758679044,00-0039163,C.J. Stroud,0.44397122446569715,51,1.3405400003336014,2.283092959623927,1.2337485948541922,-7.5740376676750145,-0.019680210926744202,-0.13026896362095713,0.06134992387517483,-0.13357462173511037,-0.1560360571039916,-0.12426408107546297,0.4788732394366197,0.35714285714285715,0.41103603603603606,0.39208173690932313,0.009072064407124773,-0.016983304829572696,13,Houston Texans,AFC,AFC South,https://a.espncdn.com/i/teamlogos/nfl/500/hou.png,13,26,1,24,1,24,1,14,1,29,6,22,1,29,3,0.36968428643013884,0
2025,15,CHI,00-0039918,Caleb Williams,0.7811478567065944,-0.6551220254226302,0.12602583128396416,00-0039918,Caleb Williams,1.1634777350800383,36,1.2895035663640024,2.283092959623927,5.2087839223710075,2.534684278312744,0.05949827635506236,0.034244368626176684,0.08921280243667701,0.07923207256560556,0.017072086527361852,-0.030876721335527473,0.5797101449275363,0.5144927536231884,0.45454545454545453,0.47414880201765447,-0.029712275761077805,-0.05277869639261297,13,Chicago Bears,NFC,NFC North,https://a.espncdn.com/i/teamlogos/nfl/500/chi.png,14,11,23,11,28,9,21,12,20,4,23,3,20,12,26,0.24614541963672631,-2
2025,15,PHI,00-0036389,Jalen Hurts,-0.3529839403762898,0.32781875829150176,-0.025165182084788018,00-0036389,Jalen Hurts,1.074115573754751,93,1.048950391669963,2.283092959623927,2.913527847848088,-2.242420687080277,0.004041245715754026,-0.04413681514346508,0.04794258057821763,-0.0034999864379641043,-0.061044225334311066,-0.10796054022798722,0.4233576642335766,0.5328467153284672,0.42071611253196933,0.4302059496567506,-0.014926931463255605,-0.025912077075169015,13,Philadelphia Eagles,NFC,NFC East,https://a.espncdn.com/i/teamlogos/nfl/500/phi.png,15,21,14,20,11,16,10,17,11,20,11,27,24,27,9,0.17175398799528696,-1
2025,15,DEN,00-0039732,Bo Nix,0.1449901251807999,0.8147316359773398,0.9597217611581397,00-0039732,Bo Nix,-0.07469294799473071,36,0.885028813163409,2.283092959623927,2.6427300791667623,-6.1311693521728765,0.04302846794917639,-0.050513665335508065,0.08565704974784422,-0.02798738069100984,-0.029533663451063813,-0.09427249530370566,0.44285714285714284,0.4027777777777778,0.43271461716937354,0.38461538461538464,0.01566975165070345,0.013194189596074612,13,Denver Broncos,AFC,AFC West,https://a.espncdn.com/i/teamlogos/nfl/500/den.png,16,19,7,22,4,13,7,13,7,13,13,25,2,21,2,0.1852153343559345,1
2025,15,MIA,00-0036212,Tua Tagovailoa,0.5478194436286534,0.041047587432802235,0.5888670310614557,00-0036212,Tua Tagovailoa,0.18601030467236068,77,0.7748773357338163,2.283092959623927,2.9653049891082963,1.0944007769047333,-2.5793701352221776e-4,0.041085192393745716,-0.01882390217903034,0.12264814995426378,0.025001087694410458,-0.07491003168184134,0.5078125,0.5196850393700787,0.42762284196547146,0.4635352286773795,-0.047346487921993634,-0.03901093875262144,13,Miami Dolphins,AFC,AFC East,https://a.espncdn.com/i/teamlogos/nfl/500/mia.png,17,12,16,18,25,18,23,26,25,3,17,16,22,24,25,1.1446209508034517,4
2025,15,CIN,00-0036442,Joe Burrow,0.006827288619972727,-1.2395035096438511,-1.2326762210238784,00-0036442,Joe Burrow,1.9458164879185065,84,0.7131402668946281,2.283092959623927,3.7362370855721574,6.836108516189705,-0.004140700840696549,0.15915794396374935,-0.005236256915138416,0.24091556839236616,-0.0018246203183023373,0.039773231019689576,0.4962962962962963,0.5801526717557252,0.45054945054945056,0.5023094688221709,0.023723995450983734,-9.560638570445129e-4,13,Cincinnati Bengals,AFC,AFC North,https://a.espncdn.com/i/teamlogos/nfl/500/cin.png,18,20,28,15,32,19,32,24,31,6,30,19,32,14,32,-4.08680854473209e-4,-2
2025,15,ATL,00-0029604,Kirk Cousins,0.44162188967686955,-0.8224405742709897,-0.38081868459412016,00-0029604,Kirk Cousins,0.46765925674079517,162,0.08684057214667501,2.283092959623927,0.13278143356561556,0.6917532108694486,-0.02114592106581083,0.015203775833934239,0.004387605258383074,0.04546273322947526,-0.05609815450671025,-0.028979657531236276,0.4485294117647059,0.549618320610687,0.4537712895377129,0.460431654676259,-0.0485071747171174,-0.021623480809530245,13,Atlanta Falcons,NFC,NFC South,https://a.espncdn.com/i/teamlogos/nfl/500/atl.png,19,13,24,26,23,26,17,22,12,19,24,24,28,13,24,-0.1622668125556514,0
2025,15,TB,00-0034855,Baker Mayfield,-0.7879450599233859,0.7616455243172129,-0.02629953560617304,00-0034855,Baker Mayfield,-0.07339661502355861,125,-0.09969615062973165,2.283092959623927,2.8283370851801903,-0.8899830360289589,-0.018586817171540933,-0.007988719984113988,0.02327491687182348,0.055072594424319374,-0.08523676835236584,-0.1292957575188822,0.48175182481751827,0.4888888888888889,0.4184149184149184,0.4527363184079602,-0.030343177735555314,0.026030546834853636,13,Tampa Bay Buccaneers,NFC,NFC South,https://a.espncdn.com/i/teamlogos/nfl/500/tb.png,20,25,8,21,18,23,11,20,14,23,5,21,16,28,21,-0.4110836816405636,-2
2025,15,PIT,00-0023459,Aaron Rodgers,-0.45431162981134765,-0.3245408088305446,-0.7788524386418922,00-0023459,Aaron Rodgers,0.6206523124628931,164,-0.15820012617899915,2.283092959623927,2.9624758281112356,-0.2967573111803593,0.01818555074856821,0.03033107062962976,0.045148985405048504,0.04739322475931979,-0.024917968033270014,0.002041234615747147,0.453125,0.5112781954887218,0.44037940379403795,0.4486486486486487,0.0025911369624509618,-0.01450421987338374,13,Pittsburgh Steelers,AFC,AFC North,https://a.espncdn.com/i/teamlogos/nfl/500/pit.png,21,22,22,19,19,15,20,18,13,9,26,23,19,18,18,0.11860280507043386,-1
2025,15,SF,00-0037834,Brock Purdy,0.1961888667338929,-0.20411870418820888,-0.007929837454315969,00-0037834,Brock Purdy,-1.0860310225599161,53,-1.093960860014232,2.283092959623927,4.181769439422488,-0.27365179888376245,0.0579739576432928,0.042016492111981406,0.13434736252143042,0.13434521058045543,-0.05524626537780594,-0.11376942374036242,0.5461538461538461,0.5078125,0.48056537102473496,0.4775757575757576,-0.014454341623586421,0.0035522513420075483,13,San Francisco 49ers,NFC,NFC West,https://a.espncdn.com/i/teamlogos/nfl/500/sf.png,22,17,19,14,20,10,24,10,26,18,8,9,18,4,27,-0.28075198535979906,1
2025,15,WAS,00-0032268,Marcus Mariota,0.40633626929028477,-1.9790597597140827,-1.5727234904237979,00-0032268,Marcus Mariota,-0.20834284035850753,88,-1.7810663307823054,2.283092959623927,6.894435775826126,4.112992701775588,0.02533686317310759,0.15536722006740888,0.060378702704461766,0.26569548476376625,-0.03086442578772245,0.004375109240108333,0.5416666666666666,0.5645161290322581,0.4638036809815951,0.48009650180940894,-0.02084691106451351,-0.006346991347882524,13,Washington Commanders,NFC,NFC East,https://a.espncdn.com/i/teamlogos/nfl/500/was.png,23,14,31,8,29,14,31,15,32,14,27,12,30,9,28,-1.0158648297318975,-1
2025,15,ARI,00-0033119,Jacoby Brissett,-0.5236591869754363,-0.8487240300222085,-1.3723832169976449,00-0033119,Jacoby Brissett,-1.2547647908818635,65,-2.6271480078795086,2.283092959623927,0.493772351324733,1.6282209343821252,-0.020464701893134183,0.045113799958611006,0.05261683180421844,0.10391171304367339,-0.18901067444237915,-0.047598896849496766,0.5037593984962406,0.5447761194029851,0.4341517857142857,0.4878345498783455,0.05225474116047601,-0.014658547101981712,13,Arizona Cardinals,NFC,NFC West,https://a.espncdn.com/i/teamlogos/nfl/500/ari.png,24,23,26,25,27,25,25,16,22,31,21,18,26,20,31,-0.8982629162586191,0
2025,15,NYG,00-0040691,Jaxson Dart,0.3925929491853042,-2.4324720234850683,-2.039879074299764,00-0040691,Jaxson Dart,-1.57284057613136,12,-3.6127196504311243,2.283092959623927,5.350496475030702,5.070879723375598,0.04330361770622551,0.15310573918371453,0.10412995957138668,0.142181467185265,-0.04639815049380152,0.172041143981027,0.5114503816793893,0.5447761194029851,0.4301929625425653,0.4831591173054588,-0.04253743608734839,0.001240584466299831,13,New York Giants,NFC,NFC East,https://a.espncdn.com/i/teamlogos/nfl/500/nyg.png,25,16,32,10,31,12,30,11,27,17,32,15,26,22,29,-0.216687636937551,0
2025,15,CAR,00-0039150,Bryce Young,-0.6227364431120559,-1.1930310421296588,-1.8157674852417147,00-0039150,Bryce Young,-2.196045101308829,42,-4.011812586550544,2.283092959623927,1.7207393806913869,1.2250007816185582,-0.016148995355327947,0.06632214770803097,0.002818531830248954,0.11879836585552571,-0.042736425080775325,-0.006660161838638617,0.496,0.525,0.44404332129963897,0.4375804375804376,-0.06348472176404421,-0.029432073992451735,13,Carolina Panthers,NFC,NFC South,https://a.espncdn.com/i/teamlogos/nfl/500/car.png,26,24,27,23,26,22,26,23,24,16,25,20,23,15,15,-0.2599133829086644,0
2025,15,TEN,00-0040676,Cam Ward,-3.146968962544797,-0.8401877095877794,-3.9871566721325764,00-0040676,Cam Ward,-0.32935025574473553,17,-4.316506927877312,2.283092959623927,-7.854465666618119,-0.06677135755352968,-0.1721039286180418,0.09434308335333855,-0.18213356662648889,0.18139717702153652,-0.15078107615913852,-0.03800083474660108,0.35507246376811596,0.5035971223021583,0.37531486146095716,0.449938195302843,-0.019664114215485435,0.026628600996519473,13,Tennessee Titans,AFC,AFC South,https://a.espncdn.com/i/teamlogos/nfl/500/ten.png,27,30,25,30,21,32,27,31,28,27,22,31,17,31,19,0.8689179365904414,1
2025,15,MIN,00-0039923,J.J. McCarthy,-2.0358753336052633,0.4588634283194133,-1.57701190528585,00-0039923,J.J. McCarthy,-2.830713165277772,10,-4.407725070563622,2.283092959623927,-4.94758863059174,-4.97964890536377,-0.11468390664348632,-0.04686113156069948,-0.13321781094698304,-0.03964969448355212,-0.08114307236290452,-0.055009118907606215,0.39416058394160586,0.47794117647058826,0.42895086321381143,0.4292682926829268,-0.006786270994671087,-0.05503029425226459,13,Minnesota Vikings,NFC,NFC North,https://a.espncdn.com/i/teamlogos/nfl/500/min.png,28,27,13,28,6,28,9,30,6,22,20,28,12,23,8,1.7303770921050088,2
2025,15,CLE,00-0040668,Shedeur Sanders,-3.8036032732175853,1.3994973321079045,-2.404105941109681,00-0040668,Shedeur Sanders,-2.101332322756161,7,-4.505438263865842,2.283092959623927,-12.583144380459895,-7.14791943105187,-0.16403344127525507,-0.09253479671143038,-0.18880566540233024,-0.0566043777434253,-0.12094092277767417,-0.14152101356270458,0.3466666666666667,0.42857142857142855,0.35093896713615025,0.3811944091486658,-0.04002385259828932,-0.04703715221198945,13,Cleveland Browns,AFC,AFC North,https://a.espncdn.com/i/teamlogos/nfl/500/cle.png,29,31,4,32,3,30,4,32,5,26,2,32,3,32,1,0.8543364176106101,0
2025,15,NO,00-0040743,Tyler Shough,-2.400201829281422,-0.21760354274505778,-2.6178053720264796,00-0040743,Tyler Shough,-3.0154953992999567,9,-5.633300771326436,2.283092959623927,-7.416303796374543,-2.777219031845619,-0.11508383186918968,-0.007302524355334376,-0.09170589764169144,0.07721999337679225,-0.1550211361744992,-0.1026386279069759,0.43609022556390975,0.48120300751879697,0.42248520710059173,0.44785276073619634,-0.045083057963175285,-0.04862567586465009,13,New Orleans Saints,NFC,NFC South,https://a.espncdn.com/i/teamlogos/nfl/500/no.png,30,29,21,29,9,29,12,28,19,28,12,26,14,26,17,1.210384461969209,2
2025,15,LV,00-0038102,Kenny Pickett,-3.9284934115315986,-0.21315182298228796,-4.141645234513886,00-0030565,Geno Smith,-1.6758661780485369,27,-5.817511412562423,2.283092959623927,-10.544352073475439,-1.703714596376641,-0.16767170299204734,0.039401867215018996,-0.0918114162870588,0.1178457563807677,-0.31503248980978366,-0.06760702360772504,0.3602941176470588,0.5538461538461539,0.4036458333333333,0.4561611374407583,0.001386629460836287,-0.0035096949914346235,13,Las Vegas Raiders,AFC,AFC West,https://a.espncdn.com/i/teamlogos/nfl/500/lv.png,31,32,20,31,14,31,22,29,23,32,18,30,29,30,23,0.4866776387938332,0
2025,15,NYJ,00-0040398,Brady Cook,-2.1036652033454977,-1.6728495849715164,-3.776514788317014,00-0028118,Tyrod Taylor,-2.5023949936356824,NA,-6.278909781952697,2.283092959623927,-1.3453739332391643,0.009509171025378703,-0.08558762489293635,0.10736819366412227,-0.07050171816982362,0.18503131402809922,-0.10969549544065574,0.011702301463751758,0.38235294117647056,0.4782608695652174,0.4238993710691824,0.43478260869565216,-0.07751962931686582,-0.04079862800974422,13,New York Jets,AFC,AFC East,https://a.espncdn.com/i/teamlogos/nfl/500/nyj.png,32,28,30,27,22,27,28,27,29,25,28,29,13,25,12,-2.1537540059327362,-5
2025,16,LA,00-0026498,Matthew Stafford,4.328148859028993,1.737814257843848,6.065963116872841,00-0026498,Matthew Stafford,0.20691062563528875,173,6.27287374250813,2.3353230668104663,9.862824287046314,-4.598996622880395,0.1563724419061172,-0.08716880965642149,0.22798903469217024,-0.0565558670040903,0.052056956615507716,-0.13930785607580973,0.6071428571428571,0.4507042253521127,0.5370581527936146,0.4136460554371002,0.0462220728527458,-0.046560961230903926,14,Los Angeles Rams,NFC,NFC West,https://a.espncdn.com/i/teamlogos/nfl/500/lar.png,1,1,3,5,5,1,3,4,4,2,2,1,7,1,5,0.5785148357022747,0
2025,16,DET,00-0033106,Jared Goff,2.38090548115873,0.5200171714402557,2.900922652598986,00-0033106,Jared Goff,1.9103179854504182,160,4.811240638049404,2.3353230668104663,6.898266859705034,-0.7475659728038467,0.10852174736932865,0.013804995508446466,0.19480584198574916,0.06916767857990067,-0.010498860109690387,-0.0811262118002633,0.5666666666666667,0.47019867549668876,0.45558086560364464,0.4325221238938053,-0.051109878602889146,0.004727302416754814,14,Detroit Lions,NFC,NFC North,https://a.espncdn.com/i/teamlogos/nfl/500/det.png,2,2,11,8,17,7,16,5,18,8,15,3,10,12,11,-0.08755700036836611,0
2025,16,NE,00-0039851,Drake Maye,1.4768712296360027,0.1796286107902223,1.656499840426225,00-0039851,Drake Maye,1.5836384943787924,32,3.2401383348050175,2.3353230668104663,12.07993181904106,-3.394831108133231,0.1169371011183013,-0.021234390816730862,0.26343673101512094,0.008000527765177075,-0.11702499438855993,-0.07329391360710513,0.562962962962963,0.4420289855072464,0.46436781609195404,0.4540023894862604,0.02742365542136576,-0.013870324628202499,14,New England Patriots,AFC,AFC East,https://a.espncdn.com/i/teamlogos/nfl/500/ne.png,3,8,14,2,8,5,10,2,11,26,17,6,5,10,19,-0.15097630703143805,0
2025,16,BUF,00-0034857,Josh Allen,1.6833688701294331,-0.49900375186101265,1.1843651182684205,00-0034857,Josh Allen,1.8982996461462212,139,3.0826647644146417,2.3353230668104663,14.441729790816163,1.5661671920358355,0.1458094931727322,0.02232278782906279,0.24537824032976133,-0.017974982684019848,0.013136047472445355,0.07663717417278287,0.5467625899280576,0.4791666666666667,0.48026315789473684,0.44074074074074077,-0.02164023199148732,-0.06321643911592732,14,Buffalo Bills,AFC,AFC East,https://a.espncdn.com/i/teamlogos/nfl/500/buf.png,4,5,23,1,27,3,19,3,9,4,31,11,12,4,13,0.02069221115882014,1
2025,16,GB,00-0036264,Jordan Love,2.0797650528186375,0.6451704447831372,2.724935497601775,00-0036264,Jordan Love,0.258106074339322,52,2.9830415719410968,2.3353230668104663,11.878500195990242,-1.8952370991171985,0.15221101944594848,0.015496287480980591,0.28885992980851993,0.09639565119883738,-0.0349792687219577,-0.1110092331203139,0.5572519083969466,0.4883720930232558,0.48323699421965316,0.43867403314917125,-0.02273797673355703,-0.05311292826748813,14,Green Bay Packers,NFC,NFC North,https://a.espncdn.com/i/teamlogos/nfl/500/gb.png,5,3,9,3,12,2,17,1,21,11,7,9,13,3,12,-0.25359817260709905,-1
2025,16,DAL,00-0033077,Dak Prescott,2.045863979463973,-1.586967848566116,0.45889613089785675,00-0033077,Dak Prescott,2.4608792601710143,145,2.919775391068871,2.3353230668104663,11.11649059739087,5.3982044952638,0.11768503160727979,0.14420862405126683,0.18396341385164688,0.21285404725334459,-0.0037603570346045937,0.02407913344763076,0.5586206896551724,0.5714285714285714,0.4735202492211838,0.4866962305986696,0.008815882621997695,0.01875320844700293,14,Dallas Cowboys,NFC,NFC East,https://a.espncdn.com/i/teamlogos/nfl/500/dal.png,6,4,29,4,31,4,30,7,29,7,29,7,31,6,31,0.24374011929984452,1
2025,16,BAL,00-0034796,Lamar Jackson,0.42078056196578695,0.2036474848914649,0.6244280468572518,00-0034796,Lamar Jackson,2.1483714440794692,115,2.772799490936721,2.3353230668104663,3.7111024495566736,-1.8342685809042965,-0.001149644133356316,0.001749044122956732,-0.006657015279217632,0.057502414024587015,0.0060583033719919166,-0.09495591606040196,0.5069444444444444,0.5379310344827586,0.43803680981595094,0.43042071197411,-0.050259103754484794,5.825292388149086e-4,14,Baltimore Ravens,AFC,AFC North,https://a.espncdn.com/i/teamlogos/nfl/500/bal.png,7,15,13,17,13,18,14,24,14,6,12,16,25,19,8,0.22158276868057225,2
2025,16,SEA,00-0034869,Sam Darnold,0.7191875298101706,2.171242697698771,2.8904302275089417,00-0034869,Sam Darnold,-0.20481188011359738,95,2.6856183473953443,2.3353230668104663,4.320870391144603,-7.485179174102505,0.04155205229924827,-0.11142464491757872,0.18724971471206941,-0.06520091786255637,-0.12017235297898322,-0.2029803229429606,0.5167785234899329,0.4276315789473684,0.466824644549763,0.40129449838187703,-0.058303987552072924,-0.004325861674453702,14,Seattle Seahawks,NFC,NFC West,https://a.espncdn.com/i/teamlogos/nfl/500/sea.png,8,11,2,14,1,13,2,6,3,27,1,15,3,8,4,0.06850426842087565,0
2025,16,JAX,00-0036971,Trevor Lawrence,0.4467484599969991,1.2050021408516498,1.6517506008486489,00-0036971,Trevor Lawrence,0.6543327024694284,80,2.3060833033180774,2.3353230668104663,6.439783101492789,-3.0505409867894264,0.019912212403008604,-0.06194201112743026,0.06740731525479657,-0.03388926544925518,-0.051715537303201345,-0.12584555814161247,0.5298013245033113,0.4563758389261745,0.44719827586206895,0.43171806167400884,0.009384944009328834,0.02751674128134383,14,Jacksonville Jaguars,AFC,AFC South,https://a.espncdn.com/i/teamlogos/nfl/500/jax.png,9,12,6,10,9,17,6,16,7,15,5,13,8,15,9,0.6380308654118689,3
2025,16,CHI,00-0039918,Caleb Williams,0.8110307376693067,0.15010617419079963,0.9611369118601063,00-0039918,Caleb Williams,1.3070800381089178,36,2.268216949969024,2.3353230668104663,5.2677377588772885,1.3346149759808361,0.05864362620535646,0.0012453205813121586,0.09359928022750737,0.030365921429155125,0.00984588362305556,-0.04278020318569305,0.5733333333333334,0.5,0.45397489539748953,0.4581861012956419,-0.03560642644005922,-0.04833632956295187,14,Chicago Bears,NFC,NFC North,https://a.espncdn.com/i/teamlogos/nfl/500/chi.png,10,9,15,12,26,10,13,14,12,5,21,2,18,13,23,0.9787133836050217,4
2025,16,HOU,00-0039163,C.J. Stroud,-1.1025304585885007,2.5441661945985468,1.441635736010046,00-0039163,C.J. Stroud,0.8165107471863954,51,2.2581464831964415,2.3353230668104663,2.2393315864070678,-7.339645090204688,-0.003350384593200636,-0.11728732596975698,0.0832298040310791,-0.12319274682938951,-0.1444617417432698,-0.1063682424339935,0.5,0.3624161073825503,0.41491596638655465,0.39811542991755006,0.008058518789400693,-0.015273415919453808,14,Houston Texans,AFC,AFC South,https://a.espncdn.com/i/teamlogos/nfl/500/hou.png,11,26,1,24,2,20,1,15,1,29,10,17,1,29,3,0.9176064828628401,2
2025,16,LAC,00-0036355,Justin Herbert,0.7651557592310949,1.390093552846976,2.155249312078071,00-0036355,Justin Herbert,-0.08226464132161534,98,2.0729846707564556,2.3353230668104663,2.9196274795077577,-4.182511764884031,-0.0059634608155110635,-0.07361699627602546,0.03262322738255831,-0.06574602086896728,-0.07012761090487213,-0.08715818094014198,0.5357142857142857,0.4642857142857143,0.44420600858369097,0.41717049576783555,0.010132664251592354,0.009487712203369383,14,Los Angeles Chargers,AFC,AFC West,https://a.espncdn.com/i/teamlogos/nfl/500/lac.png,12,10,4,20,7,22,5,21,2,20,13,12,9,16,6,0.3863551507209859,-1
2025,16,PHI,00-0036389,Jalen Hurts,-0.011684087088177808,0.9432738009082264,0.9315897138200486,00-0036389,Jalen Hurts,1.0427204745987708,93,1.9743101884188194,2.3353230668104663,3.9770844431668295,-3.037937732739666,0.02596851266770771,-0.060921356555209125,0.09744400074965293,-0.031318670575284334,-0.07151611135516758,-0.10835293295486133,0.4413793103448276,0.5103448275862069,0.43243243243243246,0.42248908296943233,-0.02514906434930649,-0.022255033832212927,14,Philadelphia Eagles,NFC,NFC East,https://a.espncdn.com/i/teamlogos/nfl/500/phi.png,13,19,7,15,10,15,7,13,8,21,8,27,19,23,7,0.9253597967488565,2
2025,16,IND,00-0022942,Philip Rivers,1.4803811876062136,0.8315635975460489,2.3119447851522628,00-0022942,Philip Rivers,-0.4437672372933265,102,1.8681775478589362,2.3353230668104663,9.656613489305512,-1.0747433496621397,0.11207868340531653,-0.0074964521008990545,0.12929882220945632,0.058144799771566794,0.08627300531136343,-0.13099777401292445,0.5579710144927537,0.5177304964539007,0.47434435575826683,0.45569620253164556,0.003129609506674089,0.016114196924638485,14,Indianapolis Colts,AFC,AFC South,https://a.espncdn.com/i/teamlogos/nfl/500/ind.png,14,7,8,6,16,6,11,10,15,1,4,8,21,5,21,-0.2510005997302822,-4
2025,16,KC,00-0035289,Gardner Minshew,1.4931782216835652,0.13942233283371008,1.6326005545172753,00-0033873,Patrick Mahomes,0.20509560237880411,48,1.8376961568960795,2.3353230668104663,9.581549260257828,-1.332298167824847,0.10128569271930023,0.017272134172180136,0.17512111457961793,0.065310510249583,-0.04875167093275556,-0.06094419610769373,0.5648854961832062,0.44360902255639095,0.4693446088794926,0.44634146341463415,0.05865681714882474,0.013971260935511673,14,Kansas City Chiefs,AFC,AFC West,https://a.espncdn.com/i/teamlogos/nfl/500/kc.png,15,6,16,7,14,8,18,8,17,13,19,5,6,7,17,-1.0118749043509778,-9
2025,16,DEN,00-0039732,Bo Nix,0.2625767956368632,0.630828524319273,0.8934053199561363,00-0039732,Bo Nix,0.2560289615786197,36,1.149434281534756,2.3353230668104663,3.786369073299892,-5.415843307540868,0.05185123940627057,-0.04372269384002784,0.11482630302279899,-0.014639893467832538,-0.053591158176447044,-0.10142519266766373,0.44666666666666666,0.4064516129032258,0.4364224137931034,0.3863393810032017,0.016538921615293134,0.014958335441746908,14,Denver Broncos,AFC,AFC West,https://a.espncdn.com/i/teamlogos/nfl/500/den.png,16,18,10,16,4,11,8,11,10,18,11,26,2,21,2,0.26440546837134704,0
2025,16,PIT,00-0023459,Aaron Rodgers,-0.08516819129000286,-0.008499081653329021,-0.09366727294333188,00-0023459,Aaron Rodgers,0.6388300394811082,164,0.5451627665377763,2.3353230668104663,3.2465519312012114,-0.32309393796003477,0.03380656946826313,0.02671005575625717,0.06630254543170248,0.047068637346932805,-0.015857091909823408,-0.007613503289179443,0.45985401459854014,0.4965034965034965,0.44776119402985076,0.4471794871794872,5.520903009273734e-5,-0.015351687726503065,14,Pittsburgh Steelers,AFC,AFC North,https://a.espncdn.com/i/teamlogos/nfl/500/pit.png,17,21,19,19,19,14,21,17,13,9,27,23,15,14,18,0.7033628927167754,4
2025,16,ATL,00-0029604,Kirk Cousins,0.41875183851610576,-0.46307268847989835,-0.0443208499637926,00-0029604,Kirk Cousins,0.47584325396887917,162,0.43152240400508657,2.3353230668104663,1.348598694453869,0.9643899407769874,-0.005141116691730793,0.025131267288846553,0.026064275173631683,0.05939766154866331,-0.04928532957443867,-0.026315784480739814,0.4589041095890411,0.5460992907801419,0.4556677890011223,0.46511627906976744,-0.04644189787161058,-0.01232441069953306,14,Atlanta Falcons,NFC,NFC South,https://a.espncdn.com/i/teamlogos/nfl/500/atl.png,18,16,22,25,21,21,20,22,16,14,24,24,26,11,25,0.34468183185841156,1
2025,16,CIN,00-0036442,Joe Burrow,-0.35008383137270993,-1.3856351699096825,-1.7357190012823924,00-0036442,Joe Burrow,1.5934341931271419,84,-0.14228480815525058,2.3353230668104663,2.2744606084347363,6.590324727255809,-0.030775870570629926,0.16087795907549568,-0.03295568647027286,0.23468918008324866,-0.026251441693020527,0.05483650140128456,0.5,0.5755395683453237,0.4435754189944134,0.5,0.016977040442275455,-0.007139653276195862,14,Cincinnati Bengals,AFC,AFC North,https://a.espncdn.com/i/teamlogos/nfl/500/cin.png,19,22,28,23,32,26,32,26,31,10,30,17,32,17,32,-0.8554250750498786,-1
2025,16,TB,00-0034855,Baker Mayfield,-0.8854796770641675,0.4726091180184562,-0.41287055904571135,00-0034855,Baker Mayfield,-0.07488592221154922,125,-0.48775648125726057,2.3353230668104663,3.5877384269569412,-0.3617379866286273,-0.006401190740943732,0.007306164119744237,0.03824975749518507,0.0705813222107096,-0.07900641535153277,-0.11540929399606738,0.48299319727891155,0.496551724137931,0.4261057173678533,0.4547537227949599,-0.02042127213084205,0.022771700712362525,14,Tampa Bay Buccaneers,NFC,NFC South,https://a.espncdn.com/i/teamlogos/nfl/500/tb.png,20,25,12,18,18,23,15,20,19,22,6,22,16,27,20,-0.3880603306275289,0
2025,16,SF,00-0037834,Brock Purdy,0.381895452187234,-0.589754393864871,-0.20785894167763708,00-0037834,Brock Purdy,-0.842067205786812,53,-1.0499261474644492,2.3353230668104663,5.425335473169153,0.1695573142173741,0.07310829688793824,0.049546705139566445,0.1620222401561481,0.13018233805527157,-0.056824612208005776,-0.0850094117927196,0.5652173913043478,0.5109489051094891,0.48429035752979416,0.4783599088838269,-0.010633177393942123,-0.005705610008634752,14,San Francisco 49ers,NFC,NFC West,https://a.espncdn.com/i/teamlogos/nfl/500/sf.png,21,17,24,11,20,9,22,9,23,19,14,4,20,2,28,0.04403471254978286,1
2025,16,WAS,00-0032268,Marcus Mariota,0.43035453549309555,-2.195031609271246,-1.7646770737781505,00-0032268,Marcus Mariota,-0.2155975141784076,88,-1.9802745879565582,2.3353230668104663,6.790050423839142,3.9387470881253246,0.02322806717328893,0.1465278787069223,0.06172596578143182,0.2547884605035287,-0.03625848169643624,-0.005559372932278158,0.549618320610687,0.5661764705882353,0.4650630011454754,0.47714604236343366,-0.021860171617108633,-0.008205145936960414,14,Washington Commanders,NFC,NFC East,https://a.espncdn.com/i/teamlogos/nfl/500/was.png,22,14,31,9,29,16,31,18,32,12,28,10,30,9,27,-0.19920825717425283,1
2025,16,MIA,00-0040234,Quinn Ewers,-0.051725224708741635,0.036425633162532556,-0.01529959154620908,00-0036212,Tua Tagovailoa,-2.580691310678991,NA,-2.5959909022252,2.3353230668104663,2.7295585123789095,1.1413757278242114,-0.0027498910849800945,0.05371138976752059,-0.01430588097122347,0.13803406101418278,0.013476933036720934,-0.06246142089024502,0.4927536231884058,0.5220588235294118,0.42714819427148193,0.4685714285714286,-0.04584807948592655,-0.038575289848188775,14,Miami Dolphins,AFC,AFC East,https://a.espncdn.com/i/teamlogos/nfl/500/mia.png,23,20,17,21,24,19,23,25,25,3,18,20,22,26,26,-3.3708682379590162,-6
2025,16,ARI,00-0033119,Jacoby Brissett,-0.5610569698407044,-1.0639153570547704,-1.6249723268954748,00-0033119,Jacoby Brissett,-1.1762627827281413,65,-2.801235109623616,2.3353230668104663,0.36878951743285965,1.8836490700939197,-0.01654128287875517,0.057979689318510254,0.04837779485972226,0.12537550082244775,-0.1662344140214299,-0.045232182013234035,0.5,0.5625,0.4365904365904366,0.48645598194130923,0.04901905535701999,-0.0139770490404839,14,Arizona Cardinals,NFC,NFC West,https://a.espncdn.com/i/teamlogos/nfl/500/ari.png,24,23,25,26,28,25,25,19,22,31,20,17,28,20,30,-0.17408710174410746,0
2025,16,NYG,00-0040691,Jaxson Dart,0.43569377950157717,-2.5936131147582078,-2.1579193352566306,00-0040691,Jaxson Dart,-1.5481677271096816,12,-3.7060870623663122,2.3353230668104663,4.4728461635699,4.920449779964117,0.042978470983574296,0.14303873840410963,0.10685832434558423,0.13943507698549434,-0.05309413169807655,0.1490343953730522,0.5174825174825175,0.5517241379310345,0.4309799789251844,0.48313384113166485,-0.041810558909321574,-0.0013503543384962504,14,New York Giants,NFC,NFC East,https://a.espncdn.com/i/teamlogos/nfl/500/nyg.png,25,13,32,13,30,12,29,12,26,17,32,14,27,24,29,-0.09336741193518794,0
2025,16,MIN,00-0039923,J.J. McCarthy,-1.8497396237231905,0.030796520272699635,-1.8189431034504908,00-0039923,J.J. McCarthy,-1.9235554251868605,10,-3.742498528637351,2.3353230668104663,-3.3808395870430763,-4.4694573007134135,-0.09252726049067256,-0.03488820335429426,-0.09996932281453089,-0.03607588236275099,-0.07954162112965443,-0.03352594984098002,0.410958904109589,0.4931506849315068,0.43246592317224286,0.43209876543209874,-0.0035013181920890797,-0.05750895138395738,14,Minnesota Vikings,NFC,NFC North,https://a.espncdn.com/i/teamlogos/nfl/500/min.png,26,27,18,28,6,28,9,29,6,23,23,28,14,22,10,0.6652265419262706,2
2025,16,CAR,00-0039150,Bryce Young,-0.6646320640949774,-1.2315252027879007,-1.8961572668828781,00-0039150,Bryce Young,-2.289573464203823,42,-4.185730731086701,2.3353230668104663,2.4359304014712397,1.307727570614873,-0.00919680093131092,0.07063161329824179,0.021559477036560856,0.13285376950672242,-0.05205662764125623,-0.018052839228788066,0.48872180451127817,0.5354330708661418,0.4391891891891892,0.4443127962085308,-0.0672669279746271,-0.027604170719388293,14,Carolina Panthers,NFC,NFC South,https://a.espncdn.com/i/teamlogos/nfl/500/car.png,27,24,27,22,25,24,26,23,24,16,25,21,24,18,16,-0.17391814453615684,-1
2025,16,TEN,00-0040676,Cam Ward,-2.8720698856371265,-1.1242119241684034,-3.99628180980553,00-0040676,Cam Ward,-0.335579382858475,17,-4.331861192664005,2.3353230668104663,-6.801132261365092,1.0104438082222462,-0.1508997853631293,0.10711508767979874,-0.16895418820776853,0.20641946539454398,-0.11354810411570535,-0.04128043721031491,0.3673469387755102,0.5238095238095238,0.3825265643447462,0.4563986409966025,-0.027263663740592522,0.02751526932472764,14,Tennessee Titans,AFC,AFC South,https://a.espncdn.com/i/teamlogos/nfl/500/ten.png,28,30,26,30,22,30,27,31,28,25,22,30,23,31,22,-0.01535426478669244,-1
2025,16,NO,00-0040743,Tyler Shough,-2.2953774195071595,-0.23166670779420073,-2.52704412730136,00-0040743,Tyler Shough,-2.8079837791247955,9,-5.335027906426156,2.3353230668104663,-6.288827041200721,-2.671968110748309,-0.09776871170492245,-8.010337572524009e-4,-0.06357129139408116,0.09297047161423594,-0.1566699401209088,-0.10744313790521952,0.45,0.475177304964539,0.4298245614035088,0.4426605504587156,-0.0421372272636316,-0.05346924249661827,14,New Orleans Saints,NFC,NFC South,https://a.espncdn.com/i/teamlogos/nfl/500/no.png,29,28,21,29,11,29,12,27,20,30,9,25,11,25,15,0.29827286490028015,1
2025,16,NYJ,00-0028118,Tyrod Taylor,-2.464699861143594,-1.966339791834745,-4.431039652978339,00-0040398,Brady Cook,-1.1363035239852748,67,-5.567343176963614,2.3353230668104663,-1.6066676488213452,1.0638761267295067,-0.09120235307680848,0.12098927634472889,-0.08042389771611821,0.22822941635562313,-0.10835725199922841,-0.015049366738144622,0.38513513513513514,0.49664429530201343,0.4241019698725377,0.4419391206313416,-0.07878435578200167,-0.03175395041999602,14,New York Jets,AFC,AFC East,https://a.espncdn.com/i/teamlogos/nfl/500/nyj.png,30,29,30,27,23,27,28,28,30,24,26,29,17,28,14,0.7115666049890832,2
2025,16,CLE,00-0040668,Shedeur Sanders,-4.4248045256954684,1.3083822464638095,-3.116422279231659,00-0040668,Shedeur Sanders,-2.990510901102064,7,-6.106933180333723,2.3353230668104663,-13.01837376119858,-6.605647542645791,-0.18265969065367998,-0.0818950030421778,-0.2123271375053712,-0.04170656444684237,-0.12944085522433849,-0.13551628960636508,0.345679012345679,0.4339622641509434,0.3436123348017621,0.38615023474178406,-0.036492546039651345,-0.051693811715905744,14,Cleveland Browns,AFC,AFC North,https://a.espncdn.com/i/teamlogos/nfl/500/cle.png,31,31,5,32,3,32,4,32,5,28,3,32,4,32,1,-1.601494916467881,-2
2025,16,LV,00-0030565,Geno Smith,-4.441606511779262,-0.200953861456048,-4.64256037323531,00-0038102,Kenny Pickett,-1.898693109312153,70,-6.541253482547463,2.3353230668104663,-10.704676160056128,-1.0789089447380442,-0.18024722724330297,0.05716771748080574,-0.11609520578049598,0.1621266195606376,-0.3064363683624508,-0.07625019038684125,0.3472222222222222,0.5652173913043478,0.3962962962962963,0.4644030668127054,0.0030937650940777092,-0.014547344768329862,14,Las Vegas Raiders,AFC,AFC West,https://a.espncdn.com/i/teamlogos/nfl/500/lv.png,32,32,20,31,15,31,24,30,27,32,16,31,29,30,24,-0.7237420699850396,-1
2025,17,LA,00-0026498,Matthew Stafford,4.205432251478559,1.5595203462667975,5.764952597745356,00-0026498,Matthew Stafford,0.20569621718684394,173,5.970648814932201,2.21300333530466,9.751272809681101,-4.07802783411245,0.1607128966146321,-0.079124827553211,0.25030770709000083,-0.06149289038694727,0.031071920851030353,-0.1093850440412582,0.6038961038961039,0.44871794871794873,0.5273477812177503,0.41890547263681593,0.04299954927512309,-0.04489326838091618,15,Los Angeles Rams,NFC,NFC West,https://a.espncdn.com/i/teamlogos/nfl/500/lar.png,1,1,5,5,6,1,3,3,2,3,7,1,8,1,5,-0.30222492757592967,0
2025,17,DET,00-0033106,Jared Goff,1.9663538750245273,0.18956255999120564,2.155916435015733,00-0033106,Jared Goff,1.8121422011023653,160,3.9680586361180987,2.21300333530466,6.571343821093692,-0.550308359583155,0.10397876452736533,0.02419446594249761,0.1869009811907709,0.06584471221209252,-0.0206227768273836,-0.04793724547411929,0.56875,0.484472049689441,0.45320715036803366,0.4294478527607362,-0.04247564550739703,0.007607753557287539,15,Detroit Lions,NFC,NFC North,https://a.espncdn.com/i/teamlogos/nfl/500/det.png,2,2,16,10,16,6,19,5,16,10,21,5,11,12,9,-0.8431820019313054,0
2025,17,NE,00-0039851,Drake Maye,1.5910978370923612,0.2973397814284977,1.888437618520859,00-0039851,Drake Maye,1.6512124508123331,32,3.539650069333192,2.21300333530466,11.96006448325541,-3.308812147318375,0.1233457977985796,-0.013954986206310426,0.2610793825095392,0.013355398995793185,-0.1064702968041265,-0.05993843598937043,0.5793103448275863,0.44594594594594594,0.4692144373673036,0.4567901234567901,0.03361983523133727,-0.025883926234257785,15,New England Patriots,AFC,AFC East,https://a.espncdn.com/i/teamlogos/nfl/500/ne.png,3,6,11,3,9,4,11,2,11,25,17,3,6,7,21,0.2995117345281746,0
2025,17,BUF,00-0034857,Josh Allen,1.695311002103887,-0.2362081015111872,1.4591029005926999,00-0034857,Josh Allen,1.8077419962463996,139,3.2668448968390997,2.21300333530466,13.855893018836747,1.3477941607317638,0.14155816358589907,0.011483548038218388,0.22049188406630282,-0.03740900828006201,0.03833714449614031,0.07754748472565355,0.5503355704697986,0.487012987012987,0.48333333333333334,0.44241733181299886,-0.021516806428497768,-0.060491467715094845,15,Buffalo Bills,AFC,AFC East,https://a.espncdn.com/i/teamlogos/nfl/500/buf.png,4,5,21,1,24,3,13,4,7,2,31,9,12,4,15,0.18418013242445808,0
2025,17,SEA,00-0034869,Sam Darnold,1.075799905021194,1.983873238696167,3.0596731437173608,00-0034869,Sam Darnold,-0.17923340023140438,95,2.8804397434859563,2.21300333530466,4.281235480693754,-6.888575689883845,0.04095919199485382,-0.08311921547662585,0.1588430437210342,-0.022857619253651373,-0.09503919959468758,-0.19830495225711137,0.50920245398773,0.4397590361445783,0.46871569703622395,0.4043179587831207,-0.055853426280673905,-0.0041785229502631135,15,Seattle Seahawks,NFC,NFC West,https://a.espncdn.com/i/teamlogos/nfl/500/sea.png,5,10,2,16,2,14,2,8,9,24,1,15,3,8,4,0.194821396090612,3
2025,17,LAC,00-0036355,Justin Herbert,1.151985042199379,1.6871764814950305,2.8391615236944094,00-0036355,Justin Herbert,-0.02984988615998475,98,2.8093116375344245,2.21300333530466,4.674446663844918,-3.9854212572360654,0.020709417674226405,-0.06798502780550161,0.07241857875711902,-0.04918118487015636,-0.06297777723624455,-0.1005435336287383,0.5540540540540541,0.4563758389261745,0.45125628140703516,0.42033898305084744,0.009185469529790788,0.009178819111653606,15,Los Angeles Chargers,AFC,AFC West,https://a.espncdn.com/i/teamlogos/nfl/500/lac.png,6,9,3,14,7,17,5,17,5,20,10,8,10,14,6,0.7363269667779688,6
2025,17,JAX,00-0036971,Trevor Lawrence,0.4336836809448297,1.5998014074386915,2.033485088383521,00-0036971,Trevor Lawrence,0.6979842738861689,80,2.73146936226969,2.21300333530466,7.350154762921424,-3.05813254173128,0.02747480016198873,-0.058924734244241495,0.08682505676726526,-0.029664249851662498,-0.0631282497949271,-0.12693289080173736,0.5276073619631901,0.4472049689440994,0.44288577154308617,0.433264887063655,0.013972182391601943,0.030413987931527112,15,Jacksonville Jaguars,AFC,AFC South,https://a.espncdn.com/i/teamlogos/nfl/500/jax.png,7,13,4,8,11,15,7,15,8,21,2,13,7,17,11,0.4253860589516125,2
2025,17,CHI,00-0039918,Caleb Williams,1.003283915405719,0.22155589998403868,1.2248398153897577,00-0039918,Caleb Williams,1.1738632833217548,36,2.3987030987115125,2.21300333530466,5.627753772425362,1.5422004173474606,0.06179776438792611,0.008434587494058766,0.10346103784351005,0.05495849138672416,0.002758338969823755,-0.059056089086234505,0.5786163522012578,0.5063291139240507,0.4549019607843137,0.4624591947769314,-0.0383110977278522,-0.04693254626310057,15,Chicago Bears,NFC,NFC North,https://a.espncdn.com/i/teamlogos/nfl/500/chi.png,8,12,14,12,26,10,12,13,15,6,18,4,19,11,25,0.13048614874248843,2
2025,17,HOU,00-0039163,C.J. Stroud,-1.1436939697372193,2.7936895046532024,1.6499955349159832,00-0039163,C.J. Stroud,0.7087850554626921,51,2.358780590378675,2.21300333530466,2.0190717192596934,-7.179870146673675,-0.00853962482716696,-0.1119090230046399,0.08785910604769237,-0.11322559607810846,-0.1662830026223913,-0.10956754843090191,0.49079754601226994,0.35625,0.412807881773399,0.39756367663344405,0.007575840902466846,-0.02279146518541835,15,Houston Texans,AFC,AFC South,https://a.espncdn.com/i/teamlogos/nfl/500/hou.png,9,26,1,25,1,25,1,14,1,30,6,20,1,29,3,0.10063410718223365,2
2025,17,PHI,00-0036389,Jalen Hurts,0.2652354903061225,0.9194943130628853,1.1847298033690077,00-0036389,Jalen Hurts,1.1486084218282675,93,2.3333382251972754,2.21300333530466,5.02669031174082,-3.231571559127873,0.05052091587097018,-0.06136810925790122,0.11951734114882373,-0.03876419509048171,-0.04390460429021601,-0.09670914966251745,0.45454545454545453,0.5,0.4396082698585419,0.42208462332301344,-0.02264880785624596,-0.029839455340502394,15,Philadelphia Eagles,NFC,NFC East,https://a.espncdn.com/i/teamlogos/nfl/500/phi.png,10,16,7,13,10,11,6,11,6,13,13,26,14,19,7,0.35902803677845596,3
2025,17,DAL,00-0033077,Dak Prescott,1.5506916398980177,-1.963047681388735,-0.41235604149071725,00-0033077,Dak Prescott,2.3262424571745615,145,1.9138864156838442,2.21300333530466,10.942006567896584,5.99675193897156,0.111699502203932,0.16190673052865726,0.18366676404219084,0.24337550366128347,-0.020440386893537808,0.023773922451830187,0.5454545454545454,0.5878378378378378,0.4730656219392752,0.49119170984455957,0.008551778169040033,0.017231310778840662,15,Dallas Cowboys,NFC,NFC East,https://a.espncdn.com/i/teamlogos/nfl/500/dal.png,11,7,30,4,31,5,32,7,31,9,29,11,32,6,32,-1.0058889753850269,-5
2025,17,IND,00-0022942,Philip Rivers,1.7141192016990399,0.23028285670464976,1.9444020584036896,00-0022942,Philip Rivers,-0.4860811376160776,102,1.458320920787612,2.21300333530466,9.409819312810422,0.007691027561115726,0.1034654285731255,0.018064555274622127,0.12088988682286102,0.08603190841340175,0.0768825623484616,-0.10698773771948085,0.564625850340136,0.54,0.4759871931696905,0.4599406528189911,0.0012762691338105135,0.01718827089144405,15,Indianapolis Colts,AFC,AFC South,https://a.espncdn.com/i/teamlogos/nfl/500/ind.png,12,4,13,6,20,7,17,10,20,1,8,6,24,5,23,-0.4098566270713242,2
2025,17,PIT,00-0023459,Aaron Rodgers,0.2866218796820075,0.025339169349083424,0.3119610490310909,00-0023459,Aaron Rodgers,0.7064245832162637,164,1.0183856322473546,2.21300333530466,3.8340531482215123,-0.4434185541135601,0.04369356902575241,0.02828627408168378,0.06271404520033923,0.053961858672858694,0.014026062456061607,-0.017984699218989715,0.47619047619047616,0.5032679738562091,0.4430523917995444,0.44561068702290074,0.0032471330630696,-0.009101334022770018,15,Pittsburgh Steelers,AFC,AFC North,https://a.espncdn.com/i/teamlogos/nfl/500/pit.png,13,15,18,20,17,13,21,18,13,4,27,22,17,16,18,0.4732228657095783,4
2025,17,DEN,00-0039732,Bo Nix,-0.17356655086401407,0.66389876557474,0.49033221471072597,00-0039732,Bo Nix,0.14383495742130858,36,0.6341671721320346,2.21300333530466,3.8711167293463147,-4.80065536909049,0.047252117825789294,-0.031804217156338944,0.10760198796472913,0.008415529473091024,-0.057653579302781026,-0.11105728721079092,0.4382716049382716,0.41317365269461076,0.43762575452716296,0.38629592850049654,0.020168022909879794,0.01917401439519215,15,Denver Broncos,AFC,AFC West,https://a.espncdn.com/i/teamlogos/nfl/500/den.png,14,21,8,18,5,12,9,12,10,18,4,27,2,21,1,-0.5152671094027215,2
2025,17,CIN,00-0036442,Joe Burrow,-0.04925136300052557,-1.1965829235076721,-1.2458342865081977,00-0036442,Joe Burrow,1.7870629077742455,84,0.5412286212660478,2.21300333530466,3.8412032305906343,6.018715110800288,-0.005065916483316381,0.14597272296640873,-2.3263255276595451e-4,0.2210838199834528,-0.014854845962912184,0.039345160618092394,0.5064102564102564,0.5496688741721855,0.45083682008368203,0.490134994807892,0.01924085113082658,-0.014204824898778551,15,Cincinnati Bengals,AFC,AFC North,https://a.espncdn.com/i/teamlogos/nfl/500/cin.png,15,20,28,19,32,23,30,25,30,8,30,17,26,15,31,0.6835134294212983,4
2025,17,ATL,00-0029604,Kirk Cousins,0.34445625339394415,-0.5749531102694883,-0.2304968568755441,00-0029604,Kirk Cousins,0.4909764207454048,162,0.2604795638698607,2.21300333530466,2.193456051856984,0.5947640161828105,2.670524435572822e-4,0.025099946473588083,0.04338385024743604,0.05457930151481815,-0.05920439280317203,-0.019119086088257024,0.4675324675324675,0.5466666666666666,0.4523809523809524,0.46041666666666664,-0.04796789201863863,-0.019311230325717275,15,Atlanta Falcons,NFC,NFC South,https://a.espncdn.com/i/teamlogos/nfl/500/atl.png,16,14,23,24,22,20,20,22,14,19,25,24,25,13,24,-0.17104284013522586,2
2025,17,SF,00-0037834,Brock Purdy,1.0381982710501827,-0.7136038389463613,0.32459443210382144,00-0037834,Brock Purdy,-0.3580894397113361,53,-0.03349500760751467,2.21300333530466,6.8315225676375615,-0.052869240806038435,0.09416720081324773,0.04494254620372636,0.18689632972217032,0.12204176409492257,-0.04054377252707762,-0.08517619115419502,0.5850340136054422,0.5205479452054794,0.486815415821501,0.47974413646055436,-0.007775945139231188,-0.0069699357471444045,15,San Francisco 49ers,NFC,NFC West,https://a.espncdn.com/i/teamlogos/nfl/500/sf.png,17,11,24,9,19,8,22,6,22,12,15,2,21,2,27,1.0164311398569346,4
2025,17,BAL,00-0035993,Tyler Huntley,0.23904356285225958,-0.21669379641540476,0.022349766436854823,00-0034796,Lamar Jackson,-0.3237645335834904,15,-0.30141476714663556,2.21300333530466,3.9520274527019676,-1.2233036421770722,0.005065975184229855,0.016093921376697434,2.0998782992769291e-4,0.07266125335122443,0.01119918837911669,-0.08563220503127547,0.5064935064935064,0.5548387096774193,0.44188722669735325,0.43743743743743746,-0.05984678675212125,0.008568117460956474,15,Baltimore Ravens,AFC,AFC North,https://a.espncdn.com/i/teamlogos/nfl/500/bal.png,18,18,20,17,15,19,15,24,17,5,14,16,28,18,12,-3.0742142580833565,-11
2025,17,TB,00-0034855,Baker Mayfield,-0.9092484084113206,0.34166150649412197,-0.5675869019171986,00-0034855,Baker Mayfield,-0.0782817115014952,125,-0.6458686134186938,2.21300333530466,4.626769392804164,-0.191257724831514,-9.549948835358077e-4,0.012645342872615461,0.04574988132358868,0.07295026087584645,-0.07497551670527096,-0.10489163106998764,0.4838709677419355,0.5032679738562091,0.4262626262626263,0.4535637149028078,-0.027844039819664112,0.021878059909155204,15,Tampa Bay Buccaneers,NFC,NFC South,https://a.espncdn.com/i/teamlogos/nfl/500/tb.png,19,25,10,15,18,21,14,20,18,23,9,21,17,25,20,-0.15811213216143327,1
2025,17,KC,00-0037324,Chris Oladokun,1.2459588653609064,0.4368425774550396,1.6828014428159461,00-0035289,Gardner Minshew,-2.574354989158154,NA,-0.891553546342208,2.21300333530466,7.903051396521829,-1.5959731503193109,0.08482288399673141,0.0180507608115195,0.15001050682128528,0.07739815746829505,-0.049375092620482876,-0.07325292635275057,0.5460992907801419,0.4405594405594406,0.4651866801210898,0.44556677890011226,0.057932656115280444,0.01042259696615116,15,Kansas City Chiefs,AFC,AFC West,https://a.espncdn.com/i/teamlogos/nfl/500/kc.png,20,8,9,7,13,9,16,9,19,15,16,10,4,9,17,-2.7292497032382874,-5
2025,17,GB,00-0038128,Malik Willis,1.82338270354027,0.15846749094095325,1.9818501944812232,00-0036264,Jordan Love,-3.375984834044518,6,-1.394134639563295,2.21300333530466,12.391992074141806,-1.391903920458696,0.147975016635563,0.021666205566203602,0.2979557192651776,0.10614721923348337,-0.050879994562408576,-0.11157113779735199,0.5611510791366906,0.5,0.4855614973262032,0.4406604747162023,-0.02304075028899871,-0.05465049943345252,15,Green Bay Packers,NFC,NFC North,https://a.espncdn.com/i/teamlogos/nfl/500/gb.png,21,3,17,2,14,2,18,1,21,16,3,7,14,3,14,-4.377176211504391,-16
2025,17,ARI,00-0033119,Jacoby Brissett,-0.678545022768656,-0.9371523242967839,-1.6156973470654399,00-0033119,Jacoby Brissett,-1.2526966172105911,65,-2.8683939642760308,2.21300333530466,0.420014320144637,1.850459305609373,-0.014239744726738324,0.05848981516025865,0.04497254675749416,0.13569803647867673,-0.14718453930120934,-0.05602573790633562,0.5033112582781457,0.5657894736842105,0.4337585868498528,0.48074921956295524,0.037942671327065566,-0.017667366442920402,15,Arizona Cardinals,NFC,NFC West,https://a.espncdn.com/i/teamlogos/nfl/500/ari.png,22,24,26,26,27,26,24,21,25,29,19,18,30,23,28,-0.06715885465241467,2
2025,17,TEN,00-0040676,Cam Ward,-2.770983638765358,-0.8494439389856716,-3.6204275777510295,00-0040676,Cam Ward,0.09485053053144071,17,-3.525577047219589,2.21300333530466,-6.170714535387764,0.10027972486849744,-0.13713729884607226,0.08925197753185896,-0.14569747204070427,0.17477957046269268,-0.12075068158777678,-0.04207727718707158,0.36942675159235666,0.5095541401273885,0.3867102396514161,0.4525862068965517,-0.02806333273154609,0.02886721147945649,15,Tennessee Titans,AFC,AFC South,https://a.espncdn.com/i/teamlogos/nfl/500/ten.png,23,29,25,30,21,30,27,31,28,28,22,30,20,31,19,0.8062841454444158,5
2025,17,MIA,00-0040234,Quinn Ewers,-0.2932085186887532,-0.4827034769632237,-0.7759119956519769,00-0040234,Quinn Ewers,-2.773352320296528,3,-3.5492643159485047,2.21300333530466,2.702739791744595,1.8675514975299754,-0.008201978339716365,0.07446458765944852,-0.01374537498847206,0.16526633283326939,-5.087879767617839e-4,-0.05099431216086881,0.47333333333333333,0.527027027027027,0.4211136890951276,0.47435897435897434,-0.05033268936119385,-0.032607990473606706,15,Miami Dolphins,AFC,AFC East,https://a.espncdn.com/i/teamlogos/nfl/500/mia.png,24,22,22,23,28,24,26,26,27,7,20,23,22,27,26,-0.9532734137233048,-1
2025,17,CAR,00-0039150,Bryce Young,-0.4848832704910464,-1.1285830836767354,-1.6134663541677818,00-0039150,Bryce Young,-2.3245683315151786,42,-3.9380346856829602,2.21300333530466,3.196494753161437,1.4947800131999984,-0.003013233797554621,0.07122551323690238,0.02737245513662072,0.13555819817867,-0.04632067189188184,-0.018806207223931094,0.49645390070921985,0.5333333333333333,0.43889479277364507,0.4432194046306505,-0.06215799353203511,-0.03454807850230728,15,Carolina Panthers,NFC,NFC South,https://a.espncdn.com/i/teamlogos/nfl/500/car.png,25,23,27,22,25,22,25,23,24,14,26,19,23,20,16,0.24769604540374068,2
2025,17,NYG,00-0040691,Jaxson Dart,-0.007852859760877351,-2.114534108166551,-2.1223869679274285,00-0040691,Jaxson Dart,-2.2438228411900436,12,-4.366209809117472,2.21300333530466,3.261787113395754,4.380986056191454,0.026513144135736626,0.1293750851447679,0.08438903615125298,0.12222363301323509,-0.057477479642878596,0.14100580702535215,0.5133333333333333,0.5555555555555556,0.4248756218905473,0.48311156601842375,-0.05459695402536303,-0.005414529264161835,15,New York Giants,NFC,NFC East,https://a.espncdn.com/i/teamlogos/nfl/500/nyg.png,26,19,31,21,30,16,29,16,23,17,32,14,29,26,30,-0.6601227467511599,-1
2025,17,NO,00-0040743,Tyler Shough,-2.0783163194303773,0.2177415698101759,-1.8605747496202014,00-0040743,Tyler Shough,-2.6840653269937143,9,-4.5446400766139154,2.21300333530466,-5.541183228377387,-3.7139229303156926,-0.091581284718939,-0.029346767521446833,-0.04616749637542597,0.039177403783260595,-0.1717531121856995,-0.11064933906945634,0.45695364238410596,0.45394736842105265,0.42727272727272725,0.43176972281449894,-0.0305779172316981,-0.05266923087939235,15,New Orleans Saints,NFC,NFC South,https://a.espncdn.com/i/teamlogos/nfl/500/no.png,27,28,15,29,8,27,10,27,12,31,5,25,9,24,10,0.7903878298122402,2
2025,17,MIN,00-0040494,Max Brosmer,-1.849552470771612,0.2688668293002481,-1.580685641471364,00-0039923,J.J. McCarthy,-3.8373593026274513,2,-5.418044944098815,2.21300333530466,-3.222371777122325,-4.949059900857833,-0.09216490361030205,-0.04775738996375172,-0.10546819636125157,-0.0556285197039061,-0.06961975950900438,-0.038915605210798024,0.42207792207792205,0.49019607843137253,0.43583815028901735,0.42555438225976766,-0.007422095527515144,-0.06924878700168978,15,Minnesota Vikings,NFC,NFC North,https://a.espncdn.com/i/teamlogos/nfl/500/min.png,28,27,12,28,4,28,8,28,3,22,23,28,13,22,8,-1.675546415461464,-2
2025,17,CLE,00-0040668,Shedeur Sanders,-4.121861960879949,1.0449205911481174,-3.0769413697318315,00-0040668,Shedeur Sanders,-2.834650753071429,7,-5.911592122803261,2.21300333530466,-12.160036442098903,-6.207657203565193,-0.17832347243647667,-0.07428551480333796,-0.21588825464744923,-0.05530504934382185,-0.11213283635935221,-0.09910612348116672,0.36046511627906974,0.4437869822485207,0.3517948717948718,0.39444444444444443,-0.03554916751057059,-0.0495668141712883,15,Cleveland Browns,AFC,AFC North,https://a.espncdn.com/i/teamlogos/nfl/500/cle.png,29,31,6,32,3,32,4,32,4,26,12,31,5,32,2,0.19534105753046216,2
2025,17,NYJ,00-0028118,Tyrod Taylor,-3.053210686301128,-1.6531952023315994,-4.706405888632728,00-0028118,Tyrod Taylor,-1.322658471410081,67,-6.029064360042809,2.21300333530466,-3.2192809743964355,0.771854123296279,-0.11360214984292653,0.1096550065501701,-0.11447246277020606,0.21906455161071628,-0.11218850596387082,-0.03596011260046019,0.3710691823899371,0.5,0.41442411194833156,0.4383419689119171,-0.07629666994575018,-0.020886858844304895,15,New York Jets,AFC,AFC East,https://a.espncdn.com/i/teamlogos/nfl/500/nyj.png,30,30,29,27,23,29,28,30,29,27,24,29,14,28,13,-0.4617211830791952,0
2025,17,LV,00-0030565,Geno Smith,-4.255994995243125,0.001331814877411297,-4.254663180365713,00-0030565,Geno Smith,-1.9030972306289964,70,-6.15776041099471,2.21300333530466,-10.607722806579028,-1.6116283166231111,-0.17069115982863606,0.047864726427385436,-0.10622041938702023,0.16169211438692438,-0.29189615185887374,-0.09970913419780511,0.3419354838709677,0.5503355704697986,0.3958333333333333,0.45901639344262296,-0.005648762906122271,-0.01352296508474834,15,Las Vegas Raiders,AFC,AFC West,https://a.espncdn.com/i/teamlogos/nfl/500/lv.png,31,32,19,31,12,31,23,29,26,32,11,32,27,30,22,0.3834930715527527,1
2025,17,WAS,00-0026300,Josh Johnson,0.23951465806074346,-2.5746651182116436,-2.3351504601509,00-0032268,Marcus Mariota,-3.9974631817701076,6,-6.332613641921007,2.21300333530466,6.160590925831929,4.124962570245896,0.017944241226724084,0.16141453326975297,0.0493157141295234,0.26441109412374975,-0.02941052952357191,0.016551539948919607,0.5357142857142857,0.5724137931034483,0.46220302375809935,0.48082901554404145,-0.029470917273071717,-0.006834484004722959,15,Washington Commanders,NFC,NFC East,https://a.espncdn.com/i/teamlogos/nfl/500/was.png,32,17,32,11,29,18,31,19,32,11,28,12,31,10,29,-4.3523390539644495,-10
2025,18,LA,00-0026498,Matthew Stafford,3.8725563558015725,1.7198849185718372,5.59244127437341,00-0026498,Matthew Stafford,0.20210864624134767,173,5.794549920614758,2.1237784306481458,8.911394508525827,-3.9483171445211425,0.14422094794355048,-0.06936798657796005,0.22620891390218395,-0.05209845729220132,0.022910216537131156,-0.09743632822106664,0.6,0.45180722891566266,0.5212765957446809,0.41965973534971646,0.03793157262808421,-0.05530629146459093,16,Los Angeles Rams,NFC,NFC West,https://a.espncdn.com/i/teamlogos/nfl/500/lar.png,1,1,5,5,7,3,5,3,4,4,10,1,9,1,6,-0.17609889431744286,0
2025,18,NE,00-0039851,Drake Maye,2.0117004042773434,0.3835856931688893,2.395286097446233,00-0039851,Drake Maye,2.3182710189736953,32,4.713557116419928,2.1237784306481458,13.102859207475184,-3.927717449698475,0.1476063795249662,-0.025021452592047813,0.30323355487317355,-0.006389749342804571,-0.10341823317954488,-0.05581551768454707,0.5909090909090909,0.4430379746835443,0.4761431411530815,0.450261780104712,0.02653052071375034,-0.035949201468948797,16,New England Patriots,AFC,AFC East,https://a.espncdn.com/i/teamlogos/nfl/500/ne.png,2,2,12,1,8,1,11,2,10,25,18,2,5,5,19,1.1739070470867357,1
2025,18,SEA,00-0034869,Sam Darnold,1.1120765302708762,2.4904956171338104,3.6025721474046866,00-0034869,Sam Darnold,-0.1469111242722939,95,3.4556610231323925,2.1237784306481458,3.248683708977099,-7.509351233824551,0.034662443855256395,-0.10140701183900783,0.13319154141474,-0.04625104395417672,-0.07723383980638908,-0.20647313544571055,0.5144508670520231,0.423728813559322,0.4651639344262295,0.4031805425631431,-0.05954869475500338,-0.0020241717489913953,16,Seattle Seahawks,NFC,NFC West,https://a.espncdn.com/i/teamlogos/nfl/500/sea.png,3,8,2,19,2,14,2,9,7,23,1,16,3,8,4,0.5752212796464362,2
2025,18,JAX,00-0036971,Trevor Lawrence,0.8116170519571515,1.7478903724234114,2.5595074243805627,00-0036971,Trevor Lawrence,0.7026801839457785,80,3.2621876083263412,2.1237784306481458,7.487715954317839,-3.249314662671816,0.025437482119059,-0.06511635258610304,0.08672219763620502,-0.041449413958579956,-0.06860034739181115,-0.11891167975215547,0.5433526011560693,0.43859649122807015,0.4423617619493908,0.4296799224054316,0.015064457559360867,0.026480032012198132,16,Jacksonville Jaguars,AFC,AFC South,https://a.espncdn.com/i/teamlogos/nfl/500/jax.png,4,14,4,8,11,18,7,15,8,19,3,11,4,17,11,0.5307182460566513,3
2025,18,DET,00-0033106,Jared Goff,1.0848895614412477,0.32852849106999416,1.4134180525112419,00-0033106,Jared Goff,1.7189392986298944,160,3.1323573511411364,2.1237784306481458,4.7075946156174044,-1.5712958531086691,0.06818310756651251,0.00971518277318255,0.16326932473284816,0.03946716518995864,-0.07212704215454376,-0.040491287555127105,0.5433526011560693,0.48554913294797686,0.44433497536945815,0.42344961240310075,-0.0500851927057577,0.005126429330133932,16,Detroit Lions,NFC,NFC North,https://a.espncdn.com/i/teamlogos/nfl/500/det.png,5,9,14,14,12,10,13,7,13,21,22,11,13,16,9,-0.8357012849769623,-3
2025,18,CHI,00-0039918,Caleb Williams,1.3108765488727308,0.18501154177744106,1.4958880906501717,00-0039918,Caleb Williams,1.4002261204130437,36,2.8961142110632156,2.1237784306481458,6.891494240936811,2.5596103153344703,0.07775468936699535,0.02910572443925755,0.12433887182710578,0.08000808517245703,0.009726994345881692,-0.044238810114736786,0.5833333333333334,0.5119047619047619,0.45714285714285713,0.467204843592331,-0.03432416696576278,-0.04504590835282131,16,Chicago Bears,NFC,NFC North,https://a.espncdn.com/i/teamlogos/nfl/500/chi.png,6,7,16,10,27,8,20,10,17,6,21,4,17,11,25,0.4974111123517031,2
2025,18,BAL,00-0034796,Lamar Jackson,0.8390285138403613,-0.37984017267526804,0.4591883411650932,00-0035993,Tyler Huntley,2.143721199554439,115,2.602909540719532,2.1237784306481458,5.62146227555573,-0.9058028225493844,0.031492604877988786,0.02046079802719491,0.01952603566247903,0.09047299664213887,0.04549486632786112,-0.10814856681982171,0.5246913580246914,0.558282208588957,0.451271186440678,0.44061302681992337,-0.06974579559928731,0.012476091653124398,16,Baltimore Ravens,AFC,AFC North,https://a.espncdn.com/i/teamlogos/nfl/500/bal.png,7,12,19,12,14,15,18,24,20,2,6,14,29,14,13,2.9043243078661676,11
2025,18,HOU,00-0039163,C.J. Stroud,-1.253453443863755,2.9792135553645465,1.7257601115007914,00-0039163,C.J. Stroud,0.6227082028253885,51,2.3484683143261798,2.1237784306481458,1.9493850070889578,-7.752103550897152,-0.01263308049042703,-0.11388121866484631,0.0822720672917949,-0.10880287681980591,-0.16284266690833224,-0.12314696518913057,0.48,0.36046511627906974,0.41318477251624885,0.39544513457556935,0.0022627460579933856,-0.02167772279855812,16,Houston Texans,AFC,AFC South,https://a.espncdn.com/i/teamlogos/nfl/500/hou.png,8,26,1,24,1,24,1,16,1,31,2,20,1,28,3,-0.010312276052495406,1
2025,18,DAL,00-0033077,Dak Prescott,1.7412805674162435,-2.4001905120123612,-0.6589099445961177,00-0033077,Dak Prescott,2.345921172921772,145,1.6870112283256544,2.1237784306481458,11.916910374179944,6.045351150367267,0.12075103967546849,0.16489427542995957,0.1926852849091888,0.24187781513250795,-0.005981749694113165,0.0343927669502385,0.5521472392638037,0.5859872611464968,0.4743935309973046,0.48908730158730157,0.0065378167389011504,0.013412972415804431,16,Dallas Cowboys,NFC,NFC East,https://a.espncdn.com/i/teamlogos/nfl/500/dal.png,9,4,31,4,32,5,31,5,30,9,30,6,32,6,32,-0.2268751873581898,2
2025,18,PIT,00-0023459,Aaron Rodgers,0.21911521235909248,0.3751639989778197,0.5942792113369122,00-0023459,Aaron Rodgers,0.6935043664213121,164,1.2877835777582243,2.1237784306481458,2.3452128724369157,-0.7572411515635239,0.025790898853989566,0.017394162190486274,0.0343503510657456,0.047574336996501675,0.012320285537127624,-0.0361832693464552,0.47468354430379744,0.49693251533742333,0.440552016985138,0.44131028207461326,-0.003312885373093543,-0.009250920666231505,16,Pittsburgh Steelers,AFC,AFC North,https://a.espncdn.com/i/teamlogos/nfl/500/pit.png,10,19,13,22,15,17,17,22,15,5,25,21,14,19,14,0.2693979455108697,3
2025,18,CIN,00-0036442,Joe Burrow,0.24607868870686467,-1.4655575502018645,-1.2194788614949998,00-0036442,Joe Burrow,1.9198680929404706,84,0.7003892314454707,2.1237784306481458,5.107330753204835,5.508798130800259,0.018727714063690712,0.1365466235158938,0.03051083421535174,0.20575374951998257,-0.004532028894645941,0.03399883826895939,0.5121951219512195,0.53125,0.4557823129251701,0.48333333333333334,0.022157101504763167,-0.011193304228644292,16,Cincinnati Bengals,AFC,AFC North,https://a.espncdn.com/i/teamlogos/nfl/500/cin.png,11,18,28,13,31,19,30,23,29,8,29,17,23,12,30,0.15916061017942296,4
2025,18,BUF,00-0033869,Mitchell Trubisky,1.0261448426800133,0.057132529963784706,1.0832773726437979,00-0034857,Josh Allen,-0.45311232782836225,60,0.6301650448154357,2.1237784306481458,12.378687185936492,0.8349156129978744,0.12677455542280938,0.004013606550349018,0.19168033432276946,-0.04058917314800021,0.041058179252234296,0.06389592790858614,0.5471698113207547,0.47560975609756095,0.47729468599033814,0.4344086021505376,-0.02861340669059351,-0.06153919984712862,16,Buffalo Bills,AFC,AFC East,https://a.espncdn.com/i/teamlogos/nfl/500/buf.png,12,11,18,2,23,4,12,6,9,3,31,8,12,4,12,-2.636679852023664,-8
2025,18,DEN,00-0039732,Bo Nix,-0.29276379368818617,0.8259766827576767,0.5332128890694905,00-0039732,Bo Nix,-0.017329180936264146,36,0.5158837081332264,2.1237784306481458,4.274485491738586,-4.817683066141409,0.049744736177460565,-0.036643387371371364,0.11002811901291147,-0.0010618039302017414,-0.055015075639415593,-0.10590753715994032,0.4437869822485207,0.41714285714285715,0.4422535211267606,0.38322211630123926,0.020793964516234123,0.01459521617030869,16,Denver Broncos,AFC,AFC West,https://a.espncdn.com/i/teamlogos/nfl/500/den.png,13,21,9,18,5,11,10,11,11,16,7,27,2,18,1,-0.11828346399880818,1
2025,18,ATL,00-0029604,Kirk Cousins,0.3320273076503639,-0.6565819776249939,-0.32455466997463,00-0029604,Kirk Cousins,0.577070400037058,162,0.252515730062428,2.1237784306481458,2.122240917604306,0.616346453630018,0.006268002504388292,0.017063036067021725,0.05037664139290316,0.0444875183671166,-0.05200764796335344,-0.02492012202201241,0.4695121951219512,0.546583850931677,0.45142296368989204,0.4585365853658537,-0.05818875112495574,-0.020484783247703617,16,Atlanta Falcons,NFC,NFC South,https://a.espncdn.com/i/teamlogos/nfl/500/atl.png,14,17,23,23,21,21,16,19,14,15,26,23,25,13,23,-0.007963833807432708,2
2025,18,SF,00-0037834,Brock Purdy,1.319114455966055,-1.1769552447394518,0.14215921122660324,00-0037834,Brock Purdy,-0.13554962043049512,53,0.006609590796108122,2.1237784306481458,8.217649558863155,0.6364387298346497,0.10769494046703827,0.06329633761375936,0.20168762731081102,0.14186949902070317,-0.027975796894065597,-0.07228506861833114,0.5859872611464968,0.5290322580645161,0.4896030245746692,0.48055832502492524,-0.008336594799193773,-0.004941827608849222,16,San Francisco 49ers,NFC,NFC West,https://a.espncdn.com/i/teamlogos/nfl/500/sf.png,15,6,27,7,22,6,24,4,24,11,15,3,22,2,28,0.04010459840362279,2
2025,18,TB,00-0034855,Baker Mayfield,-0.9975366519908615,0.23579631270067253,-0.7617403392901889,00-0034855,Baker Mayfield,-0.07053065136833549,125,-0.8322709906585244,2.1237784306481458,4.486603178955846,-0.4777144179763021,0.001462552598705628,0.015260437535971602,0.048705460985342015,0.07684768376671672,-0.07739492831939196,-0.09963039022781607,0.48484848484848486,0.49693251533742333,0.4304635761589404,0.45102040816326533,-0.019609430233207957,0.015737296562265066,16,Tampa Bay Buccaneers,NFC,NFC South,https://a.espncdn.com/i/teamlogos/nfl/500/tb.png,16,25,15,16,17,22,14,20,16,24,9,19,14,22,20,-0.18640237723983055,3
2025,18,LAC,00-0037012,Trey Lance,0.8118838301728992,1.7509605864073405,2.5628444165802398,00-0036355,Justin Herbert,-3.5516441537458054,6,-0.9887997371655657,2.1237784306481458,3.2242367771925795,-4.0854174643811065,0.011011778004540217,-0.0687485301969212,0.06367447100335251,-0.048464157545887114,-0.07667094258038402,-0.10242286794063228,0.54375,0.4472049689440994,0.44612476370510395,0.42027455121436114,0.008300653496950448,0.0037655381291059743,16,Los Angeles Chargers,AFC,AFC West,https://a.espncdn.com/i/teamlogos/nfl/500/lac.png,17,13,3,20,6,20,6,17,5,22,8,9,8,15,7,-3.79811137469999,-11
2025,18,IND,00-0040206,Riley Leonard,1.3791310054389143,0.17663944040815938,1.5557704458470738,00-0022942,Philip Rivers,-2.6093049159562547,NA,-1.0535344701091809,2.1237784306481458,8.585826244590839,-0.06617870699003847,0.0877312255640217,0.016652970594457566,0.0980819462502134,0.08598557371505106,0.07190226085053264,-0.11003330421751693,0.5477707006369427,0.55625,0.46981891348088534,0.4583333333333333,-8.365793606611815e-4,0.018079540527962838,16,Indianapolis Colts,AFC,AFC South,https://a.espncdn.com/i/teamlogos/nfl/500/ind.png,18,5,17,6,19,7,15,13,19,1,5,7,27,7,22,-2.511855390896793,-6
2025,18,KC,00-0037324,Chris Oladokun,1.0493093282051156,0.3997751171558752,1.4490844453609908,00-0037324,Chris Oladokun,-3.283914211657824,2,-1.8348297662968331,2.1237784306481458,7.4012317009645425,-1.3032484231901458,0.07516690354755623,0.022965454047011235,0.13540405236725822,0.08252505825617679,-0.047073879394478255,-0.06945462144996978,0.5436241610738255,0.44666666666666666,0.45885769603097776,0.4501039501039501,0.05093144278289147,0.011657627693988527,16,Kansas City Chiefs,AFC,AFC West,https://a.espncdn.com/i/teamlogos/nfl/500/kc.png,19,10,11,9,13,9,19,8,18,13,16,10,7,10,18,-0.9432762199546252,1
2025,18,PHI,00-0038400,Tanner McKee,-0.10878833478976979,1.1045528471494654,0.9957645123596957,00-0036389,Jalen Hurts,-2.9514994603938303,2,-1.9557349480341346,2.1237784306481458,4.691027876900295,-3.4610227599066015,0.04124516887626404,-0.06144623568080622,0.1083639625630224,-0.04710299892206324,-0.04998425943583469,-0.08380481062825851,0.4451219512195122,0.5,0.43209876543209874,0.42049808429118773,-0.026061706229457783,-0.03641589004559785,16,Philadelphia Eagles,NFC,NFC East,https://a.espncdn.com/i/teamlogos/nfl/500/phi.png,20,20,8,15,10,12,8,12,6,14,12,26,16,21,8,-4.28907317323141,-10
2025,18,GB,00-0038582,Clayton Tune,1.778654892434755,-0.546307119778807,1.232347772655948,00-0038128,Malik Willis,-3.69973652730281,2,-2.467388754646862,2.1237784306481458,12.267432476952127,-0.3374662156006534,0.14657131248910424,0.044369003604767206,0.30568186851312074,0.11796144094026342,-0.07186860340827433,-0.06196948313059852,0.564625850340136,0.5205479452054794,0.48673469387755103,0.4492337164750958,-0.017157221862458587,-0.06487427623803538,16,Green Bay Packers,NFC,NFC North,https://a.espncdn.com/i/teamlogos/nfl/500/gb.png,21,3,21,3,18,2,21,1,23,20,17,5,20,3,17,-1.073254115083567,0
2025,18,NYG,00-0040691,Jaxson Dart,0.49289642172634274,-1.7400045013339476,-1.2471080796076048,00-0040691,Jaxson Dart,-1.292708163588038,12,-2.539816243195643,2.1237784306481458,4.325624311225826,3.545138677187698,0.03845094243253958,0.10940383524840754,0.09196936964196403,0.10248971481246372,-0.03918153473791293,0.12074510933083575,0.5222929936305732,0.546583850931677,0.42870544090056284,0.47439613526570046,-0.048157983874652366,-0.009974716680365443,16,New York Giants,NFC,NFC East,https://a.espncdn.com/i/teamlogos/nfl/500/nyg.png,22,15,29,17,29,13,28,14,21,12,32,15,25,25,26,1.8263935659218293,4
2025,18,NO,00-0040743,Tyler Shough,-1.4919385009877821,0.4277505393740894,-1.0641879616136927,00-0040743,Tyler Shough,-1.503454974363586,9,-2.567642935977279,2.1237784306481458,-4.88665573084627,-3.804438239639913,-0.07680834117470942,-0.03690430680755852,-0.029993081031177767,0.027957956809628183,-0.15916852105684845,-0.11599075104254931,0.4658385093167702,0.4634146341463415,0.4276126558005753,0.424901185770751,-0.025367834494215504,-0.05340524616622811,16,New Orleans Saints,NFC,NFC South,https://a.espncdn.com/i/teamlogos/nfl/500/no.png,23,27,10,29,9,27,9,27,12,30,4,25,10,26,10,1.9769971406366365,4
2025,18,MIN,00-0039923,J.J. McCarthy,-1.8204677121666304,1.14562630524452,-0.6748414069221105,00-0040494,Max Brosmer,-2.0058396301789965,10,-2.680681037101107,2.1237784306481458,-4.053206103677843,-5.988477251837728,-0.1015873348125675,-0.0740892177855461,-0.12696450585476401,-0.06693907881909161,-0.0597552257747104,-0.08212561347263253,0.42771084337349397,0.46987951807228917,0.42872687704026113,0.41839762611275966,-0.008964054186868582,-0.07518501285665716,16,Minnesota Vikings,NFC,NFC North,https://a.espncdn.com/i/teamlogos/nfl/500/min.png,24,28,7,28,4,28,4,30,3,17,13,28,11,24,5,2.7373639069977083,4
2025,18,TEN,00-0040676,Cam Ward,-2.6292182238833544,-1.0330841923484053,-3.6623024162317597,00-0040676,Cam Ward,0.7511157580726574,17,-2.911186658159102,2.1237784306481458,-5.7849010495664,0.1658419645338054,-0.13680638195042985,0.09518879426716902,-0.14192653873857083,0.18060265113204924,-0.12707508980922633,-0.036472461781027164,0.38461538461538464,0.5149700598802395,0.38306451612903225,0.45158002038735984,-0.030337216652622234,0.030361973672491924,16,Tennessee Titans,AFC,AFC South,https://a.espncdn.com/i/teamlogos/nfl/500/ten.png,25,29,25,30,20,30,27,31,28,28,24,29,19,31,21,0.6143903890604867,-2
2025,18,ARI,00-0033119,Jacoby Brissett,-0.8666926372797761,-1.0438685785570905,-1.9105612158368666,00-0033119,Jacoby Brissett,-1.4098347145350774,65,-3.320395930371944,2.1237784306481458,0.32769759541455207,2.597087713567491,-0.014688174820619208,0.07768137939902975,0.04285356559552995,0.16025681935432073,-0.14648867503987215,-0.044498588112755706,0.4875,0.56875,0.43029739776951675,0.4835589941972921,0.03769497348308457,-0.012444352470624623,16,Arizona Cardinals,NFC,NFC West,https://a.espncdn.com/i/teamlogos/nfl/500/ari.png,26,23,26,26,28,25,26,21,26,29,20,18,30,23,31,-0.45200196609591314,-4
2025,18,MIA,00-0040234,Quinn Ewers,-0.3019527338846686,-0.4540247000729616,-0.7559774339576302,00-0040234,Quinn Ewers,-2.9005412463881215,3,-3.6565186803457514,2.1237784306481458,3.0534199842901213,2.098399732983556,-0.004175179086927131,0.07197429419818158,-0.004749848732594428,0.15772822525353103,-0.0033966420605346737,-0.054122003437393804,0.46875,0.5253164556962026,0.4203056768558952,0.47557328015952144,-0.051960280878687176,-0.02407563397127914,16,Miami Dolphins,AFC,AFC East,https://a.espncdn.com/i/teamlogos/nfl/500/mia.png,27,22,20,21,25,23,25,26,25,7,19,24,21,27,27,-0.10725436439724678,-3
2025,18,CAR,00-0039150,Bryce Young,-0.949066006178696,-1.0328707278822458,-1.9819367340609417,00-0039150,Bryce Young,-2.726886294905673,42,-4.708823028966615,2.1237784306481458,1.5916308814822597,0.9293045574739339,-0.026782107052186196,0.06287887016593506,-0.0034072937446732758,0.11307373481232465,-0.06046256465044989,-0.005347159450516785,0.47368421052631576,0.5379310344827586,0.43592330978809285,0.44135802469135804,-0.05637992541940264,-0.03957493121278467,16,Carolina Panthers,NFC,NFC South,https://a.espncdn.com/i/teamlogos/nfl/500/car.png,28,24,24,25,24,26,23,25,22,18,27,22,24,20,15,-0.7707883432836544,-3
2025,18,CLE,00-0040668,Shedeur Sanders,-3.9426568871259997,1.444291323119662,-2.498365564006338,00-0040668,Shedeur Sanders,-3.1029002666965346,7,-5.601265830702872,2.1237784306481458,-11.700022139960575,-6.805643126172989,-0.17972048403101845,-0.08394698154269357,-0.21076502031901614,-0.07617384234784241,-0.1258271690350545,-0.09431744085592117,0.3626373626373626,0.4444444444444444,0.35185185185185186,0.39522821576763484,-0.03404576456104454,-0.05282596090530407,16,Cleveland Browns,AFC,AFC North,https://a.espncdn.com/i/teamlogos/nfl/500/cle.png,29,31,6,32,3,32,3,32,2,27,11,31,6,32,2,0.3103262921003882,0
2025,18,WAS,00-0026300,Josh Johnson,0.4012113885118307,-3.0468854986478267,-2.645674110135996,00-0026300,Josh Johnson,-4.074080353918846,6,-6.719754464054842,2.1237784306481458,6.385832999183155,4.573125813322817,0.027440456191116052,0.16661848629507428,0.05666174116738955,0.268402411646706,-0.016884817643023485,0.026092481248790017,0.5369127516778524,0.577922077922078,0.4613003095975232,0.4815515610217597,-0.030370366382863424,-0.007886804049001654,16,Washington Commanders,NFC,NFC East,https://a.espncdn.com/i/teamlogos/nfl/500/was.png,30,16,32,11,30,16,32,18,32,10,28,13,31,9,29,-0.3871408221338344,2
2025,18,LV,00-0038102,Kenny Pickett,-4.203049719635477,-0.5464089090163129,-4.749458628651789,00-0030565,Geno Smith,-1.9888430303406435,27,-6.738301658992432,2.1237784306481458,-10.547260867440436,-0.7472313514470785,-0.17423389457296962,0.05888039322063651,-0.1128782855197217,0.16509974576027112,-0.28965913410439226,-0.0796768510921757,0.34355828220858897,0.5576923076923077,0.3915401301518438,0.4609450337512054,-0.010194310719703352,-0.009651119242826097,16,Las Vegas Raiders,AFC,AFC West,https://a.espncdn.com/i/teamlogos/nfl/500/lv.png,31,32,22,31,16,31,22,28,27,32,14,32,28,30,24,-0.5805412479977221,0
2025,18,NYJ,00-0040398,Brady Cook,-2.9820082622548236,-2.2556961878774597,-5.237704450132283,00-0028118,Tyrod Taylor,-2.3155699920039408,2,-7.553274442136225,2.1237784306481458,-3.6586797854635105,2.264950807211511,-0.1178227509764973,0.1342248373146435,-0.12616896070455907,0.2662724686374388,-0.10447318515491161,-0.0383845103561853,0.3727810650887574,0.514792899408284,0.4108761329305136,0.44703595724003886,-0.08321114869847293,-0.02456950498216419,16,New York Jets,AFC,AFC East,https://a.espncdn.com/i/teamlogos/nfl/500/nyj.png,32,30,30,27,26,29,29,29,31,26,23,30,18,29,16,-1.5242100820934157,-2
2025,19,NE,00-0039851,Drake Maye,2.260248773062578,1.0170866225680837,3.277335395630662,00-0039851,Drake Maye,2.571579703636527,32,5.848915099267189,2.253419424474311,13.113939451231047,-4.668673646351144,0.1570634279224753,-0.04104816876706059,0.30933958465598427,-0.017523992645098657,-0.08354768380935562,-0.07929786812380908,0.5843373493975904,0.4437869822485207,0.4835371589840075,0.44906033630069236,0.02557250414566617,-0.03510556228788059,17,New England Patriots,AFC,AFC East,https://a.espncdn.com/i/teamlogos/nfl/500/ne.png,1,2,10,1,6,1,11,1,10,24,15,2,7,4,18,1.1353579828472613,1
2025,19,LA,00-0026498,Matthew Stafford,3.8788844312368678,1.4414158020112424,5.32030023324811,00-0026498,Matthew Stafford,0.21480337518530562,173,5.535103608433416,2.253419424474311,9.569579694347489,-3.504281814437956,0.14910547887457898,-0.06722043162059438,0.23532507426294302,-0.04904218823298061,0.02122922504015135,-0.09760468975288887,0.6091954022988506,0.45714285714285713,0.5221719457013575,0.41921005385996407,0.03753041152730894,-0.04804022581149781,17,Los Angeles Rams,NFC,NFC West,https://a.espncdn.com/i/teamlogos/nfl/500/lar.png,2,1,7,5,10,2,7,3,8,4,12,1,9,1,7,-0.25944631218134173,-1
2025,19,JAX,00-0036971,Trevor Lawrence,1.037221279038583,1.7950829171835254,2.8323041962221085,00-0036971,Trevor Lawrence,0.916316693524875,80,3.7486208897469835,2.253419424474311,8.251863527420838,-3.930924869267948,0.03703848241929788,-0.07988706904542626,0.10732917053910003,-0.06735136853581773,-0.07239133885812138,-0.10819591824430198,0.5469613259668509,0.430939226519337,0.4444444444444444,0.42304147465437786,0.02144161385054167,0.021330577276423485,17,Jacksonville Jaguars,AFC,AFC South,https://a.espncdn.com/i/teamlogos/nfl/500/jax.png,3,9,4,7,9,14,5,10,4,19,7,8,5,16,9,0.48643328142064224,1
2025,19,SEA,00-0034869,Sam Darnold,1.2543256957525006,2.5440939603620403,3.798419656114541,00-0034869,Sam Darnold,-0.29687241138593345,95,3.5015472447286076,2.253419424474311,3.0395257615509546,-7.8822104847036,0.039384321658135456,-0.11114464905871815,0.14206964054575458,-0.06147441232788141,-0.07584910137053694,-0.2074628594388857,0.5248618784530387,0.41621621621621624,0.4673704414587332,0.4014401440144014,-0.059995489531948464,0.0028162318041145508,17,Seattle Seahawks,NFC,NFC West,https://a.espncdn.com/i/teamlogos/nfl/500/sea.png,4,7,2,20,1,12,1,8,5,21,1,13,3,7,3,0.04588622159621503,-1
2025,19,BUF,00-0034857,Josh Allen,0.9853723685163462,0.4586848830946953,1.4440572516110415,00-0033869,Mitchell Trubisky,1.7653371412371037,139,3.209394392848145,2.253419424474311,12.927565119943928,-0.364744957560522,0.13989357307507153,-0.00848548974310989,0.21900240936408277,-0.04993633805258229,0.03860164042460559,0.04671635597690346,0.5595238095238095,0.46511627906976744,0.48553345388788427,0.42988741044012285,-0.029557866156177524,-0.06847222491036278,17,Buffalo Bills,AFC,AFC East,https://a.espncdn.com/i/teamlogos/nfl/500/buf.png,5,10,13,2,18,3,12,4,7,2,31,5,11,2,12,2.5792293480327095,7
2025,19,DET,00-0033106,Jared Goff,1.354340277081393,0.08772533789515513,1.4420656149765483,00-0033106,Jared Goff,1.7479513311408112,160,3.1900169461173595,2.253419424474311,5.019450710187045,-1.6209615926588554,0.07209271676711108,0.010946769831724615,0.16672463413823269,0.03876118628452834,-0.06834277704848034,-0.03644844228312751,0.554945054945055,0.48066298342541436,0.45036764705882354,0.4250229990800368,-0.04452004051927545,0.004651194931860945,17,Detroit Lions,NFC,NFC North,https://a.espncdn.com/i/teamlogos/nfl/500/det.png,6,5,16,14,14,9,15,7,14,16,24,6,13,12,10,0.05765959497622308,-1
2025,19,HOU,00-0039163,C.J. Stroud,-0.7946829099230204,2.721806473612432,1.9271235636894115,00-0039163,C.J. Stroud,0.8766339020290611,51,2.8037574657184727,2.253419424474311,2.3143216312201718,-7.423965296170892,-0.011560561916486045,-0.10864571140380423,0.07818728443831736,-0.09719652511383366,-0.15099025178912706,-0.129217013599605,0.4946236559139785,0.37158469945355194,0.4160839160839161,0.3953488372093023,-0.004752820561044826,-0.023748922685101495,17,Houston Texans,AFC,AFC South,https://a.espncdn.com/i/teamlogos/nfl/500/hou.png,7,24,1,21,2,22,2,17,1,30,3,18,1,28,2,0.455289151392293,1
2025,19,BAL,00-0034796,Lamar Jackson,0.4815637471551746,-0.29059428313339375,0.19096946402178083,00-0034796,Lamar Jackson,2.1931179814617012,115,2.384087445483482,2.253419424474311,5.962675225276077,-0.9619486664502197,0.036961257236092025,0.022534554725846874,0.03588718859862204,0.09627207776600766,0.03820307628982629,-0.11475679252028367,0.5116279069767442,0.5549132947976878,0.44567404426559354,0.44146559428060766,-0.0780104723424683,0.013621461211481193,17,Baltimore Ravens,AFC,AFC North,https://a.espncdn.com/i/teamlogos/nfl/500/bal.png,8,14,19,11,15,15,18,22,21,3,6,15,28,14,15,-0.21882209523605,-1
2025,19,PHI,00-0036389,Jalen Hurts,-0.13165925546964274,1.2071949656134087,1.075535710143766,00-0038400,Tanner McKee,1.1625699416808408,93,2.2381056518246067,2.253419424474311,4.0137514611461205,-3.0360574278451757,0.033347504777163986,-0.050075322740740426,0.08838695761570904,-0.01635974841011318,-0.0442197241069251,-0.10110636171628257,0.4540229885057471,0.4942528735632184,0.43243243243243246,0.42574257425742573,-0.02023533945267267,-0.03910071145595463,17,Philadelphia Eagles,NFC,NFC East,https://a.espncdn.com/i/teamlogos/nfl/500/phi.png,9,20,8,17,11,17,9,15,11,13,10,26,16,22,11,4.193840599858741,11
2025,19,CHI,00-0039918,Caleb Williams,1.3675912947424447,-0.2825763465266117,1.085014948215833,00-0039918,Caleb Williams,1.0405116756926769,36,2.12552662390851,2.253419424474311,6.176255443479817,2.636500214488786,0.07564641065644755,0.0357845813739764,0.11901750810347259,0.08952031833708807,0.011298442548769883,-0.04221890776602438,0.5738636363636364,0.5254237288135594,0.4570175438596491,0.4718045112781955,-0.03247877805251243,-0.03977718465768826,17,Chicago Bears,NFC,NFC North,https://a.espncdn.com/i/teamlogos/nfl/500/chi.png,10,4,18,10,26,8,21,9,19,5,19,3,21,11,25,-0.7705875871547057,-4
2025,19,LAC,00-0036355,Justin Herbert,0.20119093860010917,1.8267440450970671,2.0279349836971763,00-0037012,Trey Lance,-0.11598514790772795,98,1.9119498357894484,2.253419424474311,1.7550425300859374,-4.653711614368891,-0.015059632825299,-0.07585529917627104,0.02099114747261571,-0.05062401761657003,-0.07729742060353915,-0.11746361309398376,0.5116279069767442,0.4444444444444444,0.436056838365897,0.4163346613545817,0.008307816353508777,0.003890489248760781,17,Los Angeles Chargers,AFC,AFC West,https://a.espncdn.com/i/teamlogos/nfl/500/lac.png,11,18,3,23,7,23,6,23,6,23,4,15,8,19,5,2.9007495729550143,6
2025,19,DAL,00-0033077,Dak Prescott,1.717791934969359,-2.520049001852952,-0.8022570668835933,00-0033077,Dak Prescott,2.286888272768493,145,1.4846312058848996,2.253419424474311,11.327932467942674,5.8457407977082525,0.1110295010316665,0.16233291205428027,0.18020185841985142,0.24042429046961952,-0.007528702212734127,0.031085273578994765,0.5433526011560693,0.5988023952095808,0.4730077120822622,0.4866112650046168,-0.0011547522641102471,0.014367879263932992,17,Dallas Cowboys,NFC,NFC East,https://a.espncdn.com/i/teamlogos/nfl/500/dal.png,12,3,30,3,32,5,32,5,31,8,29,10,32,6,31,-0.20238002244075481,-3
2025,19,PIT,00-0023459,Aaron Rodgers,0.35930023448451287,0.20117851973384004,0.5604787542183529,00-0023459,Aaron Rodgers,0.6739595433576538,164,1.2344382975760069,2.253419424474311,3.0806663832804175,-0.4845322827968116,0.027679567667934453,0.02273860307676107,0.04571995079209738,0.05864357397442146,-0.0014447526456242037,-0.03911664299574865,0.47619047619047616,0.48554913294797686,0.4414945919370698,0.43690165361183636,-0.0012387524602533392,-0.02107411946429813,17,Pittsburgh Steelers,AFC,AFC North,https://a.espncdn.com/i/teamlogos/nfl/500/pit.png,13,15,14,19,17,18,19,19,16,7,22,21,14,17,13,-0.0533452801822174,-3
2025,19,GB,00-0036264,Jordan Love,1.247285899228343,-0.7368223348915863,0.5104635643367568,00-0038582,Clayton Tune,0.1737381902182054,52,0.6842017545549621,2.253419424474311,10.404225751493641,-0.14969793541182022,0.12411726169932928,0.042583140384005784,0.2761276429431945,0.11688876885113389,-0.07571661027294299,-0.06335916395886461,0.5448717948717948,0.5225806451612903,0.4815533980582524,0.45184518451845185,-0.03480339325295561,-0.06098238459614144,17,Green Bay Packers,NFC,NFC North,https://a.espncdn.com/i/teamlogos/nfl/500/gb.png,14,8,22,4,20,4,22,2,23,20,18,9,19,5,20,3.1515905092018244,7
2025,19,DEN,00-0039732,Bo Nix,-0.5028518905887402,1.15371348420352,0.6508615936147797,00-0039732,Bo Nix,-0.09444677223318226,36,0.5564148213815974,2.253419424474311,3.6251265064002687,-5.359666432156878,0.03736567001114417,-0.0600237430999631,0.10053706274928335,-0.037393244709893705,-0.07149765242594035,-0.10534557455319346,0.441340782122905,0.39572192513368987,0.4376114081996435,0.37690241718889883,0.019917243495469625,0.014232110634316536,17,Denver Broncos,AFC,AFC West,https://a.espncdn.com/i/teamlogos/nfl/500/den.png,15,22,9,18,5,13,8,11,9,18,8,27,2,18,1,0.040531113248371,-2
2025,19,CIN,00-0036442,Joe Burrow,0.0732017814508108,-1.3541383494208632,-1.2809365679700524,00-0036442,Joe Burrow,1.7822164340572735,84,0.5012798660872211,2.253419424474311,4.825037711081568,4.921106395858128,0.011283475769315734,0.12384033290258227,0.01239399503801724,0.18293691867916312,0.009110330246196343,0.03662851232236249,0.5057471264367817,0.514792899408284,0.4639927073837739,0.4766791044776119,0.020003131326959724,-0.011598952506507457,17,Cincinnati Bengals,AFC,AFC North,https://a.espncdn.com/i/teamlogos/nfl/500/cin.png,16,19,27,15,31,19,29,24,28,6,30,17,17,10,27,-0.19910936535824963,-5
2025,19,ATL,00-0029604,Kirk Cousins,0.25890880693523677,-0.3810321031091013,-0.12212329617386453,00-0029604,Kirk Cousins,0.5950139748108673,162,0.47289067863700274,2.253419424474311,1.1907182529286047,0.07153513525266572,-0.007608182586020872,0.009417765852698748,0.03964091618684068,0.033268672350300996,-0.0707092517264009,-0.027640301485865496,0.4742857142857143,0.5406976744186046,0.4448563484708063,0.45288197621225984,-0.0574742454108,-0.02155082618627049,17,Atlanta Falcons,NFC,NFC South,https://a.espncdn.com/i/teamlogos/nfl/500/atl.png,17,17,20,25,21,21,14,21,13,17,26,22,27,15,21,0.22037494857457474,-3
2025,19,IND,00-0040206,Riley Leonard,1.302572438806063,0.0728563304012988,1.375428769207362,00-0040206,Riley Leonard,-2.163171625406574,1,-0.7877428561992119,2.253419424474311,8.455601615782586,-0.2157882504286448,0.0802752087473143,0.016011990494981733,0.09749835731478972,0.08193013080325598,0.054030410930208904,-0.10114034603352504,0.5476190476190477,0.5672514619883041,0.4650943396226415,0.45858761987794244,-0.004133728861198493,0.01013357423422054,17,Indianapolis Colts,AFC,AFC South,https://a.espncdn.com/i/teamlogos/nfl/500/ind.png,18,6,17,6,19,7,17,13,18,1,9,7,29,8,24,0.26579161390996897,0
2025,19,SF,00-0037834,Brock Purdy,0.872725120640343,-1.2145696053058628,-0.34184448466551975,00-0037834,Brock Purdy,-0.5156820214861586,53,-0.8575265061516784,2.253419424474311,6.66569200288675,0.29341790296695364,0.08987603415071818,0.06613109877609687,0.17262709991597824,0.14878724711335417,-0.032849587085796196,-0.07101231152477533,0.5696969696969697,0.5398773006134969,0.48454545454545456,0.48175865294667913,-0.0031248722431347453,-0.00860079104145043,17,San Francisco 49ers,NFC,NFC West,https://a.espncdn.com/i/teamlogos/nfl/500/sf.png,19,11,24,8,22,6,24,6,25,10,17,4,26,3,29,-0.8641360969477865,-4
2025,19,TB,00-0034855,Baker Mayfield,-0.9733551639897335,0.19083698229175478,-0.7825181816979787,00-0034855,Baker Mayfield,-0.10639307350671176,125,-0.8889112552046905,2.253419424474311,4.4230644703120054,-0.5400538816236998,0.002466227496573943,0.012842112191223843,0.061388686617351355,0.08111352938705066,-0.09121233654337171,-0.1167774235552192,0.4885057471264368,0.4941860465116279,0.4314946619217082,0.4499514091350826,-0.027378096906731764,0.017154186056444764,17,Tampa Bay Buccaneers,NFC,NFC South,https://a.espncdn.com/i/teamlogos/nfl/500/tb.png,20,26,15,16,16,20,16,18,17,25,5,20,15,23,19,-0.05664026454616611,-4
2025,19,NYG,00-0040691,Jaxson Dart,0.6552802882206175,-1.6525615911290865,-0.9972813029084691,00-0040691,Jaxson Dart,-0.821315833694177,12,-1.818597136602646,2.253419424474311,5.119845793178061,3.1240918569873113,0.04433112949559466,0.09954865934550979,0.10048850692151025,0.09239269252883674,-0.037308412740790185,0.11099137478028531,0.5389221556886228,0.5380116959064327,0.4303242769500438,0.472910927456382,-0.04358125606826164,-0.016695960188125865,17,New York Giants,NFC,NFC East,https://a.espncdn.com/i/teamlogos/nfl/500/nyg.png,21,12,29,12,29,10,27,12,20,11,32,11,23,24,26,0.7212191065929967,1
2025,19,MIN,00-0039923,J.J. McCarthy,-1.2425557363180255,1.5244217265821596,0.28186599026413406,00-0039923,J.J. McCarthy,-2.150960770659044,10,-1.86909478039491,2.253419424474311,-3.9603584243881103,-6.594505573719997,-0.093681674938637,-0.0854885069464657,-0.11361437557446899,-0.08607478389400486,-0.061620611482060675,-0.0848502960173532,0.4342857142857143,0.45714285714285713,0.4330628803245436,0.41658812441093307,-0.008360999136219748,-0.0894177847769072,17,Minnesota Vikings,NFC,NFC North,https://a.espncdn.com/i/teamlogos/nfl/500/min.png,22,27,6,27,3,28,3,28,3,15,14,28,9,21,6,0.8115862567061969,2
2025,19,NO,00-0040743,Tyler Shough,-1.2470608971714672,0.7929437127335545,-0.4541171844379127,00-0040743,Tyler Shough,-1.4346135181495714,9,-1.888730702587484,2.253419424474311,-5.5903833064747825,-4.445189573669597,-0.07858424278750627,-0.04845474071971773,-0.03578027205689485,0.018186538390472403,-0.15437182188659382,-0.1309563660064458,0.46511627906976744,0.4685714285714286,0.4239423942394239,0.4197761194029851,-0.02614663912416403,-0.05297212309670341,17,New Orleans Saints,NFC,NFC South,https://a.espncdn.com/i/teamlogos/nfl/500/no.png,23,28,12,29,8,27,10,27,12,31,2,25,12,26,8,0.678912233389795,0
2025,19,KC,00-0037324,Chris Oladokun,0.567315400951605,0.865751800737611,1.433067201689216,00-0037324,Chris Oladokun,-4.170333953429747,2,-2.737266751740531,2.253419424474311,5.108649230273581,-2.76733915735967,0.043005321909103715,-0.00652639872975095,0.09373892046707764,0.05543220868216368,-0.059579971042832525,-0.10022360650708263,0.524390243902439,0.4294478527607362,0.4457611668185962,0.44097560975609756,0.04532420205787571,0.0037457040780167427,17,Kansas City Chiefs,AFC,AFC West,https://a.espncdn.com/i/teamlogos/nfl/500/kc.png,24,13,11,13,12,11,13,14,15,14,11,14,4,13,14,-0.902436985443698,-5
2025,19,ARI,00-0033119,Jacoby Brissett,-0.6819417709412612,-1.4187641729540479,-2.100705943895309,00-0033119,Jacoby Brissett,-1.3052961205929454,65,-3.4060020644882547,2.253419424474311,0.5737614805801398,3.0495479292501635,-0.015279776619122522,0.08684130342205912,0.040504936737112904,0.1736698586022891,-0.14468068062141642,-0.0419381267328887,0.4911242603550296,0.5798816568047337,0.4293286219081272,0.48687782805429863,0.03949037649219678,-0.009882223859711145,17,Arizona Cardinals,NFC,NFC West,https://a.espncdn.com/i/teamlogos/nfl/500/ari.png,25,23,28,26,28,24,26,20,27,29,21,19,31,25,32,-0.0856061341163108,1
2025,19,TEN,00-0040676,Cam Ward,-2.477528668475416,-1.3402694645862336,-3.8177981330616495,00-0040676,Cam Ward,0.00619984275249948,17,-3.81159829030915,2.253419424474311,-6.3875066574038275,0.8905964115027685,-0.14842680811935152,0.10385631037224925,-0.1650476660709369,0.19709230216066936,-0.1167548399116083,-0.042098303933573826,0.37988826815642457,0.52,0.37858508604206503,0.45332050048123196,-0.03214448029046627,0.03583927607466502,17,Tennessee Titans,AFC,AFC South,https://a.espncdn.com/i/teamlogos/nfl/500/ten.png,26,29,26,30,24,30,28,31,29,28,20,29,18,31,22,-0.9004116321500479,-1
2025,19,CAR,00-0039150,Bryce Young,-0.9005990815387461,-0.7478320944678237,-1.6484311760065697,00-0039150,Bryce Young,-2.792298021189244,42,-4.440729197195814,2.253419424474311,1.3044625758580473,0.7729842720940243,-0.027194003297307076,0.0600042188745006,0.005875088120890523,0.12476260704509873,-0.07620571158060233,-0.024757315864348935,0.4720496894409938,0.538961038961039,0.4355769230769231,0.44177093358999037,-0.05072084639688955,-0.04616915665221573,17,Carolina Panthers,NFC,NFC South,https://a.espncdn.com/i/teamlogos/nfl/500/car.png,27,25,23,24,23,26,23,25,24,22,27,23,25,20,16,0.26809383177080104,1
2025,19,CLE,00-0040668,Shedeur Sanders,-3.5076935295258833,1.6181041356879322,-1.889589393837951,00-0040668,Shedeur Sanders,-3.2300450011859168,7,-5.119634395023867,2.253419424474311,-11.26708027840236,-6.567015641053263,-0.17710012590952545,-0.08509470451526646,-0.21382580124723002,-0.0905936809850941,-0.11410217904560399,-0.0776371884808427,0.35602094240837695,0.4421052631578947,0.3515769944341373,0.40794573643410853,-0.033107150466413576,-0.05056916270604474,17,Cleveland Browns,AFC,AFC North,https://a.espncdn.com/i/teamlogos/nfl/500/cle.png,28,31,5,31,4,31,4,32,2,27,16,31,6,32,4,0.481631435679005,1
2025,19,MIA,00-0040234,Quinn Ewers,-0.2957994041876244,-1.282666478825234,-1.5784658830128584,00-0040234,Quinn Ewers,-3.8309054147215,3,-5.409371297734358,2.253419424474311,2.074366142077511,2.4494436540376103,-0.022045962388598603,0.08552511618891641,-0.017332058815305203,0.17102995615815478,-0.02839948459608102,-0.03828905161873355,0.4678362573099415,0.5235294117647059,0.4207818930041152,0.4830188679245283,-0.05017481349704612,-0.02205681791083216,17,Miami Dolphins,AFC,AFC East,https://a.espncdn.com/i/teamlogos/nfl/500/mia.png,29,21,25,22,25,25,25,26,26,9,23,24,20,27,30,-1.7528526173886068,-2
2025,19,LV,00-0038102,Kenny Pickett,-4.360201996758475,-0.44487740340820314,-4.805079400166678,00-0038102,Kenny Pickett,-2.0915757330984692,27,-6.896655133265147,2.253419424474311,-11.564778156349863,-1.9443230439380277,-0.19231063582487057,0.027782374695241835,-0.12938204133413392,0.11449652487435842,-0.30597653014716986,-0.08777525340362329,0.3352272727272727,0.5380116959064327,0.38578680203045684,0.4477747502270663,-0.016820826193693263,-0.011694679848681997,17,Las Vegas Raiders,AFC,AFC West,https://a.espncdn.com/i/teamlogos/nfl/500/lv.png,30,32,21,32,13,32,20,29,22,32,13,32,23,30,17,-0.1583534742727153,1
2025,19,WAS,00-0026300,Josh Johnson,0.26070260927195044,-3.1666066344615262,-2.905904025189576,00-0026300,Josh Johnson,-4.037977809292453,6,-6.9438818344820294,2.253419424474311,6.592603073142903,3.916597486739774,0.03388608931948894,0.15216186513408275,0.08444617904347164,0.23886093417186327,-0.040566357839693215,0.028493712545560317,0.5283018867924528,0.5792682926829268,0.4642857142857143,0.4790365744870651,-0.033410806832204584,-0.003129549165184552,17,Washington Commanders,NFC,NFC East,https://a.espncdn.com/i/teamlogos/nfl/500/was.png,31,16,32,9,30,16,31,16,30,12,28,12,30,9,28,-0.22412737042718778,-1
2025,19,NYJ,00-0040398,Brady Cook,-3.0198930152568124,-2.6862818357367946,-5.706174850993607,00-0040398,Brady Cook,-3.2770388944429616,2,-8.983213745436569,2.253419424474311,-4.398948520332996,2.866650538934478,-0.12405862431779306,0.14693453141380872,-0.13100578983638742,0.2899798837635952,-0.11312199741228311,-0.034452874143136955,0.3672316384180791,0.5280898876404494,0.4076923076923077,0.4572727272727273,-0.0888693532410398,-0.02575184101883228,17,New York Jets,AFC,AFC East,https://a.espncdn.com/i/teamlogos/nfl/500/nyj.png,32,30,31,28,27,29,30,30,32,26,25,30,22,29,23,-1.429939303300344,0
2025,20,LA,00-0026498,Matthew Stafford,3.924025985139431,1.4990187867806677,5.4230447719200985,00-0026498,Matthew Stafford,0.2915349083153327,173,5.714579680235431,2.2104698383285624,9.992820095434837,-3.2409518597233657,0.1463267869834925,-0.064029099648505,0.22816613351492346,-0.04494373295422695,0.024431051432458183,-0.09659678960387862,0.6042780748663101,0.45454545454545453,0.5194915254237288,0.4211864406779661,0.03417224990978302,-0.041061969243613335,18,Los Angeles Rams,NFC,NFC West,https://a.espncdn.com/i/teamlogos/nfl/500/lar.png,1,1,7,5,10,2,6,3,7,4,11,1,9,1,8,0.1794760718020152,1
2025,20,NE,00-0039851,Drake Maye,2.1880511583358215,1.1843491075904886,3.37240026592631,00-0039851,Drake Maye,2.1225982967588006,32,5.494998562685111,2.2104698383285624,12.531265036800665,-4.7502326418792995,0.14767427763308963,-0.05073504199938652,0.2936246151900685,-0.02973239559930511,-0.08523954050056487,-0.08596698133552311,0.5795454545454546,0.43820224719101125,0.48131672597864766,0.4481792717086835,0.02947848790108333,-0.030250982944685628,18,New England Patriots,AFC,AFC East,https://a.espncdn.com/i/teamlogos/nfl/500/ne.png,2,2,8,2,6,1,9,1,10,24,14,3,5,4,19,-0.3539165365820782,-1
2025,20,BUF,00-0034857,Josh Allen,1.2570035870968566,0.6434486492089263,1.900452236305783,00-0034857,Josh Allen,1.7971904528492915,139,3.6976426891550744,2.2104698383285624,12.815545844065023,-0.004790416685681957,0.14429308894813722,-0.005159742297329352,0.22029101456372796,-0.04346845251478097,0.04536087808760491,0.04638288599524192,0.5625,0.46703296703296704,0.48500428449014565,0.43507751937984496,-0.026478521096268175,-0.063620370812839,18,Buffalo Bills,AFC,AFC East,https://a.espncdn.com/i/teamlogos/nfl/500/buf.png,3,8,13,1,21,3,13,4,8,2,31,4,11,3,12,0.48824829630692923,2
2025,20,HOU,00-0039163,C.J. Stroud,-0.6614999652136806,3.242071293755861,2.5805713285421805,00-0039163,C.J. Stroud,1.0573809753897117,51,3.6379523039318924,2.2104698383285624,2.1046899305833957,-7.892272404908553,-0.0074050648782267425,-0.13028998287099203,0.07504066619681672,-0.1269071326127122,-0.13270200753073563,-0.13642631589763918,0.49743589743589745,0.36082474226804123,0.41996699669966997,0.39026629935720847,-0.008112427349726802,-0.023739836699312837,18,Houston Texans,AFC,AFC South,https://a.espncdn.com/i/teamlogos/nfl/500/hou.png,4,23,1,20,1,21,1,17,1,29,2,18,1,28,2,0.8341948382134197,3
2025,20,SEA,00-0034869,Sam Darnold,1.2427271763802823,2.622248754939232,3.8649759313195142,00-0034869,Sam Darnold,-0.25491655694651266,95,3.6100593743730016,2.2104698383285624,3.0395257615509546,-7.8822104847036,0.039384321658135456,-0.11114464905871814,0.14206964054575458,-0.06147441232788141,-0.07584910137053694,-0.2074628594388857,0.5248618784530387,0.41621621621621624,0.4673704414587332,0.4014401440144014,-0.059995489531948464,0.0028162318041145508,17,Seattle Seahawks,NFC,NFC West,https://a.espncdn.com/i/teamlogos/nfl/500/sea.png,5,9,2,19,2,12,2,8,4,20,1,13,3,7,3,0.10851212964439405,-1
2025,20,JAX,00-0036971,Trevor Lawrence,1.0622329714590597,1.6171679332525932,2.679400904711653,00-0036971,Trevor Lawrence,0.8698303559102805,80,3.5492312606219336,2.2104698383285624,8.314566410613756,-3.6940325712915887,0.037825222160919145,-0.0637083132049219,0.10521785057562462,-0.052157592594146526,-0.06728388809976033,-0.08944527096019884,0.5445026178010471,0.43915343915343913,0.4483050847457627,0.4258289703315881,0.021298254683570786,0.021582786590077226,18,Jacksonville Jaguars,AFC,AFC South,https://a.espncdn.com/i/teamlogos/nfl/500/jax.png,6,10,5,7,9,13,7,10,5,16,12,9,6,13,10,-0.19938962912504987,-3
2025,20,DET,00-0033106,Jared Goff,1.3757581089627218,0.03883881603094064,1.4145969249936625,00-0033106,Jared Goff,1.7378691428876878,160,3.1524660678813503,2.2104698383285624,5.019450710187045,-1.6209615926588554,0.07209271676711108,0.010946769831724615,0.16672463413823269,0.03876118628452834,-0.06834277704848034,-0.03644844228312751,0.554945054945055,0.48066298342541436,0.45036764705882354,0.4250229990800368,-0.04452004051927545,0.004651194931860945,17,Detroit Lions,NFC,NFC North,https://a.espncdn.com/i/teamlogos/nfl/500/det.png,7,6,17,14,14,9,15,7,14,17,23,6,13,12,9,-0.03755087823600922,-1
2025,20,BAL,00-0034796,Lamar Jackson,0.503566676309922,-0.29743685733813596,0.20612981897178606,00-0034796,Lamar Jackson,2.225515986402573,115,2.4316458053743593,2.2104698383285624,5.962675225276077,-0.9619486664502197,0.036961257236092025,0.022534554725846874,0.03588718859862204,0.09627207776600766,0.03820307628982629,-0.11475679252028367,0.5116279069767442,0.5549132947976878,0.44567404426559354,0.44146559428060766,-0.0780104723424683,0.013621461211481193,17,Baltimore Ravens,AFC,AFC North,https://a.espncdn.com/i/teamlogos/nfl/500/bal.png,8,14,18,11,15,15,18,21,20,3,6,15,28,15,15,0.04755835989087709,0
2025,20,PHI,00-0036389,Jalen Hurts,-0.1614501749043864,1.0164017839040107,0.8549516089996243,00-0036389,Jalen Hurts,1.1326510203005957,93,1.98760262930022,2.2104698383285624,3.4544810257109817,-2.553729595093983,0.027745621323623872,-0.042174619193920695,0.07823906744510414,-0.00426638862160929,-0.04218508685322193,-0.10022930636106137,0.45652173913043476,0.4891304347826087,0.43192064923354373,0.4301628106255356,-0.02540560583663843,-0.03322773276999205,18,Philadelphia Eagles,NFC,NFC East,https://a.espncdn.com/i/teamlogos/nfl/500/phi.png,9,20,10,18,12,17,11,16,11,13,9,26,15,22,11,-0.2505030225243867,0
2025,20,CHI,00-0039918,Caleb Williams,1.4288662981846327,-0.6320562606579242,0.7968100375267085,00-0039918,Caleb Williams,1.1235863925855611,36,1.9203964301122696,2.2104698383285624,6.2794950348801715,2.7297884542083866,0.07753331094607627,0.0461481146225663,0.12531564395721026,0.11039284936546262,0.0048210650595680166,-0.049164642829695675,0.5806451612903226,0.5319148936170213,0.4523809523809524,0.46960352422907486,-0.03301572728798701,-0.03315704257396017,18,Chicago Bears,NFC,NFC North,https://a.espncdn.com/i/teamlogos/nfl/500/chi.png,10,5,21,10,26,8,21,9,21,6,19,2,21,11,25,-0.20513019379624042,0
2025,20,LAC,00-0036355,Justin Herbert,0.01870983894128031,1.8060944003165411,1.8248042392578214,00-0036355,Justin Herbert,-0.24361015106206527,98,1.5811940881957562,2.2104698383285624,0.8977996833018556,-4.1811575303374156,-0.025121988127429502,-0.07242371473706538,0.007897453953394503,-0.04530146093994692,-0.08360034583131874,-0.11751446167477479,0.5027624309392266,0.44751381215469616,0.43591905564924116,0.41784037558685444,0.010750541327737664,0.009001029387339349,18,Los Angeles Chargers,AFC,AFC West,https://a.espncdn.com/i/teamlogos/nfl/500/lac.png,11,18,3,25,8,25,5,23,6,23,4,17,8,19,6,-0.3307557475936922,0
2025,20,DAL,00-0033077,Dak Prescott,1.6999365892197504,-2.619768787567017,-0.9198321983472666,00-0033077,Dak Prescott,2.3139150452584203,145,1.3940828469111537,2.2104698383285624,11.327932467942674,5.8457407977082525,0.1110295010316665,0.16233291205428027,0.18020185841985142,0.24042429046961952,-0.007528702212734127,0.031085273578994765,0.5433526011560693,0.5988023952095808,0.4730077120822622,0.4866112650046168,-0.0011547522641102471,0.014367879263932992,17,Dallas Cowboys,NFC,NFC East,https://a.espncdn.com/i/teamlogos/nfl/500/dal.png,12,3,30,3,32,5,32,5,31,7,29,10,32,6,31,-0.09054835897374591,0
2025,20,PIT,00-0023459,Aaron Rodgers,-0.1171752047717014,0.3424234732283501,0.2252482684566487,00-0023459,Aaron Rodgers,0.6266054512879756,164,0.8518537197446243,2.2104698383285624,1.3417835208247024,-0.18833814907839513,-0.001502138602881774,0.02496055804046647,0.006093880290532109,0.056522644750929836,-0.013950651138279953,-0.027897266296617245,0.4581005586592179,0.489010989010989,0.4338919925512104,0.4396055875102712,-0.0024802314869562456,-0.023526987425021587,18,Pittsburgh Steelers,AFC,AFC North,https://a.espncdn.com/i/teamlogos/nfl/500/pit.png,13,19,14,23,18,20,19,25,16,8,25,25,14,20,13,-0.38258457783138256,0
2025,20,GB,00-0036264,Jordan Love,1.4866425335424394,-0.860954459904392,0.6256880736380473,00-0036264,Jordan Love,0.17980043528976508,52,0.8054885089278124,2.2104698383285624,10.684633929491623,-0.06820666763401032,0.1291045368437884,0.04668505765399588,0.2843336847380521,0.12359892694466071,-0.08085283626960678,-0.06613258879517431,0.5508982035928144,0.5333333333333333,0.4786557674841054,0.447434819175778,-0.028459572913934885,-0.05993580013474774,18,Green Bay Packers,NFC,NFC North,https://a.espncdn.com/i/teamlogos/nfl/500/gb.png,14,4,23,4,20,4,22,2,23,22,18,7,22,5,17,0.1212867543728503,0
2025,20,DEN,00-0039732,Bo Nix,-0.5222491279029358,1.1634017617576595,0.6411526338547238,00-0039732,Bo Nix,-0.0760574920221559,36,0.5650951418325678,2.2104698383285624,3.6251265064002682,-5.359666432156878,0.03736567001114417,-0.0600237430999631,0.10053706274928335,-0.037393244709893705,-0.07149765242594035,-0.10534557455319346,0.441340782122905,0.39572192513368987,0.4376114081996435,0.37690241718889883,0.01991724349546963,0.014232110634316534,17,Denver Broncos,AFC,AFC West,https://a.espncdn.com/i/teamlogos/nfl/500/den.png,15,22,9,17,5,14,8,11,9,19,7,27,2,17,1,0.008680320450970447,0
2025,20,CIN,00-0036442,Joe Burrow,0.07559717903029295,-1.4673724742834882,-1.3917752952531952,00-0036442,Joe Burrow,1.8482982856453225,84,0.4565229903921273,2.2104698383285624,4.825037711081568,4.921106395858128,0.011283475769315734,0.12384033290258227,0.01239399503801724,0.18293691867916312,0.009110330246196343,0.03662851232236249,0.5057471264367817,0.514792899408284,0.4639927073837739,0.4766791044776119,0.020003131326959724,-0.011598952506507457,17,Cincinnati Bengals,AFC,AFC North,https://a.espncdn.com/i/teamlogos/nfl/500/cin.png,16,17,28,15,31,18,29,22,28,5,30,16,17,10,27,-0.04475687569509379,0
2025,20,ATL,00-0029604,Kirk Cousins,0.26549801141203044,-0.3938941294118639,-0.12839611799983347,00-0029604,Kirk Cousins,0.5709277639086312,162,0.44253164590879773,2.2104698383285624,1.1907182529286047,0.07153513525266572,-0.007608182586020872,0.009417765852698748,0.03964091618684068,0.033268672350300996,-0.0707092517264009,-0.027640301485865496,0.4742857142857143,0.5406976744186046,0.4448563484708063,0.45288197621225984,-0.0574742454108,-0.02155082618627049,17,Atlanta Falcons,NFC,NFC South,https://a.espncdn.com/i/teamlogos/nfl/500/atl.png,17,16,19,24,22,22,14,20,13,18,26,21,27,16,21,-0.030359032728205004,0
2025,20,SF,00-0037834,Brock Purdy,0.898145259646653,-0.9581117067014115,-0.05996644705475851,00-0037834,Brock Purdy,-0.5065396918665455,53,-0.566506138921304,2.2104698383285624,6.533000616781298,-0.14508689614402867,0.09107226689571553,0.058595467329601164,0.17485389908401625,0.13626178289948174,-0.03478152691095263,-0.06670144909320386,0.56,0.5375722543352601,0.486159169550173,0.47810858143607704,7.494487087822811e-4,-0.014417421226039642,18,San Francisco 49ers,NFC,NFC West,https://a.espncdn.com/i/teamlogos/nfl/500/sf.png,18,11,24,9,19,6,23,6,25,10,17,5,23,2,28,0.2910203672303744,1
2025,20,IND,00-0040206,Riley Leonard,1.3134747573528687,0.06663019546070525,1.380104952813574,00-0040206,Riley Leonard,-2.1486121758992813,1,-0.7685072230857073,2.2104698383285624,8.455601615782586,-0.2157882504286448,0.0802752087473143,0.016011990494981733,0.09749835731478972,0.08193013080325598,0.054030410930208904,-0.10114034603352504,0.5476190476190477,0.5672514619883041,0.4650943396226415,0.45858761987794244,-0.004133728861198493,0.01013357423422054,17,Indianapolis Colts,AFC,AFC South,https://a.espncdn.com/i/teamlogos/nfl/500/ind.png,19,7,16,6,17,7,17,13,18,1,8,8,29,8,24,0.019235633113504624,-1
2025,20,TB,00-0034855,Baker Mayfield,-0.9153646464143845,0.1728883840673311,-0.7424762623470534,00-0034855,Baker Mayfield,-0.07891634440969086,125,-0.8213926067567443,2.2104698383285624,4.4230644703120054,-0.5400538816236998,0.002466227496573943,0.012842112191223843,0.061388686617351355,0.08111352938705066,-0.09121233654337171,-0.1167774235552192,0.4885057471264368,0.4941860465116279,0.4314946619217082,0.4499514091350826,-0.027378096906731764,0.017154186056444764,17,Tampa Bay Buccaneers,NFC,NFC South,https://a.espncdn.com/i/teamlogos/nfl/500/tb.png,20,25,15,16,16,19,16,18,17,25,5,20,16,23,20,0.0675186484479462,0
2025,20,MIN,00-0039923,J.J. McCarthy,-1.2363638373212336,1.5970829761892844,0.36071913886805085,00-0039923,J.J. McCarthy,-2.1359627263513805,10,-1.7752435874833297,2.2104698383285624,-3.9603584243881103,-6.594505573719997,-0.093681674938637,-0.0854885069464657,-0.11361437557446899,-0.08607478389400486,-0.061620611482060675,-0.0848502960173532,0.4342857142857143,0.45714285714285713,0.4330628803245436,0.41658812441093307,-0.008360999136219748,-0.0894177847769072,17,Minnesota Vikings,NFC,NFC North,https://a.espncdn.com/i/teamlogos/nfl/500/min.png,21,27,6,27,3,28,3,28,3,15,15,28,10,21,5,0.0938511929115804,1
2025,20,NYG,00-0040691,Jaxson Dart,0.6497828035123119,-1.7201354041481578,-1.070352600635846,00-0040691,Jaxson Dart,-0.7762704013776383,12,-1.8466230020134842,2.2104698383285624,5.119845793178061,3.1240918569873113,0.04433112949559466,0.09954865934550979,0.10048850692151025,0.09239269252883674,-0.037308412740790185,0.11099137478028531,0.5389221556886228,0.5380116959064327,0.4303242769500438,0.472910927456382,-0.04358125606826164,-0.016695960188125865,17,New York Giants,NFC,NFC East,https://a.espncdn.com/i/teamlogos/nfl/500/nyg.png,22,12,29,12,29,10,27,12,19,11,32,11,24,24,26,-0.02802586541083807,-1
2025,20,NO,00-0040743,Tyler Shough,-1.262298969149236,0.8597573922661254,-0.40254157688311054,00-0040743,Tyler Shough,-1.4596435654410442,9,-1.8621851423241549,2.2104698383285624,-5.5903833064747825,-4.445189573669597,-0.07858424278750627,-0.04845474071971773,-0.03578027205689485,0.018186538390472403,-0.15437182188659382,-0.1309563660064458,0.46511627906976744,0.4685714285714286,0.4239423942394239,0.4197761194029851,-0.02614663912416403,-0.05297212309670341,17,New Orleans Saints,NFC,NFC South,https://a.espncdn.com/i/teamlogos/nfl/500/no.png,23,28,12,29,7,27,10,27,12,31,3,24,12,26,7,0.026545560263329104,0
2025,20,KC,00-0037324,Chris Oladokun,0.5361261160118742,0.8934403792345492,1.4295664952464233,00-0037324,Chris Oladokun,-4.1512175050279705,2,-2.721651009781547,2.2104698383285624,5.108649230273581,-2.76733915735967,0.043005321909103715,-0.00652639872975095,0.09373892046707764,0.05543220868216368,-0.059579971042832525,-0.10022360650708263,0.524390243902439,0.4294478527607362,0.4457611668185962,0.44097560975609756,0.04532420205787571,0.0037457040780167427,17,Kansas City Chiefs,AFC,AFC West,https://a.espncdn.com/i/teamlogos/nfl/500/kc.png,24,13,11,13,11,11,12,14,15,14,10,14,4,14,14,0.015615741958983964,0
2025,20,ARI,00-0033119,Jacoby Brissett,-0.702714660577267,-1.4393704922352324,-2.1420851528124993,00-0033119,Jacoby Brissett,-1.2684163925370218,65,-3.410501545349521,2.2104698383285624,0.5737614805801398,3.0495479292501635,-0.015279776619122522,0.08684130342205912,0.040504936737112904,0.1736698586022891,-0.14468068062141642,-0.0419381267328887,0.4911242603550296,0.5798816568047337,0.4293286219081272,0.48687782805429863,0.03949037649219678,-0.009882223859711145,17,Arizona Cardinals,NFC,NFC West,https://a.espncdn.com/i/teamlogos/nfl/500/ari.png,25,24,27,26,28,23,26,19,27,30,21,19,31,25,32,-0.004499480861266392,0
2025,20,TEN,00-0040676,Cam Ward,-2.5065974157138102,-1.4171354855624618,-3.923732901276272,00-0040676,Cam Ward,-0.01982122547061783,17,-3.94355412674689,2.2104698383285624,-6.3875066574038275,0.8905964115027685,-0.14842680811935152,0.10385631037224925,-0.1650476660709369,0.19709230216066936,-0.1167548399116083,-0.042098303933573826,0.37988826815642457,0.52,0.37858508604206503,0.45332050048123196,-0.03214448029046627,0.03583927607466502,17,Tennessee Titans,AFC,AFC South,https://a.espncdn.com/i/teamlogos/nfl/500/ten.png,26,29,26,30,23,30,28,31,29,28,20,29,18,31,22,-0.13195583643774,0
2025,20,CAR,00-0039150,Bryce Young,-0.9547212350880105,-0.8230280660742205,-1.7777493011622312,00-0039150,Bryce Young,-2.5237473644763955,42,-4.301496665638627,2.2104698383285624,1.5591114681241462,1.2561328105093044,-0.02617770360677499,0.06305963904373206,0.006575894616041395,0.1248124673977271,-0.07613067989180089,-0.018804757625969087,0.4682080924855491,0.5389221556886228,0.43670886075949367,0.44434470377019747,-0.04359366646314997,-0.044877342259768055,18,Carolina Panthers,NFC,NFC South,https://a.espncdn.com/i/teamlogos/nfl/500/car.png,27,26,22,22,24,26,24,24,24,21,27,22,26,18,16,0.1392325315571865,0
2025,20,CLE,00-0040668,Shedeur Sanders,-3.5686051966252723,1.6951470548431296,-1.8734581417821428,00-0040668,Shedeur Sanders,-3.220363214571479,7,-5.093821356353622,2.2104698383285624,-11.26708027840236,-6.567015641053263,-0.17710012590952545,-0.08509470451526646,-0.21382580124723002,-0.0905936809850941,-0.11410217904560399,-0.0776371884808427,0.35602094240837695,0.4421052631578947,0.3515769944341373,0.40794573643410853,-0.033107150466413576,-0.05056916270604474,17,Cleveland Browns,AFC,AFC North,https://a.espncdn.com/i/teamlogos/nfl/500/cle.png,28,31,4,31,4,31,4,32,2,27,16,31,7,32,4,0.025813038670245092,0
2025,20,MIA,00-0040234,Quinn Ewers,-0.28784723081884156,-1.3431518787922414,-1.630999109611083,00-0040234,Quinn Ewers,-3.8213483164696855,3,-5.4523474260807685,2.2104698383285624,2.074366142077511,2.4494436540376103,-0.022045962388598603,0.08552511618891641,-0.017332058815305203,0.17102995615815478,-0.02839948459608102,-0.03828905161873355,0.4678362573099415,0.5235294117647059,0.4207818930041152,0.4830188679245283,-0.05017481349704612,-0.02205681791083216,17,Miami Dolphins,AFC,AFC East,https://a.espncdn.com/i/teamlogos/nfl/500/mia.png,29,21,25,21,25,24,25,26,26,9,22,23,19,27,30,-0.04297612834641029,0
2025,20,LV,00-0038102,Kenny Pickett,-4.3615300866798385,-0.47347824353105156,-4.83500833021089,00-0038102,Kenny Pickett,-2.1088841333329524,27,-6.943892463543842,2.2104698383285624,-11.564778156349863,-1.9443230439380277,-0.19231063582487057,0.027782374695241835,-0.12938204133413392,0.11449652487435842,-0.30597653014716986,-0.08777525340362329,0.3352272727272727,0.5380116959064327,0.38578680203045684,0.4477747502270663,-0.016820826193693263,-0.011694679848681997,17,Las Vegas Raiders,AFC,AFC West,https://a.espncdn.com/i/teamlogos/nfl/500/lv.png,30,32,20,32,13,32,20,29,22,32,13,32,24,30,18,-0.04723733027869503,0
2025,20,WAS,00-0026300,Josh Johnson,0.2819204136751363,-3.3022648107436177,-3.0203443970684813,00-0026300,Josh Johnson,-4.032092892729011,6,-7.052437289797492,2.2104698383285624,6.592603073142903,3.916597486739774,0.03388608931948894,0.15216186513408275,0.08444617904347164,0.23886093417186327,-0.040566357839693215,0.028493712545560317,0.5283018867924528,0.5792682926829268,0.4642857142857143,0.4790365744870651,-0.033410806832204584,-0.003129549165184552,17,Washington Commanders,NFC,NFC East,https://a.espncdn.com/i/teamlogos/nfl/500/was.png,31,15,32,8,30,16,31,15,30,12,28,12,30,9,29,-0.10855545531546262,0
2025,20,NYJ,00-0040398,Brady Cook,-2.9496477130327667,-2.712252085875177,-5.661899798907944,00-0040398,Brady Cook,-3.2764909874079837,2,-8.938390786315928,2.2104698383285624,-4.398948520332996,2.866650538934478,-0.12405862431779306,0.14693453141380872,-0.13100578983638742,0.2899798837635952,-0.11312199741228311,-0.034452874143136955,0.3672316384180791,0.5280898876404494,0.4076923076923077,0.4572727272727273,-0.0888693532410398,-0.02575184101883228,17,New York Jets,AFC,AFC East,https://a.espncdn.com/i/teamlogos/nfl/500/nyj.png,32,30,31,28,27,29,30,30,32,26,24,30,20,29,23,0.044822959120640604,0
2025,21,NE,00-0039851,Drake Maye,1.9070750689495908,1.798679888615573,3.705754957565164,00-0039851,Drake Maye,2.119650436402704,32,5.825405393967868,2.282319940581682,11.265962988172745,-5.1819304478457235,0.12723247104442637,-0.07022637887557978,0.2743757996929658,-0.051855994322489565,-0.10367426763564103,-0.1018618392104739,0.5526315789473685,0.43523316062176165,0.4734625105307498,0.4406631762652705,0.026083815870051152,-0.026453624727502796,19,New England Patriots,AFC,AFC East,https://a.espncdn.com/i/teamlogos/nfl/500/ne.png,1,2,4,3,5,4,6,2,6,25,8,5,5,5,14,0.3304068312827573,1
2025,21,LA,00-0026498,Matthew Stafford,3.7715252909260153,1.538690973105258,5.310216264031274,00-0026498,Matthew Stafford,0.2829001693969042,173,5.593116433428178,2.282319940581682,9.82587753749075,-2.890111136112298,0.1401666661436465,-0.06221454523932343,0.2167243869294853,-0.035789317082283244,0.02578578568385162,-0.10638722535776562,0.5879396984924623,0.45454545454545453,0.5107398568019093,0.42426645519429024,0.032738362831980596,-0.04223870267404826,19,Los Angeles Rams,NFC,NFC West,https://a.espncdn.com/i/teamlogos/nfl/500/lar.png,2,1,8,5,10,2,8,3,8,4,7,1,9,1,8,-0.12146324680725318,-1
2025,21,SEA,00-0034869,Sam Darnold,1.579395559044591,3.218045016523001,4.797440575567592,00-0034869,Sam Darnold,-0.12622295118635365,95,4.671217624381238,2.282319940581682,3.8395308950628504,-8.197468682500016,0.04935476880846511,-0.12881492694916893,0.14976715255222228,-0.08215440396691934,-0.06006406920238476,-0.21875308499745508,0.531578947368421,0.3979591836734694,0.4712328767123288,0.39795046968403075,-0.06678822128183047,5.995592375250601e-4,18,Seattle Seahawks,NFC,NFC West,https://a.espncdn.com/i/teamlogos/nfl/500/sea.png,3,5,2,18,2,10,2,7,4,15,1,12,2,7,3,1.0611582500082362,2
2025,21,BUF,00-0034857,Josh Allen,1.441480497035811,0.724898046048091,2.166378543083902,00-0034857,Josh Allen,1.8988951205755455,139,4.065273663659448,2.282319940581682,13.240800743213404,0.16446226517218046,0.140507482188691,8.33790930420261e-4,0.21272764685452022,-0.025537977887602446,0.0459111255020946,0.03777724920926252,0.5721925133689839,0.47150259067357514,0.4859437751004016,0.4355716878402904,-0.025797891990089455,-0.05714373112128821,19,Buffalo Bills,AFC,AFC East,https://a.espncdn.com/i/teamlogos/nfl/500/buf.png,4,6,13,1,21,1,13,4,10,2,31,3,12,2,12,0.3676309745043733,-1
2025,21,HOU,00-0039163,C.J. Stroud,-0.8370936807405718,3.554970391147327,2.717876710406755,00-0039163,C.J. Stroud,0.9279019574075881,51,3.6457786678143433,2.282319940581682,0.9953156308387564,-8.224049642082388,-0.027286044166652902,-0.1361516807954592,0.047400724271594676,-0.12644152365905034,-0.1440771063659046,-0.15333118957525946,0.49047619047619045,0.35096153846153844,0.4149184149184149,0.3871527777777778,-0.005480256269120754,-0.024333544277692586,19,Houston Texans,AFC,AFC South,https://a.espncdn.com/i/teamlogos/nfl/500/hou.png,5,24,1,24,1,26,1,18,1,29,2,19,1,28,2,0.007826363882450948,-1
2025,21,JAX,00-0036971,Trevor Lawrence,1.0682668670929596,1.6574427871110697,2.7257096542040293,00-0036971,Trevor Lawrence,0.8737851810360465,80,3.5994948352400757,2.282319940581682,8.314566410613756,-3.6940325712915887,0.037825222160919145,-0.0637083132049219,0.10521785057562462,-0.052157592594146526,-0.06728388809976033,-0.08944527096019884,0.5445026178010471,0.43915343915343913,0.4483050847457627,0.4258289703315881,0.021298254683570786,0.021582786590077226,18,Jacksonville Jaguars,AFC,AFC South,https://a.espncdn.com/i/teamlogos/nfl/500/jax.png,6,10,6,7,9,14,7,11,5,17,13,8,6,13,10,0.050263574618142126,0
2025,21,DET,00-0033106,Jared Goff,1.4402026048190892,-0.044607112472609844,1.3955954923464793,00-0033106,Jared Goff,1.782781241091089,160,3.1783767334375685,2.282319940581682,5.019450710187045,-1.6209615926588554,0.07209271676711108,0.010946769831724615,0.16672463413823269,0.03876118628452834,-0.06834277704848034,-0.03644844228312751,0.554945054945055,0.48066298342541436,0.45036764705882354,0.4250229990800368,-0.04452004051927545,0.004651194931860945,17,Detroit Lions,NFC,NFC North,https://a.espncdn.com/i/teamlogos/nfl/500/det.png,7,7,17,14,14,7,15,6,14,18,23,4,13,12,9,0.025910665556218238,0
2025,21,BAL,00-0034796,Lamar Jackson,0.5675405521191248,-0.3433203934765795,0.2242201586425453,00-0034796,Lamar Jackson,2.22529683917965,115,2.449516997822195,2.282319940581682,5.962675225276077,-0.9619486664502197,0.036961257236092025,0.022534554725846874,0.03588718859862204,0.09627207776600766,0.03820307628982629,-0.11475679252028367,0.5116279069767442,0.5549132947976878,0.44567404426559354,0.44146559428060766,-0.0780104723424683,0.013621461211481193,17,Baltimore Ravens,AFC,AFC North,https://a.espncdn.com/i/teamlogos/nfl/500/bal.png,8,13,18,10,15,15,18,21,20,3,6,15,28,15,16,0.01787119244783586,0
2025,21,PHI,00-0036389,Jalen Hurts,-0.09259568329680601,0.9993968232623988,0.9068011399655928,00-0036389,Jalen Hurts,1.1217850175620407,93,2.0285861575276334,2.282319940581682,3.4544810257109817,-2.553729595093983,0.027745621323623872,-0.042174619193920695,0.07823906744510414,-0.00426638862160929,-0.04218508685322193,-0.10022930636106137,0.45652173913043476,0.4891304347826087,0.43192064923354373,0.4301628106255356,-0.02540560583663843,-0.03322773276999205,18,Philadelphia Eagles,NFC,NFC East,https://a.espncdn.com/i/teamlogos/nfl/500/phi.png,9,19,10,19,12,17,11,16,11,12,10,26,15,22,11,0.04098352822741336,0
2025,21,LAC,00-0036355,Justin Herbert,0.03058232542695638,1.8137747079479807,1.844357033374937,00-0036355,Justin Herbert,-0.2238650441107738,98,1.6204919892641634,2.282319940581682,0.8977996833018556,-4.1811575303374156,-0.025121988127429502,-0.07242371473706538,0.007897453953394503,-0.04530146093994692,-0.08360034583131874,-0.11751446167477479,0.5027624309392266,0.44751381215469616,0.43591905564924116,0.41784037558685444,0.010750541327737664,0.009001029387339349,18,Los Angeles Chargers,AFC,AFC West,https://a.espncdn.com/i/teamlogos/nfl/500/lac.png,10,18,3,25,8,24,5,23,7,23,4,17,8,19,6,0.03929790106840714,1
2025,21,CHI,00-0039918,Caleb Williams,1.3364832846876586,-0.6872578322796385,0.6492254524080201,00-0039918,Caleb Williams,0.8654942817375165,36,1.5147197341455367,2.282319940581682,6.166143284180794,2.610450935669914,0.07046756641321783,0.0461237630351941,0.12475303134432422,0.10614417236710363,-0.011117525390757117,-0.043229002397320096,0.5736040609137056,0.52,0.4534257120862202,0.4636963696369637,-0.034615947137139114,-0.031047282678933998,19,Chicago Bears,NFC,NFC North,https://a.espncdn.com/i/teamlogos/nfl/500/chi.png,11,9,21,9,26,8,21,9,21,7,19,2,18,11,25,-0.40567669596673284,-1
2025,21,DAL,00-0033077,Dak Prescott,1.8011505404068613,-2.763406185915687,-0.9622556455088258,00-0033077,Dak Prescott,2.3447304178339627,145,1.382474772325137,2.282319940581682,11.327932467942674,5.8457407977082525,0.1110295010316665,0.16233291205428027,0.18020185841985142,0.24042429046961952,-0.007528702212734127,0.031085273578994765,0.5433526011560693,0.5988023952095808,0.4730077120822622,0.4866112650046168,-0.0011547522641102471,0.014367879263932992,17,Dallas Cowboys,NFC,NFC East,https://a.espncdn.com/i/teamlogos/nfl/500/dal.png,12,3,30,2,32,5,32,5,31,6,29,9,32,6,31,-0.011608074586016759,0
2025,21,GB,00-0036264,Jordan Love,1.6480284578929227,-0.942094826300972,0.7059336315919508,00-0036264,Jordan Love,0.20794345949376078,52,0.9138770910857116,2.282319940581682,10.684633929491623,-0.06820666763401032,0.1291045368437884,0.04668505765399588,0.2843336847380521,0.12359892694466071,-0.08085283626960678,-0.06613258879517431,0.5508982035928144,0.5333333333333333,0.4786557674841054,0.447434819175778,-0.028459572913934885,-0.05993580013474774,18,Green Bay Packers,NFC,NFC North,https://a.espncdn.com/i/teamlogos/nfl/500/gb.png,13,4,23,4,19,3,22,1,23,22,17,6,22,3,18,0.10838858215789915,1
2025,21,PIT,00-0023459,Aaron Rodgers,-0.10946346737658086,0.3077376302091269,0.19827416283254606,00-0023459,Aaron Rodgers,0.651189637430814,164,0.8494638002633601,2.282319940581682,1.3417835208247024,-0.18833814907839513,-0.001502138602881774,0.02496055804046647,0.006093880290532109,0.056522644750929836,-0.013950651138279953,-0.027897266296617245,0.4581005586592179,0.489010989010989,0.4338919925512104,0.4396055875102712,-0.0024802314869562456,-0.023526987425021587,18,Pittsburgh Steelers,AFC,AFC North,https://a.espncdn.com/i/teamlogos/nfl/500/pit.png,14,20,14,22,18,20,19,25,16,8,25,25,14,20,13,-0.0023899194812642133,-1
2025,21,ATL,00-0029604,Kirk Cousins,0.3224463340131942,-0.4481182770007606,-0.1256719429875664,00-0029604,Kirk Cousins,0.5627086489744177,162,0.43703670598685135,2.282319940581682,1.1907182529286047,0.07153513525266572,-0.007608182586020872,0.009417765852698748,0.03964091618684068,0.033268672350300996,-0.0707092517264009,-0.027640301485865496,0.4742857142857143,0.5406976744186046,0.4448563484708063,0.45288197621225984,-0.0574742454108,-0.02155082618627049,17,Atlanta Falcons,NFC,NFC South,https://a.espncdn.com/i/teamlogos/nfl/500/atl.png,15,16,19,23,20,21,14,20,13,19,26,21,26,16,21,-0.005494939921946385,2
2025,21,CIN,00-0036442,Joe Burrow,0.04595613165713175,-1.5282237435661457,-1.482267611909014,00-0036442,Joe Burrow,1.869959129110728,84,0.38769151720171413,2.282319940581682,4.825037711081568,4.921106395858128,0.011283475769315734,0.12384033290258227,0.01239399503801724,0.18293691867916312,0.009110330246196343,0.03662851232236249,0.5057471264367817,0.514792899408284,0.4639927073837739,0.4766791044776119,0.020003131326959724,-0.011598952506507457,17,Cincinnati Bengals,AFC,AFC North,https://a.espncdn.com/i/teamlogos/nfl/500/cin.png,16,17,28,15,31,18,29,22,28,5,30,16,17,10,27,-0.06883147319041316,0
2025,21,IND,00-0040206,Riley Leonard,1.3446199671459658,0.03448086469246758,1.3791008318384335,00-0040206,Riley Leonard,-2.1240446674471056,1,-0.7449438356086722,2.282319940581682,8.455601615782586,-0.2157882504286448,0.0802752087473143,0.016011990494981733,0.09749835731478972,0.08193013080325598,0.054030410930208904,-0.10114034603352504,0.5476190476190477,0.5672514619883041,0.4650943396226415,0.45858761987794244,-0.004133728861198493,0.01013357423422054,17,Indianapolis Colts,AFC,AFC South,https://a.espncdn.com/i/teamlogos/nfl/500/ind.png,17,8,16,6,17,6,17,13,18,1,9,7,29,8,24,0.023563387477035125,2
2025,21,TB,00-0034855,Baker Mayfield,-0.9038397311176638,0.1787482790444509,-0.7250914520732129,00-0034855,Baker Mayfield,-0.10447205663258557,125,-0.8295635087057984,2.282319940581682,4.4230644703120054,-0.5400538816236998,0.002466227496573943,0.012842112191223843,0.061388686617351355,0.08111352938705066,-0.09121233654337171,-0.1167774235552192,0.4885057471264368,0.4941860465116279,0.4314946619217082,0.4499514091350826,-0.027378096906731764,0.017154186056444764,17,Tampa Bay Buccaneers,NFC,NFC South,https://a.espncdn.com/i/teamlogos/nfl/500/tb.png,18,25,15,16,16,19,16,17,17,24,5,20,16,23,20,-0.008170901949054121,2
2025,21,DEN,00-0035264,Jarrett Stidham,-0.23987023692429865,1.3479326389717752,1.1080624020474765,00-0039732,Bo Nix,-2.933111245758042,5,-1.8250488437105656,2.282319940581682,4.267164129970145,-4.413735674109968,0.04040937366499226,-0.05063158202528422,0.10603642399344697,-0.029158430141137757,-0.07546576624209365,-0.09267431257072939,0.4473684210526316,0.41414141414141414,0.43791946308724833,0.38493723849372385,0.02211271793053386,0.012688850705806033,18,Denver Broncos,AFC,AFC West,https://a.espncdn.com/i/teamlogos/nfl/500/den.png,19,21,9,17,7,13,9,10,9,20,12,27,3,17,1,-2.3901439855431335,-4
2025,21,SF,00-0037834,Brock Purdy,0.43231648192150995,-1.4892086479996385,-1.0568921660781285,00-0037834,Brock Purdy,-0.7958042555863515,53,-1.8526964216644801,2.282319940581682,5.541190654557236,0.24686886157919422,0.06407809718602482,0.0668795249940558,0.14080369500293652,0.14248445394585207,-0.05196144331393254,-0.04974509945286397,0.532258064516129,0.5439560439560439,0.4786184210526316,0.4811715481171548,-0.001241778822969222,-0.023251486478870435,19,San Francisco 49ers,NFC,NFC West,https://a.espncdn.com/i/teamlogos/nfl/500/sf.png,20,14,26,11,22,9,24,8,25,13,18,11,27,4,29,-1.2861902827431761,-2
2025,21,MIN,00-0039923,J.J. McCarthy,-1.3064657568382758,1.583272780445688,0.2768070236074123,00-0039923,J.J. McCarthy,-2.1500276989220763,10,-1.873220675314664,2.282319940581682,-3.9603584243881103,-6.594505573719997,-0.093681674938637,-0.0854885069464657,-0.11361437557446899,-0.08607478389400486,-0.061620611482060675,-0.0848502960173532,0.4342857142857143,0.45714285714285713,0.4330628803245436,0.41658812441093307,-0.008360999136219748,-0.0894177847769072,17,Minnesota Vikings,NFC,NFC North,https://a.espncdn.com/i/teamlogos/nfl/500/min.png,21,28,7,27,3,28,3,28,3,16,15,28,10,21,5,-0.09797708783133441,0
2025,21,NO,00-0040743,Tyler Shough,-1.2798982534002645,0.8691028958741341,-0.4107953575261304,00-0040743,Tyler Shough,-1.4659313661519846,9,-1.8767267236781149,2.282319940581682,-5.5903833064747825,-4.445189573669597,-0.07858424278750627,-0.04845474071971773,-0.03578027205689485,0.018186538390472403,-0.15437182188659382,-0.1309563660064458,0.46511627906976744,0.4685714285714286,0.4239423942394239,0.4197761194029851,-0.02614663912416403,-0.05297212309670341,17,New Orleans Saints,NFC,NFC South,https://a.espncdn.com/i/teamlogos/nfl/500/no.png,22,27,11,29,6,27,10,27,12,31,3,24,11,26,7,-0.014541581353959998,1
2025,21,NYG,00-0040691,Jaxson Dart,0.6805122125789937,-1.8334880649015788,-1.152975852322585,00-0040691,Jaxson Dart,-0.7724652836313504,12,-1.9254411359539354,2.282319940581682,5.119845793178061,3.1240918569873113,0.04433112949559466,0.09954865934550979,0.10048850692151025,0.09239269252883674,-0.037308412740790185,0.11099137478028531,0.5389221556886228,0.5380116959064327,0.4303242769500438,0.472910927456382,-0.04358125606826164,-0.016695960188125865,17,New York Giants,NFC,NFC East,https://a.espncdn.com/i/teamlogos/nfl/500/nyg.png,23,11,29,12,29,11,27,12,19,10,32,10,23,24,26,-0.07881813394045123,-1
2025,21,KC,00-0037324,Chris Oladokun,0.5744525065496591,0.854294282079953,1.4287467886296121,00-0037324,Chris Oladokun,-4.168898068730741,2,-2.7401512801011285,2.282319940581682,5.108649230273581,-2.76733915735967,0.043005321909103715,-0.00652639872975095,0.09373892046707764,0.05543220868216368,-0.059579971042832525,-0.10022360650708263,0.524390243902439,0.4294478527607362,0.4457611668185962,0.44097560975609756,0.04532420205787571,0.0037457040780167427,17,Kansas City Chiefs,AFC,AFC West,https://a.espncdn.com/i/teamlogos/nfl/500/kc.png,24,12,12,13,11,12,12,14,15,14,11,14,4,14,15,-0.018500270319581347,0
2025,21,ARI,00-0033119,Jacoby Brissett,-0.7162722230007983,-1.481708195858337,-2.197980418859135,00-0033119,Jacoby Brissett,-1.2633088723011805,65,-3.4612892911603157,2.282319940581682,0.5737614805801398,3.0495479292501635,-0.015279776619122522,0.08684130342205912,0.040504936737112904,0.1736698586022891,-0.14468068062141642,-0.0419381267328887,0.4911242603550296,0.5798816568047337,0.4293286219081272,0.48687782805429863,0.03949037649219678,-0.009882223859711145,17,Arizona Cardinals,NFC,NFC West,https://a.espncdn.com/i/teamlogos/nfl/500/ari.png,25,23,25,26,28,22,26,19,27,30,21,18,31,25,32,-0.05078774581079459,0
2025,21,TEN,00-0040676,Cam Ward,-2.580714434608577,-1.50861620445871,-4.0893306390672866,00-0040676,Cam Ward,-0.004707254003120692,17,-4.094037893070407,2.282319940581682,-6.3875066574038275,0.8905964115027685,-0.14842680811935152,0.10385631037224925,-0.1650476660709369,0.19709230216066936,-0.1167548399116083,-0.042098303933573826,0.37988826815642457,0.52,0.37858508604206503,0.45332050048123196,-0.03214448029046627,0.03583927607466502,17,Tennessee Titans,AFC,AFC South,https://a.espncdn.com/i/teamlogos/nfl/500/ten.png,26,29,27,30,23,30,28,31,29,28,20,29,18,31,22,-0.150483766323517,0
2025,21,CAR,00-0039150,Bryce Young,-0.955297514225955,-0.8904971208041172,-1.8457946350300722,00-0039150,Bryce Young,-2.5136265417878243,42,-4.3594211768178965,2.282319940581682,1.5591114681241462,1.2561328105093044,-0.02617770360677499,0.06305963904373206,0.006575894616041395,0.1248124673977271,-0.07613067989180089,-0.018804757625969087,0.4682080924855491,0.5389221556886228,0.43670886075949367,0.44434470377019747,-0.04359366646314997,-0.044877342259768055,18,Carolina Panthers,NFC,NFC South,https://a.espncdn.com/i/teamlogos/nfl/500/car.png,27,26,22,21,24,25,23,24,24,21,27,22,25,18,17,-0.057924511179269444,0
2025,21,CLE,00-0040668,Shedeur Sanders,-3.6288824435009426,1.678637419113917,-1.9502450243870255,00-0040668,Shedeur Sanders,-3.2062988164026027,7,-5.156543840789628,2.282319940581682,-11.26708027840236,-6.567015641053263,-0.17710012590952545,-0.08509470451526646,-0.21382580124723002,-0.0905936809850941,-0.11410217904560399,-0.0776371884808427,0.35602094240837695,0.4421052631578947,0.3515769944341373,0.40794573643410853,-0.033107150466413576,-0.05056916270604474,17,Cleveland Browns,AFC,AFC North,https://a.espncdn.com/i/teamlogos/nfl/500/cle.png,28,31,5,31,4,31,4,32,2,27,16,31,7,32,4,-0.06272248443600592,0
2025,21,MIA,00-0040234,Quinn Ewers,-0.2737304025014877,-1.3791543918587639,-1.6528847943602516,00-0040234,Quinn Ewers,-3.8162559521631034,3,-5.469140746523355,2.282319940581682,2.074366142077511,2.4494436540376103,-0.022045962388598603,0.08552511618891641,-0.017332058815305203,0.17102995615815478,-0.02839948459608102,-0.03828905161873355,0.4678362573099415,0.5235294117647059,0.4207818930041152,0.4830188679245283,-0.05017481349704612,-0.02205681791083216,17,Miami Dolphins,AFC,AFC East,https://a.espncdn.com/i/teamlogos/nfl/500/mia.png,29,22,24,20,25,23,25,26,26,9,22,23,20,27,30,-0.01679332044258608,0
2025,21,LV,00-0038102,Kenny Pickett,-4.3946993372191345,-0.5569633548158939,-4.951662692035028,00-0038102,Kenny Pickett,-2.126274835053433,27,-7.077937527088461,2.282319940581682,-11.564778156349863,-1.9443230439380277,-0.19231063582487057,0.027782374695241835,-0.12938204133413392,0.11449652487435842,-0.30597653014716986,-0.08777525340362329,0.3352272727272727,0.5380116959064327,0.38578680203045684,0.4477747502270663,-0.016820826193693263,-0.011694679848681997,17,Las Vegas Raiders,AFC,AFC West,https://a.espncdn.com/i/teamlogos/nfl/500/lv.png,30,32,20,32,13,32,20,29,22,32,14,32,23,30,19,-0.13404506354461887,0
2025,21,WAS,00-0026300,Josh Johnson,0.3290404708365928,-3.4493670931511415,-3.1203266223145487,00-0026300,Josh Johnson,-4.013664826243154,6,-7.133991448557703,2.282319940581682,6.592603073142903,3.916597486739774,0.03388608931948894,0.15216186513408275,0.08444617904347164,0.23886093417186327,-0.040566357839693215,0.028493712545560317,0.5283018867924528,0.5792682926829268,0.4642857142857143,0.4790365744870651,-0.033410806832204584,-0.003129549165184552,17,Washington Commanders,NFC,NFC East,https://a.espncdn.com/i/teamlogos/nfl/500/was.png,31,15,32,8,30,16,31,15,30,11,28,13,30,9,28,-0.08155415876021088,0
2025,21,NYJ,00-0040398,Brady Cook,-3.0022519883532732,-2.814073979331638,-5.816325967684911,00-0040398,Brady Cook,-3.260535543951073,2,-9.076861511635984,2.282319940581682,-4.398948520332996,2.866650538934478,-0.12405862431779306,0.14693453141380872,-0.13100578983638742,0.2899798837635952,-0.11312199741228311,-0.034452874143136955,0.3672316384180791,0.5280898876404494,0.4076923076923077,0.4572727272727273,-0.0888693532410398,-0.02575184101883228,17,New York Jets,AFC,AFC East,https://a.espncdn.com/i/teamlogos/nfl/500/nyj.png,32,30,31,28,27,29,30,30,32,26,24,30,21,29,23,-0.13847072532005633,0
2025,22,LA,00-0026498,Matthew Stafford,3.7795268742779458,1.3100705941910316,5.089597468468977,00-0026498,Matthew Stafford,0.2907616947614863,173,5.380359163230463,2.292605682809828,10.326931738040521,-2.304163066526079,0.147320451493806,-0.04987138495564408,0.22748915895817332,-0.010493161566035572,0.02638022994756037,-0.11550175727165828,0.5885167464114832,0.4567307692307692,0.5110098709187547,0.4269578313253012,0.03320031874274719,-0.03805500736251114,20,Los Angeles Rams,NFC,NFC West,https://a.espncdn.com/i/teamlogos/nfl/500/lar.png,1,1,8,4,12,1,9,3,10,4,6,1,9,1,10,-0.21275727019771473,1
2025,22,NE,00-0039851,Drake Maye,1.3859219755493415,2.181816595565632,3.5677385711149734,00-0039851,Drake Maye,1.5310092427173816,32,5.098747813832355,2.292605682809828,10.038511889253755,-5.7455192335475385,0.11426493619025169,-0.0819105364457787,0.25680255581502753,-0.07039128644451075,-0.10329248323703784,-0.10176951495475199,0.5320197044334976,0.4292682926829268,0.4655448717948718,0.4335548172757475,0.017141850095600975,-0.026310857629054253,20,New England Patriots,AFC,AFC East,https://a.espncdn.com/i/teamlogos/nfl/500/ne.png,2,7,3,5,5,4,5,2,4,25,8,11,4,7,12,-0.7266575801355133,-1
2025,22,SEA,00-0034869,Sam Darnold,1.702562276239255,3.0314914242810778,4.734053700520333,00-0034869,Sam Darnold,-0.08315887297717552,95,4.650894827543157,2.292605682809828,4.52656679112042,-6.947513695690965,0.05702823938981137,-0.10805097009154996,0.1716429594533184,-0.05723838879200488,-0.07050668548085466,-0.20581389373200487,0.53,0.4077669902912621,0.47160068846815834,0.40373679935012186,-0.06109225155348706,0.002777344595934922,19,Seattle Seahawks,NFC,NFC West,https://a.espncdn.com/i/teamlogos/nfl/500/sea.png,3,3,2,16,2,10,2,6,5,18,1,12,3,6,3,-0.020322796838081025,0
2025,22,BUF,00-0034857,Josh Allen,1.4369295048546737,0.7551895934099705,2.1921190982646444,00-0034857,Josh Allen,1.9392518546700712,139,4.131370952934716,2.292605682809828,13.240800743213404,0.16446226517218046,0.140507482188691,8.33790930420261e-4,0.21272764685452022,-0.025537977887602446,0.0459111255020946,0.03777724920926252,0.5721925133689839,0.47150259067357514,0.4859437751004016,0.4355716878402904,-0.025797891990089455,-0.05714373112128821,19,Buffalo Bills,AFC,AFC East,https://a.espncdn.com/i/teamlogos/nfl/500/buf.png,4,6,13,1,21,2,13,4,9,2,31,3,12,2,13,0.06609728927526781,0
2025,22,HOU,00-0039163,C.J. Stroud,-0.8165705824025222,3.606629363459184,2.7900587810566617,00-0039163,C.J. Stroud,0.9519079933420739,51,3.7419667743987355,2.292605682809828,0.9953156308387564,-8.224049642082388,-0.027286044166652902,-0.1361516807954592,0.047400724271594676,-0.12644152365905034,-0.1440771063659046,-0.15333118957525946,0.49047619047619045,0.35096153846153844,0.4149184149184149,0.3871527777777778,-0.005480256269120754,-0.024333544277692586,19,Houston Texans,AFC,AFC South,https://a.espncdn.com/i/teamlogos/nfl/500/hou.png,5,24,1,24,1,26,1,18,1,29,2,19,1,28,2,0.09618810658439214,0
2025,22,JAX,00-0036971,Trevor Lawrence,1.0741213419570892,1.6890200881594568,2.763141430116546,00-0036971,Trevor Lawrence,0.8772999557359576,80,3.6404413858525038,2.292605682809828,8.314566410613756,-3.6940325712915887,0.037825222160919145,-0.0637083132049219,0.10521785057562462,-0.052157592594146526,-0.06728388809976033,-0.08944527096019884,0.5445026178010471,0.43915343915343913,0.4483050847457627,0.4258289703315881,0.021298254683570786,0.021582786590077226,18,Jacksonville Jaguars,AFC,AFC South,https://a.espncdn.com/i/teamlogos/nfl/500/jax.png,6,10,6,7,9,13,7,10,6,16,13,7,6,13,9,0.04094655061242802,0
2025,22,DET,00-0033106,Jared Goff,1.4517815634484057,-0.022415077068638878,1.4293664863797668,00-0033106,Jared Goff,1.7686291641229606,160,3.1979956505027274,2.292605682809828,5.019450710187045,-1.6209615926588554,0.07209271676711108,0.010946769831724615,0.16672463413823269,0.03876118628452834,-0.06834277704848034,-0.03644844228312751,0.554945054945055,0.48066298342541436,0.45036764705882354,0.4250229990800368,-0.04452004051927545,0.004651194931860945,17,Detroit Lions,NFC,NFC North,https://a.espncdn.com/i/teamlogos/nfl/500/det.png,7,5,17,14,14,7,15,7,14,17,23,4,13,12,8,0.019618917065158836,0
2025,22,BAL,00-0034796,Lamar Jackson,0.6198894494117555,-0.3144630931127803,0.3054263562989752,00-0034796,Lamar Jackson,2.237626932856933,115,2.5430532891559086,2.292605682809828,5.962675225276077,-0.9619486664502197,0.036961257236092025,0.022534554725846874,0.03588718859862204,0.09627207776600766,0.03820307628982629,-0.11475679252028367,0.5116279069767442,0.5549132947976878,0.44567404426559354,0.44146559428060766,-0.0780104723424683,0.013621461211481193,17,Baltimore Ravens,AFC,AFC North,https://a.espncdn.com/i/teamlogos/nfl/500/bal.png,8,12,18,10,15,14,18,21,20,3,7,15,28,15,16,0.09353629133371344,0
2025,22,PHI,00-0036389,Jalen Hurts,-0.11255016533147177,1.0233942363339184,0.9108440710024466,00-0036389,Jalen Hurts,1.1509342759638594,93,2.061778346966306,2.292605682809828,3.4544810257109817,-2.553729595093983,0.027745621323623872,-0.042174619193920695,0.07823906744510414,-0.00426638862160929,-0.04218508685322193,-0.10022930636106137,0.45652173913043476,0.4891304347826087,0.43192064923354373,0.4301628106255356,-0.02540560583663843,-0.03322773276999205,18,Philadelphia Eagles,NFC,NFC East,https://a.espncdn.com/i/teamlogos/nfl/500/phi.png,9,20,10,18,11,16,11,16,11,12,10,26,15,21,11,0.033192189438672415,0
2025,22,LAC,00-0036355,Justin Herbert,0.06351284794879941,1.8602756979232233,1.9237885458720227,00-0036355,Justin Herbert,-0.20194784541107375,98,1.721840700460949,2.292605682809828,0.8977996833018556,-4.1811575303374156,-0.025121988127429502,-0.07242371473706538,0.007897453953394503,-0.04530146093994692,-0.08360034583131874,-0.11751446167477479,0.5027624309392266,0.44751381215469616,0.43591905564924116,0.41784037558685444,0.010750541327737664,0.009001029387339349,18,Los Angeles Chargers,AFC,AFC West,https://a.espncdn.com/i/teamlogos/nfl/500/lac.png,10,18,4,25,8,24,6,23,7,23,4,17,8,18,6,0.10134871119678568,0
2025,22,CHI,00-0039918,Caleb Williams,1.3462549364921648,-0.7104780183522492,0.6357769181399155,00-0039918,Caleb Williams,0.8914664205227388,36,1.5272433386626543,2.292605682809828,6.166143284180794,2.610450935669914,0.07046756641321783,0.0461237630351941,0.12475303134432422,0.10614417236710363,-0.011117525390757117,-0.043229002397320096,0.5736040609137056,0.52,0.4534257120862202,0.4636963696369637,-0.034615947137139114,-0.031047282678933998,19,Chicago Bears,NFC,NFC North,https://a.espncdn.com/i/teamlogos/nfl/500/chi.png,11,9,21,9,26,8,21,9,21,7,19,2,18,11,25,0.012523604517117537,0
2025,22,DAL,00-0033077,Dak Prescott,1.7695127300654283,-2.782673138704537,-1.0131604086391088,00-0033077,Dak Prescott,2.3542724773605217,145,1.3411120687214129,2.292605682809828,11.327932467942674,5.8457407977082525,0.1110295010316665,0.16233291205428027,0.18020185841985142,0.24042429046961952,-0.007528702212734127,0.031085273578994765,0.5433526011560693,0.5988023952095808,0.4730077120822622,0.4866112650046168,-0.0011547522641102471,0.014367879263932992,17,Dallas Cowboys,NFC,NFC East,https://a.espncdn.com/i/teamlogos/nfl/500/dal.png,12,2,30,2,32,5,32,5,31,6,29,8,32,5,31,-0.04136270360372407,0
2025,22,GB,00-0036264,Jordan Love,1.6035760550902358,-0.9668214961644134,0.6367545589258224,00-0036264,Jordan Love,0.2705607578075775,52,0.9073153167333999,2.292605682809828,10.684633929491623,-0.06820666763401032,0.1291045368437884,0.04668505765399588,0.2843336847380521,0.12359892694466071,-0.08085283626960678,-0.06613258879517431,0.5508982035928144,0.5333333333333333,0.4786557674841054,0.447434819175778,-0.028459572913934885,-0.05993580013474774,18,Green Bay Packers,NFC,NFC North,https://a.espncdn.com/i/teamlogos/nfl/500/gb.png,13,4,23,3,19,3,22,1,23,22,17,5,22,3,18,-0.0065617743523116445,0
2025,22,PIT,00-0023459,Aaron Rodgers,-0.10834990308899695,0.28520969459902024,0.1768597915100233,00-0023459,Aaron Rodgers,0.6944685863347527,164,0.871328377844776,2.292605682809828,1.3417835208247024,-0.18833814907839513,-0.001502138602881774,0.02496055804046647,0.006093880290532109,0.056522644750929836,-0.013950651138279953,-0.027897266296617245,0.4581005586592179,0.489010989010989,0.4338919925512104,0.4396055875102712,-0.0024802314869562456,-0.023526987425021587,18,Pittsburgh Steelers,AFC,AFC North,https://a.espncdn.com/i/teamlogos/nfl/500/pit.png,14,19,14,22,18,20,19,25,16,8,25,25,14,19,14,0.02186457758141591,0
2025,22,ATL,00-0029604,Kirk Cousins,0.35867973209510495,-0.44980727248268937,-0.09112754038758442,00-0029604,Kirk Cousins,0.5652356198229318,162,0.4741080794353474,2.292605682809828,1.1907182529286047,0.07153513525266572,-0.007608182586020872,0.009417765852698748,0.03964091618684068,0.033268672350300996,-0.0707092517264009,-0.027640301485865496,0.4742857142857143,0.5406976744186046,0.4448563484708063,0.45288197621225984,-0.0574742454108,-0.02155082618627049,17,Atlanta Falcons,NFC,NFC South,https://a.espncdn.com/i/teamlogos/nfl/500/atl.png,15,16,19,23,20,21,14,20,13,19,26,21,26,16,21,0.03707137344849604,0
2025,22,CIN,00-0036442,Joe Burrow,0.0656072440440072,-1.5622096794329419,-1.4966024353889347,00-0036442,Joe Burrow,1.9131784935541682,84,0.4165760581652336,2.292605682809828,4.825037711081568,4.921106395858128,0.011283475769315734,0.12384033290258227,0.01239399503801724,0.18293691867916312,0.009110330246196343,0.03662851232236249,0.5057471264367817,0.514792899408284,0.4639927073837739,0.4766791044776119,0.020003131326959724,-0.011598952506507457,17,Cincinnati Bengals,AFC,AFC North,https://a.espncdn.com/i/teamlogos/nfl/500/cin.png,16,17,28,15,31,18,29,22,28,5,30,16,17,10,27,0.028884540963519445,0
2025,22,TB,00-0034855,Baker Mayfield,-0.8987176958700234,0.19221551930095981,-0.7065021765690636,00-0034855,Baker Mayfield,-0.08919845232725217,125,-0.7957006288963158,2.292605682809828,4.4230644703120054,-0.5400538816236998,0.002466227496573943,0.012842112191223843,0.061388686617351355,0.08111352938705066,-0.09121233654337171,-0.1167774235552192,0.4885057471264368,0.4941860465116279,0.4314946619217082,0.4499514091350826,-0.027378096906731764,0.017154186056444764,17,Tampa Bay Buccaneers,NFC,NFC South,https://a.espncdn.com/i/teamlogos/nfl/500/tb.png,17,25,15,17,16,19,16,17,17,24,5,20,16,22,20,0.03386287980948266,1
2025,22,IND,00-0040206,Riley Leonard,1.3556433136753965,0.026884318394015283,1.3825276320694118,00-0040206,Riley Leonard,-2.2699932499739,1,-0.8874656179044884,2.292605682809828,8.455601615782586,-0.2157882504286448,0.0802752087473143,0.016011990494981733,0.09749835731478972,0.08193013080325598,0.054030410930208904,-0.10114034603352504,0.5476190476190477,0.5672514619883041,0.4650943396226415,0.45858761987794244,-0.004133728861198493,0.01013357423422054,17,Indianapolis Colts,AFC,AFC South,https://a.espncdn.com/i/teamlogos/nfl/500/ind.png,18,8,16,6,17,6,17,12,18,1,9,6,29,8,24,-0.14252178229581625,-1
2025,22,MIN,00-0039923,J.J. McCarthy,-1.2315076932946525,1.6081689186099069,0.37666122531525437,00-0039923,J.J. McCarthy,-2.166760576036587,10,-1.7900993507213325,2.292605682809828,-3.9603584243881103,-6.594505573719997,-0.093681674938637,-0.0854885069464657,-0.11361437557446899,-0.08607478389400486,-0.061620611482060675,-0.0848502960173532,0.4342857142857143,0.45714285714285713,0.4330628803245436,0.41658812441093307,-0.008360999136219748,-0.0894177847769072,17,Minnesota Vikings,NFC,NFC North,https://a.espncdn.com/i/teamlogos/nfl/500/min.png,19,28,7,27,3,28,3,28,3,15,15,28,10,20,5,0.08312132459333155,2
2025,22,SF,00-0037834,Brock Purdy,0.44272911486996236,-1.4878720920967097,-1.0451429772267473,00-0037834,Brock Purdy,-0.7652632828397691,53,-1.8104062600665163,2.292605682809828,5.541190654557236,0.24686886157919422,0.06407809718602482,0.0668795249940558,0.14080369500293652,0.14248445394585207,-0.05196144331393254,-0.04974509945286397,0.532258064516129,0.5439560439560439,0.4786184210526316,0.4811715481171548,-0.001241778822969222,-0.023251486478870435,19,San Francisco 49ers,NFC,NFC West,https://a.espncdn.com/i/teamlogos/nfl/500/sf.png,20,14,25,11,22,9,24,8,25,13,18,10,27,4,29,0.04229016159796384,0
2025,22,NO,00-0040743,Tyler Shough,-1.2170154589458022,0.8900182817112613,-0.3269971772345409,00-0040743,Tyler Shough,-1.5193154493477885,9,-1.8463126265823293,2.292605682809828,-5.5903833064747825,-4.445189573669597,-0.07858424278750627,-0.04845474071971773,-0.03578027205689485,0.018186538390472403,-0.15437182188659382,-0.1309563660064458,0.46511627906976744,0.4685714285714286,0.4239423942394239,0.4197761194029851,-0.02614663912416403,-0.05297212309670341,17,New Orleans Saints,NFC,NFC South,https://a.espncdn.com/i/teamlogos/nfl/500/no.png,21,27,11,29,7,27,10,27,12,31,3,24,11,26,7,0.030414097095785575,1
2025,22,NYG,00-0040691,Jaxson Dart,0.6871089045112386,-1.8386203091938058,-1.1515114046825672,00-0040691,Jaxson Dart,-0.7905441458874289,12,-1.9420555505699961,2.292605682809828,5.119845793178061,3.1240918569873113,0.04433112949559466,0.09954865934550979,0.10048850692151025,0.09239269252883674,-0.037308412740790185,0.11099137478028531,0.5389221556886228,0.5380116959064327,0.4303242769500438,0.472910927456382,-0.04358125606826164,-0.016695960188125865,17,New York Giants,NFC,NFC East,https://a.espncdn.com/i/teamlogos/nfl/500/nyg.png,22,11,29,12,29,11,27,11,19,10,32,9,23,24,26,-0.016614414616060724,1
2025,22,KC,00-0037324,Chris Oladokun,0.5428669715130292,0.8618196695465391,1.4046866410595684,00-0037324,Chris Oladokun,-4.3037971883048085,2,-2.89911054724524,2.292605682809828,5.108649230273581,-2.76733915735967,0.043005321909103715,-0.00652639872975095,0.09373892046707764,0.05543220868216368,-0.059579971042832525,-0.10022360650708263,0.524390243902439,0.4294478527607362,0.4457611668185962,0.44097560975609756,0.04532420205787571,0.0037457040780167427,17,Kansas City Chiefs,AFC,AFC West,https://a.espncdn.com/i/teamlogos/nfl/500/kc.png,23,13,12,13,10,12,12,13,15,14,11,14,5,14,15,-0.15895926714411157,1
2025,22,DEN,00-0035264,Jarrett Stidham,-0.409466957346833,1.255047369996595,0.8455804126497619,00-0035264,Jarrett Stidham,-3.8343573594932083,5,-2.9887769468434464,2.292605682809828,2.497582322173783,-4.832641534619658,0.024021694175494126,-0.05487821917556897,0.08101648405025173,-0.034582495042084646,-0.07660185078038326,-0.09304907649083764,0.4405940594059406,0.4028436018957346,0.43120000000000003,0.38136942675159236,0.019706875789004083,0.003981253320292433,19,Denver Broncos,AFC,AFC West,https://a.espncdn.com/i/teamlogos/nfl/500/den.png,24,22,9,19,6,17,8,15,8,21,12,27,2,23,1,-1.1637281031328808,-5
2025,22,ARI,00-0033119,Jacoby Brissett,-0.7302321029752852,-1.4934894829413448,-2.22372158591663,00-0033119,Jacoby Brissett,-1.2768704546462182,65,-3.5005920405628483,2.292605682809828,0.5737614805801398,3.0495479292501635,-0.015279776619122522,0.08684130342205912,0.040504936737112904,0.1736698586022891,-0.14468068062141642,-0.0419381267328887,0.4911242603550296,0.5798816568047337,0.4293286219081272,0.48687782805429863,0.03949037649219678,-0.009882223859711145,17,Arizona Cardinals,NFC,NFC West,https://a.espncdn.com/i/teamlogos/nfl/500/ari.png,25,23,26,26,28,22,26,19,27,30,21,18,31,25,32,-0.039302749402532644,0
2025,22,TEN,00-0040676,Cam Ward,-2.5181346769142134,-1.4952059993245386,-4.013340676238752,00-0040676,Cam Ward,-0.11877556503376273,17,-4.132116241272514,2.292605682809828,-6.3875066574038275,0.8905964115027685,-0.14842680811935152,0.10385631037224925,-0.1650476660709369,0.19709230216066936,-0.1167548399116083,-0.042098303933573826,0.37988826815642457,0.52,0.37858508604206503,0.45332050048123196,-0.03214448029046627,0.03583927607466502,17,Tennessee Titans,AFC,AFC South,https://a.espncdn.com/i/teamlogos/nfl/500/ten.png,26,29,27,30,23,30,28,31,29,28,20,29,18,31,22,-0.03807834820210676,0
2025,22,CAR,00-0039150,Bryce Young,-0.9026785981789294,-0.9185218665883008,-1.8212004647672302,00-0039150,Bryce Young,-2.536022998429344,42,-4.357223463196574,2.292605682809828,1.5591114681241462,1.2561328105093044,-0.02617770360677499,0.06305963904373206,0.006575894616041395,0.1248124673977271,-0.07613067989180089,-0.018804757625969087,0.4682080924855491,0.5389221556886228,0.43670886075949367,0.44434470377019747,-0.04359366646314997,-0.044877342259768055,18,Carolina Panthers,NFC,NFC South,https://a.espncdn.com/i/teamlogos/nfl/500/car.png,27,26,22,21,24,25,23,24,24,20,27,22,25,17,17,0.0021977136213227055,0
2025,22,CLE,00-0040668,Shedeur Sanders,-3.5795222586067217,1.733794058537247,-1.8457282000694746,00-0040668,Shedeur Sanders,-3.347549763036998,7,-5.193277963106473,2.292605682809828,-11.26708027840236,-6.567015641053263,-0.17710012590952545,-0.08509470451526646,-0.21382580124723002,-0.0905936809850941,-0.11410217904560399,-0.0776371884808427,0.35602094240837695,0.4421052631578947,0.3515769944341373,0.40794573643410853,-0.033107150466413576,-0.05056916270604474,17,Cleveland Browns,AFC,AFC North,https://a.espncdn.com/i/teamlogos/nfl/500/cle.png,28,31,5,31,4,31,4,32,2,27,16,31,7,32,4,-0.0367341223168447,0
2025,22,MIA,00-0040234,Quinn Ewers,-0.22444381674800784,-1.4166289706365436,-1.6410727873845514,00-0040234,Quinn Ewers,-3.9629891409434883,3,-5.60406192832804,2.292605682809828,2.074366142077511,2.4494436540376103,-0.022045962388598603,0.08552511618891641,-0.017332058815305203,0.17102995615815478,-0.02839948459608102,-0.03828905161873355,0.4678362573099415,0.5235294117647059,0.4207818930041152,0.4830188679245283,-0.05017481349704612,-0.02205681791083216,17,Miami Dolphins,AFC,AFC East,https://a.espncdn.com/i/teamlogos/nfl/500/mia.png,29,21,24,20,25,23,25,26,26,9,22,23,20,27,30,-0.13492118180468538,0
2025,22,LV,00-0038102,Kenny Pickett,-4.35596854112592,-0.5633449894126012,-4.919313530538521,00-0038102,Kenny Pickett,-2.1851019343036855,27,-7.104415464842207,2.292605682809828,-11.564778156349863,-1.9443230439380277,-0.19231063582487057,0.027782374695241835,-0.12938204133413392,0.11449652487435842,-0.30597653014716986,-0.08777525340362329,0.3352272727272727,0.5380116959064327,0.38578680203045684,0.4477747502270663,-0.016820826193693263,-0.011694679848681997,17,Las Vegas Raiders,AFC,AFC West,https://a.espncdn.com/i/teamlogos/nfl/500/lv.png,30,32,20,32,13,32,20,29,22,32,14,32,23,30,19,-0.02647793775374563,0
2025,22,WAS,00-0026300,Josh Johnson,0.3674580043866751,-3.4824877686173807,-3.1150297642307057,00-0026300,Josh Johnson,-4.133306050582086,6,-7.248335814812792,2.292605682809828,6.592603073142903,3.916597486739774,0.03388608931948894,0.15216186513408275,0.08444617904347164,0.23886093417186327,-0.040566357839693215,0.028493712545560317,0.5283018867924528,0.5792682926829268,0.4642857142857143,0.4790365744870651,-0.033410806832204584,-0.003129549165184552,17,Washington Commanders,NFC,NFC East,https://a.espncdn.com/i/teamlogos/nfl/500/was.png,31,15,32,8,30,15,31,14,30,11,28,13,30,9,28,-0.11434436625508937,0
2025,22,NYJ,00-0040398,Brady Cook,-2.94852438960112,-2.8060061698895624,-5.754530559490682,00-0040398,Brady Cook,-3.4065466915956084,2,-9.16107725108629,2.292605682809828,-4.398948520332996,2.866650538934478,-0.12405862431779306,0.14693453141380872,-0.13100578983638742,0.2899798837635952,-0.11312199741228311,-0.034452874143136955,0.3672316384180791,0.5280898876404494,0.4076923076923077,0.4572727272727273,-0.0888693532410398,-0.02575184101883228,17,New York Jets,AFC,AFC East,https://a.espncdn.com/i/teamlogos/nfl/500/nyj.png,32,30,31,28,27,29,30,30,32,26,24,30,21,29,23,-0.0842157394503058,0
