season,week,team,conference,logo,games,prior_weight,power_pts,off_pts,def_pts,power_rank,off_rank,def_rank,off_wepa,off_pass_epa,off_rush_epa,off_eckel_rate,off_eckel_rate_oe,def_wepa,def_pass_epa,def_rush_epa,def_eckel_rate,def_eckel_rate_oe,adj_off_rush_epa,adj_def_rush_epa,adj_off_pass_epa,adj_def_pass_epa,off_wepa_rank,off_pass_epa_rank,off_rush_epa_rank,off_eckel_rate_rank,def_wepa_rank,def_pass_epa_rank,def_rush_epa_rank,def_eckel_rate_rank,power_change,rank_change
2026,0,Notre Dame,FBS Independents,https://a.espncdn.com/i/teamlogos/ncaa/500/87.png,0,1,32.049622752310015,16.15031828030074,15.89930447200927,1,1,2,NA,NA,NA,NA,NA,NA,NA,NA,NA,NA,NA,NA,NA,NA,NA,NA,NA,NA,NA,NA,NA,NA,0,0
2026,0,Ohio State,Big Ten,https://a.espncdn.com/i/teamlogos/ncaa/500/194.png,0,1,27.61963483196046,9.520336358874667,18.099298473085796,2,14,1,NA,NA,NA,NA,NA,NA,NA,NA,NA,NA,NA,NA,NA,NA,NA,NA,NA,NA,NA,NA,NA,NA,0,0
2026,0,Texas Tech,Big 12,https://a.espncdn.com/i/teamlogos/ncaa/500/2641.png,0,1,25.219641376240617,10.890332623181413,14.329308753059204,3,9,3,NA,NA,NA,NA,NA,NA,NA,NA,NA,NA,NA,NA,NA,NA,NA,NA,NA,NA,NA,NA,NA,NA,0,0
2026,0,Oregon,Big Ten,https://a.espncdn.com/i/teamlogos/ncaa/500/2483.png,0,1,25.029641894329465,13.280326106169092,11.749315788160372,4,3,9,NA,NA,NA,NA,NA,NA,NA,NA,NA,NA,NA,NA,NA,NA,NA,NA,NA,NA,NA,NA,NA,NA,0,0
2026,0,Georgia,SEC,https://a.espncdn.com/i/teamlogos/ncaa/500/61.png,0,1,24.449643475863834,10.460333795698276,13.989309680165558,5,11,6,NA,NA,NA,NA,NA,NA,NA,NA,NA,NA,NA,NA,NA,NA,NA,NA,NA,NA,NA,NA,NA,NA,0,0
2026,0,Ole Miss,SEC,https://a.espncdn.com/i/teamlogos/ncaa/500/145.png,0,1,23.949644839255534,13.030326787864942,10.91931805139059,6,4,11,NA,NA,NA,NA,NA,NA,NA,NA,NA,NA,NA,NA,NA,NA,NA,NA,NA,NA,NA,NA,NA,NA,0,0
2026,0,Indiana,Big Ten,https://a.espncdn.com/i/teamlogos/ncaa/500/84.png,0,1,23.34964647532557,9.030337694998533,14.31930878032704,7,15,4,NA,NA,NA,NA,NA,NA,NA,NA,NA,NA,NA,NA,NA,NA,NA,NA,NA,NA,NA,NA,NA,NA,0,0
2026,0,Penn State,Big Ten,https://a.espncdn.com/i/teamlogos/ncaa/500/213.png,0,1,21.359651901624535,10.80033286859192,10.559319033032615,8,10,12,NA,NA,NA,NA,NA,NA,NA,NA,NA,NA,NA,NA,NA,NA,NA,NA,NA,NA,NA,NA,NA,NA,0,0
2026,0,Texas,SEC,https://a.espncdn.com/i/teamlogos/ncaa/500/251.png,0,1,21.34965192889237,10.030334968215135,11.319316960677234,9,12,10,NA,NA,NA,NA,NA,NA,NA,NA,NA,NA,NA,NA,NA,NA,NA,NA,NA,NA,NA,NA,NA,NA,0,0
2026,0,Texas A&M,SEC,https://a.espncdn.com/i/teamlogos/ncaa/500/245.png,0,1,21.28965209249937,11.090332077824733,10.199320014674637,10,8,14,NA,NA,NA,NA,NA,NA,NA,NA,NA,NA,NA,NA,NA,NA,NA,NA,NA,NA,NA,NA,NA,NA,0,0
2026,0,Tennessee,SEC,https://a.espncdn.com/i/teamlogos/ncaa/500/2633.png,0,1,19.40965721885216,15.88031901653226,3.5293382023198987,11,2,41,NA,NA,NA,NA,NA,NA,NA,NA,NA,NA,NA,NA,NA,NA,NA,NA,NA,NA,NA,NA,NA,NA,0,0
2026,0,USC,Big Ten,https://a.espncdn.com/i/teamlogos/ncaa/500/30.png,0,1,18.429659891099888,11.35033136886105,7.079328522238837,12,7,28,NA,NA,NA,NA,NA,NA,NA,NA,NA,NA,NA,NA,NA,NA,NA,NA,NA,NA,NA,NA,NA,NA,0,0
2026,0,Michigan,Big Ten,https://a.espncdn.com/i/teamlogos/ncaa/500/130.png,0,1,17.099663517721808,7.05034309402966,10.049320423692148,13,21,17,NA,NA,NA,NA,NA,NA,NA,NA,NA,NA,NA,NA,NA,NA,NA,NA,NA,NA,NA,NA,NA,NA,0,0
2026,0,Utah,Big 12,https://a.espncdn.com/i/teamlogos/ncaa/500/254.png,0,1,15.939666680790548,6.740343939332514,9.199322741458035,14,23,19,NA,NA,NA,NA,NA,NA,NA,NA,NA,NA,NA,NA,NA,NA,NA,NA,NA,NA,NA,NA,NA,NA,0,0
2026,0,Alabama,SEC,https://a.espncdn.com/i/teamlogos/ncaa/500/333.png,0,1,15.899666789861886,3.5003527741107225,12.399314015751163,15,43,8,NA,NA,NA,NA,NA,NA,NA,NA,NA,NA,NA,NA,NA,NA,NA,NA,NA,NA,NA,NA,NA,NA,0,0
2026,0,SMU,ACC,https://a.espncdn.com/i/teamlogos/ncaa/500/2567.png,0,1,15.669667417022065,8.500339140193734,7.169328276828331,16,16,27,NA,NA,NA,NA,NA,NA,NA,NA,NA,NA,NA,NA,NA,NA,NA,NA,NA,NA,NA,NA,NA,NA,0,0
2026,0,Oklahoma,SEC,https://a.espncdn.com/i/teamlogos/ncaa/500/201.png,0,1,15.129668889485101,2.130356509803977,12.999312379681124,17,52,7,NA,NA,NA,NA,NA,NA,NA,NA,NA,NA,NA,NA,NA,NA,NA,NA,NA,NA,NA,NA,NA,NA,0,0
2026,0,Miami,ACC,https://a.espncdn.com/i/teamlogos/ncaa/500/2390.png,0,1,14.279671207250988,3.950351547058194,10.329319660192795,18,39,13,NA,NA,NA,NA,NA,NA,NA,NA,NA,NA,NA,NA,NA,NA,NA,NA,NA,NA,NA,NA,NA,NA,0,0
2026,0,Washington,Big Ten,https://a.espncdn.com/i/teamlogos/ncaa/500/264.png,0,1,13.629672979660198,3.4803528286463905,10.149320151013807,19,44,16,NA,NA,NA,NA,NA,NA,NA,NA,NA,NA,NA,NA,NA,NA,NA,NA,NA,NA,NA,NA,NA,NA,0,0
2026,0,LSU,SEC,https://a.espncdn.com/i/teamlogos/ncaa/500/99.png,0,1,13.209674124909224,-0.8596353371136632,14.069309462022888,20,74,5,NA,NA,NA,NA,NA,NA,NA,NA,NA,NA,NA,NA,NA,NA,NA,NA,NA,NA,NA,NA,NA,NA,0,0
2026,0,South Carolina,SEC,https://a.espncdn.com/i/teamlogos/ncaa/500/2579.png,0,1,12.78967527015825,2.960354246573757,9.829321023584493,21,47,18,NA,NA,NA,NA,NA,NA,NA,NA,NA,NA,NA,NA,NA,NA,NA,NA,NA,NA,NA,NA,NA,NA,0,0
2026,0,BYU,Big 12,https://a.espncdn.com/i/teamlogos/ncaa/500/252.png,0,1,11.819677915138149,3.750352092414873,8.069325822723275,22,41,24,NA,NA,NA,NA,NA,NA,NA,NA,NA,NA,NA,NA,NA,NA,NA,NA,NA,NA,NA,NA,NA,NA,0,0
2026,0,Nebraska,Big Ten,https://a.espncdn.com/i/teamlogos/ncaa/500/158.png,0,1,11.539678678637497,3.950351547058194,7.589327131579304,23,39,26,NA,NA,NA,NA,NA,NA,NA,NA,NA,NA,NA,NA,NA,NA,NA,NA,NA,NA,NA,NA,NA,NA,0,0
2026,0,Iowa,Big Ten,https://a.espncdn.com/i/teamlogos/ncaa/500/2294.png,0,1,10.189682359795086,1.8203573551068308,8.369325004688255,24,53,22,NA,NA,NA,NA,NA,NA,NA,NA,NA,NA,NA,NA,NA,NA,NA,NA,NA,NA,NA,NA,NA,NA,0,0
2026,0,Virginia,ACC,https://a.espncdn.com/i/teamlogos/ncaa/500/258.png,0,1,9.79968342324061,3.220353537610074,6.5793298856305364,25,46,29,NA,NA,NA,NA,NA,NA,NA,NA,NA,NA,NA,NA,NA,NA,NA,NA,NA,NA,NA,NA,NA,NA,0,0
2026,0,Clemson,ACC,https://a.espncdn.com/i/teamlogos/ncaa/500/228.png,0,1,9.319684732096643,0.6103606545147421,8.7093240775819,26,63,20,NA,NA,NA,NA,NA,NA,NA,NA,NA,NA,NA,NA,NA,NA,NA,NA,NA,NA,NA,NA,NA,NA,0,0
2026,0,Missouri,SEC,https://a.espncdn.com/i/teamlogos/ncaa/500/142.png,0,1,9.169685141114151,4.080351192576352,5.089333948537798,27,34,35,NA,NA,NA,NA,NA,NA,NA,NA,NA,NA,NA,NA,NA,NA,NA,NA,NA,NA,NA,NA,NA,NA,0,0
2026,0,Kansas State,Big 12,https://a.espncdn.com/i/teamlogos/ncaa/500/2306.png,0,1,8.829686068220505,7.1703427668156525,1.6593433014048533,28,20,53,NA,NA,NA,NA,NA,NA,NA,NA,NA,NA,NA,NA,NA,NA,NA,NA,NA,NA,NA,NA,NA,NA,0,0
2026,0,Auburn,SEC,https://a.espncdn.com/i/teamlogos/ncaa/500/2.png,0,1,8.659686531773684,0.46036106353225176,8.199325468241431,29,64,23,NA,NA,NA,NA,NA,NA,NA,NA,NA,NA,NA,NA,NA,NA,NA,NA,NA,NA,NA,NA,NA,NA,0,0
2026,0,Arizona State,Big 12,https://a.espncdn.com/i/teamlogos/ncaa/500/9.png,0,1,8.519686913523358,0.9103598364797227,7.609327077043636,30,59,25,NA,NA,NA,NA,NA,NA,NA,NA,NA,NA,NA,NA,NA,NA,NA,NA,NA,NA,NA,NA,NA,NA,0,0
2026,0,Vanderbilt,SEC,https://a.espncdn.com/i/teamlogos/ncaa/500/238.png,0,1,7.959688440522062,7.7903410762099465,0.1693473643121158,31,17,68,NA,NA,NA,NA,NA,NA,NA,NA,NA,NA,NA,NA,NA,NA,NA,NA,NA,NA,NA,NA,NA,NA,0,0
2026,0,Arizona,Big 12,https://a.espncdn.com/i/teamlogos/ncaa/500/12.png,0,1,7.909688576861232,4.080351192576352,3.82933738428488,32,34,40,NA,NA,NA,NA,NA,NA,NA,NA,NA,NA,NA,NA,NA,NA,NA,NA,NA,NA,NA,NA,NA,NA,0,0
2026,0,Florida,SEC,https://a.espncdn.com/i/teamlogos/ncaa/500/57.png,0,1,7.699689149485746,-0.7996355007206671,8.499324650206413,33,73,21,NA,NA,NA,NA,NA,NA,NA,NA,NA,NA,NA,NA,NA,NA,NA,NA,NA,NA,NA,NA,NA,NA,0,0
2026,0,Air Force,Mountain West,https://a.espncdn.com/i/teamlogos/ncaa/500/2005.png,0,1,7.649689285824916,5.750346638848078,1.8993426469768382,34,26,51,NA,NA,NA,NA,NA,NA,NA,NA,NA,NA,NA,NA,NA,NA,NA,NA,NA,NA,NA,NA,NA,NA,0,0
2026,0,Arkansas,SEC,https://a.espncdn.com/i/teamlogos/ncaa/500/8.png,0,1,7.329690158395603,11.750330278147691,-4.420640119752089,35,5,99,NA,NA,NA,NA,NA,NA,NA,NA,NA,NA,NA,NA,NA,NA,NA,NA,NA,NA,NA,NA,NA,NA,0,0
2026,0,Pittsburgh,ACC,https://a.espncdn.com/i/teamlogos/ncaa/500/221.png,0,1,7.269690322002607,6.990343257636665,0.2793470643659415,36,22,66,NA,NA,NA,NA,NA,NA,NA,NA,NA,NA,NA,NA,NA,NA,NA,NA,NA,NA,NA,NA,NA,NA,0,0
2026,0,South Florida,American Athletic,https://a.espncdn.com/i/teamlogos/ncaa/500/58.png,0,1,7.239690403806108,9.660335977124992,-2.420645573318884,37,13,82,NA,NA,NA,NA,NA,NA,NA,NA,NA,NA,NA,NA,NA,NA,NA,NA,NA,NA,NA,NA,NA,NA,0,0
2026,0,Florida State,ACC,https://a.espncdn.com/i/teamlogos/ncaa/500/52.png,0,1,7.129690703752281,4.480350101862993,2.6493406018892887,38,32,45,NA,NA,NA,NA,NA,NA,NA,NA,NA,NA,NA,NA,NA,NA,NA,NA,NA,NA,NA,NA,NA,NA,0,0
2026,0,Cincinnati,Big 12,https://a.espncdn.com/i/teamlogos/ncaa/500/2132.png,0,1,6.559692258018819,3.990351437986858,2.5693408200319605,39,38,46,NA,NA,NA,NA,NA,NA,NA,NA,NA,NA,NA,NA,NA,NA,NA,NA,NA,NA,NA,NA,NA,NA,0,0
2026,0,Memphis,American Athletic,https://a.espncdn.com/i/teamlogos/ncaa/500/235.png,0,1,5.769694412177703,4.760349338363641,1.0093450738140617,40,30,59,NA,NA,NA,NA,NA,NA,NA,NA,NA,NA,NA,NA,NA,NA,NA,NA,NA,NA,NA,NA,NA,NA,0,0
2026,0,Louisville,ACC,https://a.espncdn.com/i/teamlogos/ncaa/500/97.png,0,1,5.449695284748391,0.9803596456048849,4.469335639143506,41,57,38,NA,NA,NA,NA,NA,NA,NA,NA,NA,NA,NA,NA,NA,NA,NA,NA,NA,NA,NA,NA,NA,NA,0,0
2026,0,James Madison,Sun Belt,https://a.espncdn.com/i/teamlogos/ncaa/500/256.png,0,1,5.169696048247742,6.3603449755102055,-1.1906489272624634,42,24,73,NA,NA,NA,NA,NA,NA,NA,NA,NA,NA,NA,NA,NA,NA,NA,NA,NA,NA,NA,NA,NA,NA,0,0
2026,0,Minnesota,Big Ten,https://a.espncdn.com/i/teamlogos/ncaa/500/135.png,0,1,5.14969610278341,-0.9696350371674894,6.1193311399509,43,75,32,NA,NA,NA,NA,NA,NA,NA,NA,NA,NA,NA,NA,NA,NA,NA,NA,NA,NA,NA,NA,NA,NA,0,0
2026,0,Iowa State,Big 12,https://a.espncdn.com/i/teamlogos/ncaa/500/66.png,0,1,4.89969678447926,-1.229634328203806,6.129331112683066,44,77,31,NA,NA,NA,NA,NA,NA,NA,NA,NA,NA,NA,NA,NA,NA,NA,NA,NA,NA,NA,NA,NA,NA,0,0
2026,0,Wisconsin,Big Ten,https://a.espncdn.com/i/teamlogos/ncaa/500/275.png,0,1,4.709697302568105,-5.459622793910033,10.169320096478138,45,111,15,NA,NA,NA,NA,NA,NA,NA,NA,NA,NA,NA,NA,NA,NA,NA,NA,NA,NA,NA,NA,NA,NA,0,0
2026,0,TCU,Big 12,https://a.espncdn.com/i/teamlogos/ncaa/500/2628.png,0,1,3.9996992385843173,2.1603564280004757,1.8393428105838419,46,51,52,NA,NA,NA,NA,NA,NA,NA,NA,NA,NA,NA,NA,NA,NA,NA,NA,NA,NA,NA,NA,NA,NA,0,0
2026,0,Kansas,Big 12,https://a.espncdn.com/i/teamlogos/ncaa/500/2305.png,0,1,3.5997003292976766,2.1903563461969737,1.4093439831007026,47,50,58,NA,NA,NA,NA,NA,NA,NA,NA,NA,NA,NA,NA,NA,NA,NA,NA,NA,NA,NA,NA,NA,NA,0,0
2026,0,Colorado,Big 12,https://a.espncdn.com/i/teamlogos/ncaa/500/38.png,0,1,3.469700683779518,1.8203573551068308,1.6493433286726873,48,53,54,NA,NA,NA,NA,NA,NA,NA,NA,NA,NA,NA,NA,NA,NA,NA,NA,NA,NA,NA,NA,NA,NA,0,0
2026,0,Baylor,Big 12,https://a.espncdn.com/i/teamlogos/ncaa/500/239.png,0,1,3.4497007383151863,7.1903427122799854,-3.740641973964799,49,19,94,NA,NA,NA,NA,NA,NA,NA,NA,NA,NA,NA,NA,NA,NA,NA,NA,NA,NA,NA,NA,NA,NA,0,0
2026,0,Army,American Athletic,https://a.espncdn.com/i/teamlogos/ncaa/500/349.png,0,1,3.3097011200648616,-1.689633073883443,4.999334193948305,50,81,36,NA,NA,NA,NA,NA,NA,NA,NA,NA,NA,NA,NA,NA,NA,NA,NA,NA,NA,NA,NA,NA,NA,0,0
2026,0,Virginia Tech,ACC,https://a.espncdn.com/i/teamlogos/ncaa/500/259.png,0,1,3.1297016108858733,0.2103617452281012,2.919339865657772,51,67,44,NA,NA,NA,NA,NA,NA,NA,NA,NA,NA,NA,NA,NA,NA,NA,NA,NA,NA,NA,NA,NA,NA,0,0
2026,0,North Texas,American Athletic,https://a.espncdn.com/i/teamlogos/ncaa/500/249.png,0,1,2.959702074439051,3.7203521742183754,-0.7606500997793244,52,42,71,NA,NA,NA,NA,NA,NA,NA,NA,NA,NA,NA,NA,NA,NA,NA,NA,NA,NA,NA,NA,NA,NA,0,0
2026,0,Boise State,Pac-12,https://a.espncdn.com/i/teamlogos/ncaa/500/68.png,0,1,2.929702156242553,2.410355746304626,0.5193464099379267,53,48,64,NA,NA,NA,NA,NA,NA,NA,NA,NA,NA,NA,NA,NA,NA,NA,NA,NA,NA,NA,NA,NA,NA,0,0
2026,0,Houston,Big 12,https://a.espncdn.com/i/teamlogos/ncaa/500/248.png,0,1,2.849702374385225,1.4203584458201899,1.429343928565035,54,56,56,NA,NA,NA,NA,NA,NA,NA,NA,NA,NA,NA,NA,NA,NA,NA,NA,NA,NA,NA,NA,NA,NA,0,0
2026,0,Navy,American Athletic,https://a.espncdn.com/i/teamlogos/ncaa/500/2426.png,0,1,2.8197024561887263,0.38036128167492356,2.4393411745138027,55,65,48,NA,NA,NA,NA,NA,NA,NA,NA,NA,NA,NA,NA,NA,NA,NA,NA,NA,NA,NA,NA,NA,NA,0,0
2026,0,UCLA,Big Ten,https://a.espncdn.com/i/teamlogos/ncaa/500/26.png,0,1,2.4197035469020856,4.360350429077001,-1.9406468821749152,56,33,78,NA,NA,NA,NA,NA,NA,NA,NA,NA,NA,NA,NA,NA,NA,NA,NA,NA,NA,NA,NA,NA,NA,0,0
2026,0,Duke,ACC,https://a.espncdn.com/i/teamlogos/ncaa/500/150.png,0,1,2.3897036287055875,5.540347211472591,-3.1506435827670036,57,28,87,NA,NA,NA,NA,NA,NA,NA,NA,NA,NA,NA,NA,NA,NA,NA,NA,NA,NA,NA,NA,NA,NA,0,0
2026,0,UCF,Big 12,https://a.espncdn.com/i/teamlogos/ncaa/500/2116.png,0,1,2.379703655973421,-3.8696271294956364,6.249330785469057,58,99,30,NA,NA,NA,NA,NA,NA,NA,NA,NA,NA,NA,NA,NA,NA,NA,NA,NA,NA,NA,NA,NA,NA,0,0
2026,0,San Diego State,Pac-12,https://a.espncdn.com/i/teamlogos/ncaa/500/21.png,0,1,2.3097038468482594,-3.5596279747984894,5.869331821646749,59,94,34,NA,NA,NA,NA,NA,NA,NA,NA,NA,NA,NA,NA,NA,NA,NA,NA,NA,NA,NA,NA,NA,NA,0,0
2026,0,Illinois,Big Ten,https://a.espncdn.com/i/teamlogos/ncaa/500/356.png,0,1,2.079704474008441,2.320355991715132,-0.24065151770669083,60,49,69,NA,NA,NA,NA,NA,NA,NA,NA,NA,NA,NA,NA,NA,NA,NA,NA,NA,NA,NA,NA,NA,NA,0,0
2026,0,UNLV,Mountain West,https://a.espncdn.com/i/teamlogos/ncaa/500/2439.png,0,1,1.9997046921511128,5.460347429615263,-3.46064273746415,61,29,91,NA,NA,NA,NA,NA,NA,NA,NA,NA,NA,NA,NA,NA,NA,NA,NA,NA,NA,NA,NA,NA,NA,0,0
2026,0,Northwestern,Big Ten,https://a.espncdn.com/i/teamlogos/ncaa/500/77.png,0,1,1.9597048012224487,-4.089626529603288,6.049331330825737,62,101,33,NA,NA,NA,NA,NA,NA,NA,NA,NA,NA,NA,NA,NA,NA,NA,NA,NA,NA,NA,NA,NA,NA,0,0
2026,0,Kentucky,SEC,https://a.espncdn.com/i/teamlogos/ncaa/500/96.png,0,1,1.7397054011147959,-2.719630265296544,4.45933566641134,63,89,39,NA,NA,NA,NA,NA,NA,NA,NA,NA,NA,NA,NA,NA,NA,NA,NA,NA,NA,NA,NA,NA,NA,0,0
2026,0,Georgia Tech,ACC,https://a.espncdn.com/i/teamlogos/ncaa/500/59.png,0,1,1.6197057283288039,0.8903598910153907,0.7293458373134132,64,60,61,NA,NA,NA,NA,NA,NA,NA,NA,NA,NA,NA,NA,NA,NA,NA,NA,NA,NA,NA,NA,NA,NA,0,0
2026,0,UTSA,American Athletic,https://a.espncdn.com/i/teamlogos/ncaa/500/2636.png,0,1,1.5697058646679736,7.430342057851969,-5.860636193183995,65,18,110,NA,NA,NA,NA,NA,NA,NA,NA,NA,NA,NA,NA,NA,NA,NA,NA,NA,NA,NA,NA,NA,NA,0,0
2026,0,Maryland,Big Ten,https://a.espncdn.com/i/teamlogos/ncaa/500/120.png,0,1,0.8797077461485183,-1.609633292026115,2.4893410381746333,66,80,47,NA,NA,NA,NA,NA,NA,NA,NA,NA,NA,NA,NA,NA,NA,NA,NA,NA,NA,NA,NA,NA,NA,0,0
2026,0,NC State,ACC,https://a.espncdn.com/i/teamlogos/ncaa/500/152.png,0,1,0.8497078279520194,5.690346802455082,-4.8406389745030625,67,27,102,NA,NA,NA,NA,NA,NA,NA,NA,NA,NA,NA,NA,NA,NA,NA,NA,NA,NA,NA,NA,NA,NA,0,0
2026,0,Texas State,Pac-12,https://a.espncdn.com/i/teamlogos/ncaa/500/326.png,0,1,0.6697083187730328,11.73033033268336,-11.060622013910328,68,6,131,NA,NA,NA,NA,NA,NA,NA,NA,NA,NA,NA,NA,NA,NA,NA,NA,NA,NA,NA,NA,NA,NA,0,0
2026,0,North Dakota State,Mountain West,https://a.espncdn.com/combiner/i?img=/i/teamlogos/ncaa/500/2449.png&h=200&w=200,0,1,0.36970913680805106,0.8703599455510587,-0.5006508087430076,69,61,70,NA,NA,NA,NA,NA,NA,NA,NA,NA,NA,NA,NA,NA,NA,NA,NA,NA,NA,NA,NA,NA,NA,0,0
2026,0,Wake Forest,ACC,https://a.espncdn.com/i/teamlogos/ncaa/500/154.png,0,1,0.19970960036122865,-4.679624920801084,4.8793345211623125,70,105,37,NA,NA,NA,NA,NA,NA,NA,NA,NA,NA,NA,NA,NA,NA,NA,NA,NA,NA,NA,NA,NA,NA,0,0
2026,0,Mississippi State,SEC,https://a.espncdn.com/i/teamlogos/ncaa/500/344.png,0,1,0.05970998211090439,3.310353292199568,-3.250643310088664,71,45,89,NA,NA,NA,NA,NA,NA,NA,NA,NA,NA,NA,NA,NA,NA,NA,NA,NA,NA,NA,NA,NA,NA,0,0
2026,0,New Mexico,Mountain West,https://a.espncdn.com/i/teamlogos/ncaa/500/167.png,0,1,-0.7402878364623773,-2.169631765027412,1.4293439285650347,72,84,57,NA,NA,NA,NA,NA,NA,NA,NA,NA,NA,NA,NA,NA,NA,NA,NA,NA,NA,NA,NA,NA,NA,0,0
2026,0,West Virginia,Big 12,https://a.espncdn.com/i/teamlogos/ncaa/500/277.png,0,1,-0.7802877273910417,0.6503605454434062,-1.4306482728344478,73,62,75,NA,NA,NA,NA,NA,NA,NA,NA,NA,NA,NA,NA,NA,NA,NA,NA,NA,NA,NA,NA,NA,NA,0,0
2026,0,Liberty,Conference USA,https://a.espncdn.com/i/teamlogos/ncaa/500/2335.png,0,1,-1.150286718481184,0.16036188156727108,-1.3106486000484552,74,68,74,NA,NA,NA,NA,NA,NA,NA,NA,NA,NA,NA,NA,NA,NA,NA,NA,NA,NA,NA,NA,NA,NA,0,0
2026,0,Jacksonville State,Conference USA,https://a.espncdn.com/i/teamlogos/ncaa/500/55.png,0,1,-1.6502853550894852,0.24036166342459925,-1.8906470185140845,75,66,77,NA,NA,NA,NA,NA,NA,NA,NA,NA,NA,NA,NA,NA,NA,NA,NA,NA,NA,NA,NA,NA,NA,0,0
2026,0,Rutgers,Big Ten,https://a.espncdn.com/i/teamlogos/ncaa/500/164.png,0,1,-1.6902852460181492,4.070351219844186,-5.760636465862335,76,36,108,NA,NA,NA,NA,NA,NA,NA,NA,NA,NA,NA,NA,NA,NA,NA,NA,NA,NA,NA,NA,NA,NA,0,0
2026,0,UConn,FBS Independents,https://a.espncdn.com/i/teamlogos/ncaa/500/41.png,0,1,-1.8102849188041414,4.5603498837203205,-6.370634802524462,77,31,111,NA,NA,NA,NA,NA,NA,NA,NA,NA,NA,NA,NA,NA,NA,NA,NA,NA,NA,NA,NA,NA,NA,0,0
2026,0,Tulane,American Athletic,https://a.espncdn.com/i/teamlogos/ncaa/500/2655.png,0,1,-2.0402842916439603,-2.559630701581887,0.5193464099379267,78,88,64,NA,NA,NA,NA,NA,NA,NA,NA,NA,NA,NA,NA,NA,NA,NA,NA,NA,NA,NA,NA,NA,NA,0,0
2026,0,Toledo,Mid-American,https://a.espncdn.com/i/teamlogos/ncaa/500/2649.png,0,1,-2.3002835826802768,-5.5996224121603575,3.2993388294800807,79,112,43,NA,NA,NA,NA,NA,NA,NA,NA,NA,NA,NA,NA,NA,NA,NA,NA,NA,NA,NA,NA,NA,NA,0,0
2026,0,Fresno State,Pac-12,https://a.espncdn.com/i/teamlogos/ncaa/500/278.png,0,1,-2.4002833100019374,-5.899621594125339,3.4993382841234015,80,114,42,NA,NA,NA,NA,NA,NA,NA,NA,NA,NA,NA,NA,NA,NA,NA,NA,NA,NA,NA,NA,NA,NA,0,0
2026,0,Washington State,Pac-12,https://a.espncdn.com/i/teamlogos/ncaa/500/265.png,0,1,-2.640282655573922,-4.819624539051408,2.1793418834774863,81,106,49,NA,NA,NA,NA,NA,NA,NA,NA,NA,NA,NA,NA,NA,NA,NA,NA,NA,NA,NA,NA,NA,NA,0,0
2026,0,California,ACC,https://a.espncdn.com/i/teamlogos/ncaa/500/25.png,0,1,-3.1502812649143896,0.9703596728727188,-4.120640937787108,82,58,96,NA,NA,NA,NA,NA,NA,NA,NA,NA,NA,NA,NA,NA,NA,NA,NA,NA,NA,NA,NA,NA,NA,0,0
2026,0,Miami (OH),Mid-American,https://a.espncdn.com/i/teamlogos/ncaa/500/193.png,0,1,-3.2202810740395513,-3.7496274567096437,0.5293463826700925,83,98,63,NA,NA,NA,NA,NA,NA,NA,NA,NA,NA,NA,NA,NA,NA,NA,NA,NA,NA,NA,NA,NA,NA,0,0
2026,0,Old Dominion,Sun Belt,https://a.espncdn.com/i/teamlogos/ncaa/500/295.png,0,1,-3.470280392343702,-4.949624184569567,1.479343792225865,84,107,55,NA,NA,NA,NA,NA,NA,NA,NA,NA,NA,NA,NA,NA,NA,NA,NA,NA,NA,NA,NA,NA,NA,0,0
2026,0,Marshall,Sun Belt,https://a.espncdn.com/i/teamlogos/ncaa/500/276.png,0,1,-3.480280365075867,6.090345711741723,-9.57062607681759,85,25,124,NA,NA,NA,NA,NA,NA,NA,NA,NA,NA,NA,NA,NA,NA,NA,NA,NA,NA,NA,NA,NA,NA,0,0
2026,0,Michigan State,Big Ten,https://a.espncdn.com/i/teamlogos/ncaa/500/127.png,0,1,-3.9602790562198367,-1.5196335374366208,-2.440645518783216,86,78,83,NA,NA,NA,NA,NA,NA,NA,NA,NA,NA,NA,NA,NA,NA,NA,NA,NA,NA,NA,NA,NA,NA,0,0
2026,0,Purdue,Big Ten,https://a.espncdn.com/i/teamlogos/ncaa/500/2509.png,0,1,-4.270278210916983,-2.109631928634416,-2.1606462822825674,87,83,80,NA,NA,NA,NA,NA,NA,NA,NA,NA,NA,NA,NA,NA,NA,NA,NA,NA,NA,NA,NA,NA,NA,0,0
2026,0,East Carolina,American Athletic,https://a.espncdn.com/i/teamlogos/ncaa/500/151.png,0,1,-4.5302775019533,-3.449628274744663,-1.080649227208637,88,92,72,NA,NA,NA,NA,NA,NA,NA,NA,NA,NA,NA,NA,NA,NA,NA,NA,NA,NA,NA,NA,NA,NA,0,0
2026,0,Syracuse,ACC,https://a.espncdn.com/i/teamlogos/ncaa/500/183.png,0,1,-4.770276847525285,-2.519630810653223,-2.250646036872061,89,87,81,NA,NA,NA,NA,NA,NA,NA,NA,NA,NA,NA,NA,NA,NA,NA,NA,NA,NA,NA,NA,NA,NA,0,0
2026,0,Utah State,Pac-12,https://a.espncdn.com/i/teamlogos/ncaa/500/328.png,0,1,-4.860276602114779,-0.5996360460773467,-4.2606405560374325,90,71,97,NA,NA,NA,NA,NA,NA,NA,NA,NA,NA,NA,NA,NA,NA,NA,NA,NA,NA,NA,NA,NA,NA,0,0
2026,0,Stanford,ACC,https://a.espncdn.com/i/teamlogos/ncaa/500/24.png,0,1,-5.070276029490266,-5.849621730464508,0.7793457009742426,91,113,60,NA,NA,NA,NA,NA,NA,NA,NA,NA,NA,NA,NA,NA,NA,NA,NA,NA,NA,NA,NA,NA,NA,0,0
2026,0,Louisiana Tech,Sun Belt,https://a.espncdn.com/i/teamlogos/ncaa/500/2348.png,0,1,-5.270275484133585,-3.169629038244014,-2.100646445889571,92,91,79,NA,NA,NA,NA,NA,NA,NA,NA,NA,NA,NA,NA,NA,NA,NA,NA,NA,NA,NA,NA,NA,NA,0,0
2026,0,Western Michigan,Mid-American,https://a.espncdn.com/i/teamlogos/ncaa/500/2711.png,0,1,-5.620274529759397,-7.6496168222543925,2.029342292494996,93,121,50,NA,NA,NA,NA,NA,NA,NA,NA,NA,NA,NA,NA,NA,NA,NA,NA,NA,NA,NA,NA,NA,NA,0,0
2026,0,Florida Atlantic,American Athletic,https://a.espncdn.com/i/teamlogos/ncaa/500/2226.png,0,1,-6.54027202111867,4.01035138345119,-10.55062340456986,94,37,127,NA,NA,NA,NA,NA,NA,NA,NA,NA,NA,NA,NA,NA,NA,NA,NA,NA,NA,NA,NA,NA,NA,0,0
2026,0,Oklahoma State,Big 12,https://a.espncdn.com/i/teamlogos/ncaa/500/197.png,0,1,-6.750271448494157,-2.3796311924028988,-4.370640256091258,95,86,98,NA,NA,NA,NA,NA,NA,NA,NA,NA,NA,NA,NA,NA,NA,NA,NA,NA,NA,NA,NA,NA,NA,0,0
2026,0,North Carolina,ACC,https://a.espncdn.com/i/teamlogos/ncaa/500/153.png,0,1,-6.800271312154987,-5.359623066588374,-1.4406482455666132,96,110,76,NA,NA,NA,NA,NA,NA,NA,NA,NA,NA,NA,NA,NA,NA,NA,NA,NA,NA,NA,NA,NA,NA,0,0
2026,0,Boston College,ACC,https://a.espncdn.com/i/teamlogos/ncaa/500/103.png,0,1,-6.920270984940979,-3.5396280293341573,-3.380642955606822,97,93,90,NA,NA,NA,NA,NA,NA,NA,NA,NA,NA,NA,NA,NA,NA,NA,NA,NA,NA,NA,NA,NA,NA,0,0
2026,0,Ohio,Mid-American,https://a.espncdn.com/i/teamlogos/ncaa/500/195.png,0,1,-7.160270330512964,-7.3396176675572455,0.1793473370442816,98,119,67,NA,NA,NA,NA,NA,NA,NA,NA,NA,NA,NA,NA,NA,NA,NA,NA,NA,NA,NA,NA,NA,NA,0,0
2026,0,Kennesaw State,Conference USA,https://a.espncdn.com/i/teamlogos/ncaa/500/338.png,0,1,-7.6102691034604355,-3.9496269113529645,-3.660642192107471,99,100,93,NA,NA,NA,NA,NA,NA,NA,NA,NA,NA,NA,NA,NA,NA,NA,NA,NA,NA,NA,NA,NA,NA,0,0
2026,0,Hawai'i,Mountain West,https://a.espncdn.com/i/teamlogos/ncaa/500/62.png,0,1,-7.650268994389099,-2.2196316286882425,-5.430637365700856,100,85,106,NA,NA,NA,NA,NA,NA,NA,NA,NA,NA,NA,NA,NA,NA,NA,NA,NA,NA,NA,NA,NA,NA,0,0
2026,0,Florida International,Conference USA,https://a.espncdn.com/i/teamlogos/ncaa/500/2229.png,0,1,-7.850268449032419,-2.059632064973586,-5.790636384058833,101,82,109,NA,NA,NA,NA,NA,NA,NA,NA,NA,NA,NA,NA,NA,NA,NA,NA,NA,NA,NA,NA,NA,NA,0,0
2026,0,Sacramento State,Mid-American,https://a.espncdn.com/combiner/i?img=/i/teamlogos/ncaa/500/16.png&h=200&w=200,0,1,-7.880268367228917,-3.0996292291188525,-4.780639138110065,102,90,101,NA,NA,NA,NA,NA,NA,NA,NA,NA,NA,NA,NA,NA,NA,NA,NA,NA,NA,NA,NA,NA,NA,0,0
2026,0,Louisiana,Sun Belt,https://a.espncdn.com/i/teamlogos/ncaa/500/309.png,0,1,-8.020267985479242,0.05036218151344483,-8.070630166992686,103,69,118,NA,NA,NA,NA,NA,NA,NA,NA,NA,NA,NA,NA,NA,NA,NA,NA,NA,NA,NA,NA,NA,NA,0,0
2026,0,South Alabama,Sun Belt,https://a.espncdn.com/i/teamlogos/ncaa/500/6.png,0,1,-8.590266431212704,-0.19963713679070574,-8.390629294421998,104,70,120,NA,NA,NA,NA,NA,NA,NA,NA,NA,NA,NA,NA,NA,NA,NA,NA,NA,NA,NA,NA,NA,NA,0,0
2026,0,Arkansas State,Sun Belt,https://a.espncdn.com/i/teamlogos/ncaa/500/2032.png,0,1,-8.610266376677036,-5.119623721016389,-3.490642655660648,105,108,92,NA,NA,NA,NA,NA,NA,NA,NA,NA,NA,NA,NA,NA,NA,NA,NA,NA,NA,NA,NA,NA,NA,0,0
2026,0,Eastern Michigan,Mid-American,https://a.espncdn.com/i/teamlogos/ncaa/500/2199.png,0,1,-8.6802661858022,-3.699627593048814,-4.980638592753386,106,97,103,NA,NA,NA,NA,NA,NA,NA,NA,NA,NA,NA,NA,NA,NA,NA,NA,NA,NA,NA,NA,NA,NA,0,0
2026,0,Delaware,Conference USA,https://a.espncdn.com/i/teamlogos/ncaa/500/48.png,0,1,-9.43026414071465,1.5603580640705144,-10.990622204785165,107,55,130,NA,NA,NA,NA,NA,NA,NA,NA,NA,NA,NA,NA,NA,NA,NA,NA,NA,NA,NA,NA,NA,NA,0,0
2026,0,Troy,Sun Belt,https://a.espncdn.com/i/teamlogos/ncaa/500/2653.png,0,1,-9.680263459018802,-6.569619767180463,-3.1106436918383387,108,116,86,NA,NA,NA,NA,NA,NA,NA,NA,NA,NA,NA,NA,NA,NA,NA,NA,NA,NA,NA,NA,NA,NA,0,0
2026,0,Tulsa,American Athletic,https://a.espncdn.com/i/teamlogos/ncaa/500/202.png,0,1,-9.680263459018802,-4.659624975336752,-5.02063848368205,108,104,104,NA,NA,NA,NA,NA,NA,NA,NA,NA,NA,NA,NA,NA,NA,NA,NA,NA,NA,NA,NA,NA,NA,0,0
2026,0,Nevada,Mountain West,https://a.espncdn.com/i/teamlogos/ncaa/500/2440.png,0,1,-10.080262368305444,-7.199618049306922,-2.880644318998521,110,118,84,NA,NA,NA,NA,NA,NA,NA,NA,NA,NA,NA,NA,NA,NA,NA,NA,NA,NA,NA,NA,NA,NA,0,0
2026,0,Temple,American Athletic,https://a.espncdn.com/i/teamlogos/ncaa/500/218.png,0,1,-10.290261795680928,-3.5796279202628214,-6.7106338754181065,111,95,112,NA,NA,NA,NA,NA,NA,NA,NA,NA,NA,NA,NA,NA,NA,NA,NA,NA,NA,NA,NA,NA,NA,0,0
2026,0,Colorado State,Pac-12,https://a.espncdn.com/i/teamlogos/ncaa/500/36.png,0,1,-10.910260105075222,-7.739616576843887,-3.1706435282313357,112,122,88,NA,NA,NA,NA,NA,NA,NA,NA,NA,NA,NA,NA,NA,NA,NA,NA,NA,NA,NA,NA,NA,NA,0,0
2026,0,Western Kentucky,Conference USA,https://a.espncdn.com/i/teamlogos/ncaa/500/98.png,0,1,-11.160259423379372,-4.179626284192782,-6.980633139186591,113,103,114,NA,NA,NA,NA,NA,NA,NA,NA,NA,NA,NA,NA,NA,NA,NA,NA,NA,NA,NA,NA,NA,NA,0,0
2026,0,Central Michigan,Mid-American,https://a.espncdn.com/i/teamlogos/ncaa/500/2117.png,0,1,-11.530258414469516,-8.439614668095508,-3.0906437463740075,114,125,85,NA,NA,NA,NA,NA,NA,NA,NA,NA,NA,NA,NA,NA,NA,NA,NA,NA,NA,NA,NA,NA,NA,0,0
2026,0,Wyoming,Mountain West,https://a.espncdn.com/i/teamlogos/ncaa/500/2751.png,0,1,-11.970257214684823,-12.579603379212243,0.6093461645274203,115,136,62,NA,NA,NA,NA,NA,NA,NA,NA,NA,NA,NA,NA,NA,NA,NA,NA,NA,NA,NA,NA,NA,NA,0,0
2026,0,Northern Illinois,Mountain West,https://a.espncdn.com/i/teamlogos/ncaa/500/2459.png,0,1,-12.090256887470813,-8.299615049845185,-3.7906418376256283,116,124,95,NA,NA,NA,NA,NA,NA,NA,NA,NA,NA,NA,NA,NA,NA,NA,NA,NA,NA,NA,NA,NA,NA,0,0
2026,0,Georgia Southern,Sun Belt,https://a.espncdn.com/i/teamlogos/ncaa/500/290.png,0,1,-12.620255442275612,-1.179634464542976,-11.440620977732635,117,76,132,NA,NA,NA,NA,NA,NA,NA,NA,NA,NA,NA,NA,NA,NA,NA,NA,NA,NA,NA,NA,NA,NA,0,0
2026,0,Coastal Carolina,Sun Belt,https://a.espncdn.com/i/teamlogos/ncaa/500/324.png,0,1,-12.640255387739943,-0.6496359097381768,-11.990619478001767,118,72,134,NA,NA,NA,NA,NA,NA,NA,NA,NA,NA,NA,NA,NA,NA,NA,NA,NA,NA,NA,NA,NA,NA,0,0
2026,0,Missouri State,Conference USA,https://a.espncdn.com/i/teamlogos/ncaa/500/2623.png,0,1,-12.70025522413294,-5.959621430518335,-6.740633793614605,119,115,113,NA,NA,NA,NA,NA,NA,NA,NA,NA,NA,NA,NA,NA,NA,NA,NA,NA,NA,NA,NA,NA,NA,0,0
2026,0,App State,Sun Belt,https://a.espncdn.com/i/teamlogos/ncaa/500/2026.png,0,1,-13.68025255188521,-5.239623393802382,-8.440629158082828,120,109,121,NA,NA,NA,NA,NA,NA,NA,NA,NA,NA,NA,NA,NA,NA,NA,NA,NA,NA,NA,NA,NA,NA,0,0
2026,0,UAB,American Athletic,https://a.espncdn.com/i/teamlogos/ncaa/500/5.png,0,1,-13.960251788385857,-1.5296335101687868,-12.430618278217072,121,79,136,NA,NA,NA,NA,NA,NA,NA,NA,NA,NA,NA,NA,NA,NA,NA,NA,NA,NA,NA,NA,NA,NA,0,0
2026,0,New Mexico State,Conference USA,https://a.espncdn.com/i/teamlogos/ncaa/500/166.png,0,1,-14.230251052154342,-7.149618185646092,-7.0806328665082505,122,117,116,NA,NA,NA,NA,NA,NA,NA,NA,NA,NA,NA,NA,NA,NA,NA,NA,NA,NA,NA,NA,NA,NA,0,0
2026,0,Oregon State,Pac-12,https://a.espncdn.com/i/teamlogos/ncaa/500/204.png,0,1,-14.410250561333331,-9.18961262300796,-5.220637938325371,123,128,105,NA,NA,NA,NA,NA,NA,NA,NA,NA,NA,NA,NA,NA,NA,NA,NA,NA,NA,NA,NA,NA,NA,0,0
2026,0,Rice,American Athletic,https://a.espncdn.com/i/teamlogos/ncaa/500/242.png,0,1,-16.05024608940856,-9.009613113828971,-7.040632975579587,124,127,115,NA,NA,NA,NA,NA,NA,NA,NA,NA,NA,NA,NA,NA,NA,NA,NA,NA,NA,NA,NA,NA,NA,0,0
2026,0,Bowling Green,Mid-American,https://a.espncdn.com/i/teamlogos/ncaa/500/189.png,0,1,-16.070246034872888,-11.509606296870476,-4.560639738002413,125,135,100,NA,NA,NA,NA,NA,NA,NA,NA,NA,NA,NA,NA,NA,NA,NA,NA,NA,NA,NA,NA,NA,NA,0,0
2026,0,UTEP,Mountain West,https://a.espncdn.com/i/teamlogos/ncaa/500/2638.png,0,1,-16.450244998695197,-8.109615567934028,-8.340629430761169,126,123,119,NA,NA,NA,NA,NA,NA,NA,NA,NA,NA,NA,NA,NA,NA,NA,NA,NA,NA,NA,NA,NA,NA,0,0
2026,0,Southern Miss,Sun Belt,https://a.espncdn.com/i/teamlogos/ncaa/500/2572.png,0,1,-16.540244753284693,-4.139626393264118,-12.400618360020575,127,102,135,NA,NA,NA,NA,NA,NA,NA,NA,NA,NA,NA,NA,NA,NA,NA,NA,NA,NA,NA,NA,NA,NA,0,0
2026,0,Buffalo,Mid-American,https://a.espncdn.com/i/teamlogos/ncaa/500/2084.png,0,1,-16.730244235195848,-11.119607360316001,-5.610636874879846,128,134,107,NA,NA,NA,NA,NA,NA,NA,NA,NA,NA,NA,NA,NA,NA,NA,NA,NA,NA,NA,NA,NA,NA,0,0
2026,0,Sam Houston,Conference USA,https://a.espncdn.com/i/teamlogos/ncaa/500/2534.png,0,1,-18.090240526770426,-7.439617394878907,-10.65062313189152,129,120,128,NA,NA,NA,NA,NA,NA,NA,NA,NA,NA,NA,NA,NA,NA,NA,NA,NA,NA,NA,NA,NA,NA,0,0
2026,0,Middle Tennessee,Conference USA,https://a.espncdn.com/i/teamlogos/ncaa/500/2393.png,0,1,-18.970238127201036,-8.589614259078,-10.380623868123038,130,126,126,NA,NA,NA,NA,NA,NA,NA,NA,NA,NA,NA,NA,NA,NA,NA,NA,NA,NA,NA,NA,NA,NA,0,0
2026,0,Georgia State,Sun Belt,https://a.espncdn.com/i/teamlogos/ncaa/500/2247.png,0,1,-19.070237854522695,-3.6196278111914855,-15.45061004333121,131,96,138,NA,NA,NA,NA,NA,NA,NA,NA,NA,NA,NA,NA,NA,NA,NA,NA,NA,NA,NA,NA,NA,NA,0,0
2026,0,UL Monroe,Sun Belt,https://a.espncdn.com/i/teamlogos/ncaa/500/2433.png,0,1,-19.080237827254862,-10.259609705349725,-8.820628121905136,132,133,122,NA,NA,NA,NA,NA,NA,NA,NA,NA,NA,NA,NA,NA,NA,NA,NA,NA,NA,NA,NA,NA,NA,0,0
2026,0,Akron,Mid-American,https://a.espncdn.com/i/teamlogos/ncaa/500/2006.png,0,1,-19.61023638205966,-10.209609841688895,-9.400626540370768,133,132,123,NA,NA,NA,NA,NA,NA,NA,NA,NA,NA,NA,NA,NA,NA,NA,NA,NA,NA,NA,NA,NA,NA,0,0
2026,0,Charlotte,American Athletic,https://a.espncdn.com/i/teamlogos/ncaa/500/2429.png,0,1,-20.150234909596627,-9.86961076879525,-10.280624140801375,134,130,125,NA,NA,NA,NA,NA,NA,NA,NA,NA,NA,NA,NA,NA,NA,NA,NA,NA,NA,NA,NA,NA,NA,0,0
2026,0,San José State,Mountain West,https://a.espncdn.com/i/teamlogos/ncaa/500/23.png,0,1,-20.650233546204927,-9.879610741527417,-10.77062280467751,135,131,129,NA,NA,NA,NA,NA,NA,NA,NA,NA,NA,NA,NA,NA,NA,NA,NA,NA,NA,NA,NA,NA,NA,0,0
2026,0,Kent State,Mid-American,https://a.espncdn.com/i/teamlogos/ncaa/500/2309.png,0,1,-21.470231310242543,-9.739611123277092,-11.730620186965451,136,129,133,NA,NA,NA,NA,NA,NA,NA,NA,NA,NA,NA,NA,NA,NA,NA,NA,NA,NA,NA,NA,NA,NA,0,0
2026,0,Ball State,Mid-American,https://a.espncdn.com/i/teamlogos/ncaa/500/2050.png,0,1,-22.660228065370298,-15.089596534985914,-7.570631530384386,137,138,117,NA,NA,NA,NA,NA,NA,NA,NA,NA,NA,NA,NA,NA,NA,NA,NA,NA,NA,NA,NA,NA,NA,0,0
2026,0,Massachusetts,Mid-American,https://a.espncdn.com/i/teamlogos/ncaa/500/113.png,0,1,-28.3102126590441,-14.01959945264415,-14.290613206399952,138,137,137,NA,NA,NA,NA,NA,NA,NA,NA,NA,NA,NA,NA,NA,NA,NA,NA,NA,NA,NA,NA,NA,NA,0,0
2026,1,Notre Dame,FBS Independents,https://a.espncdn.com/i/teamlogos/ncaa/500/87.png,1,0.8184875533567997,26.40824616006025,13.373074931353651,13.035171228706599,1,1,2,4.117857319749673,0.4165778945489161,0.23779819462937765,0.5,0.21924604958683852,-1.4659885382361253,0.06675143199118032,-0.15788129367795747,0.75,0.42957815547146666,0.02636664125794738,-0.02319514102279106,0.025153653956468323,-0.006260053517273173,43,43,50,78,27,71,31,122,-5.641376592249763,0
2026,1,Ohio State,Big Ten,https://a.espncdn.com/i/teamlogos/ncaa/500/194.png,1,0.8184875533567997,23.135696510259386,8.262522622512476,14.873173887746908,2,12,1,7.266174694448909,0.7499846831931354,0.45917884960417765,0.5833333333333334,0.2334963682779401,-1.4057029819919402,-0.36425965361896584,-0.2707182861351678,0.38461538461538464,0.020616096464962798,0.060485567039120454,-0.021405196096962908,0.06041240601977357,-0.02844733829506,5,15,24,64,29,13,17,45,-4.483938321701075,0
2026,1,Oregon,Big Ten,https://a.espncdn.com/i/teamlogos/ncaa/500/2483.png,1,0.8184875533567997,20.722826128231986,11.103400781446057,9.619425346785931,3,3,9,5.558391045464962,0.18018390578607923,0.20179196111532854,0.6,0.21939489222419553,-1.8757059346762348,0.16105180042704878,-0.02364685125901856,0.38461538461538464,0.009938860526857243,0.0021430916605485913,-0.005500678578269038,-0.014476891579293634,0.005317908006903495,23,76,61,60,14,90,60,45,-4.306815766097479,1
2026,1,Georgia,SEC,https://a.espncdn.com/i/teamlogos/ncaa/500/61.png,1,0.8184875533567997,20.524473649198043,9.040889699476557,11.483583949721485,4,9,6,8.40697022497455,0.7638296906894939,0.68916550373143,0.8181818181818182,0.42721922742670826,-2.1247571346386507,0.03674511337834569,-0.3599539996471544,0.5833333333333334,0.19830424243370598,0.07861976525648252,-0.029019292141396633,0.04417490000171993,0.007046503457588995,1,14,4,16,11,66,8,99,-3.9251698266657904,1
2026,1,Texas Tech,Big 12,https://a.espncdn.com/i/teamlogos/ncaa/500/2641.png,1,0.8184875533567997,20.399074641972174,8.640288368687226,11.758786273284947,5,10,3,1.5313671501640624,0.4218396824733044,0.16476150126401487,0.6,0.2583395903238377,-1.659824670831302,-0.2676780427764203,-0.11526684913599886,0.5,0.13929417900547217,-0.043190839237733286,-0.002270761485670119,0.002565215840483028,-0.01261920052862995,103,42,70,60,21,23,41,76,-4.820566734268443,-2
2026,1,Ole Miss,SEC,https://a.espncdn.com/i/teamlogos/ncaa/500/145.png,1,0.8184875533567997,19.623809264860355,10.70173834250201,8.922070922358346,6,4,11,2.7349094916378722,0.4258414172945821,0.2207720643191238,0.625,0.2732595087987405,0.22445512125611844,0.4697288728073389,0.24582708402059925,0.5,0.13328455953692564,0.02719177050076966,0.013038668632621025,0.030389007141356228,0.016610811466080833,73,41,55,52,119,120,118,76,-4.325835574395178,0
2026,1,Indiana,Big Ten,https://a.espncdn.com/i/teamlogos/ncaa/500/84.png,1,0.8184875533567997,19.269285669117973,7.544161406040536,11.725124263077438,7,15,4,5.953184099253833,1.6386115033903654,0.1303145783519074,0.8888888888888888,0.5597813438324826,0.6575445093455144,0.15033950937643167,-7.737755685956057e-4,0.6153846153846154,0.28493579760670124,-0.012506598449202388,-0.00361969917911765,0.07764661028086212,0.004458474277026643,14,1,76,7,132,87,65,106,-4.080360806207597,0
2026,1,Texas,SEC,https://a.espncdn.com/i/teamlogos/ncaa/500/251.png,1,0.8184875533567997,17.787059239372972,8.541956403648504,9.245102835724468,8,11,10,6.1647145418252585,0.7767840354001724,0.14051799394095818,1,0.6053926998366276,1.1535060716071726,0.10151517599822837,-0.05997738584021545,0.2727272727272727,-0.11084363499949096,-0.011516401347078459,-0.009620849580344046,0.058570440219344086,0.0018641603663121782,13,13,74,1,136,80,53,19,-3.5625926895193984,1
2026,1,Penn State,Big Ten,https://a.espncdn.com/i/teamlogos/ncaa/500/213.png,1,0.8184875533567997,17.746800433874625,9.056487090936892,8.690313342937731,9,8,12,5.11409531413468,0.9284662337198636,0.10799314327687516,0.5,0.14956243083210957,-0.1871032176872496,-0.062296856947550557,-0.4179791076696041,0.18181818181818182,-0.19349408182124317,-0.022144316857794857,-0.030606674624579423,0.06378816384884421,-0.007060058804949381,24,5,85,78,103,46,5,10,-3.612851467749909,-1
2026,1,Texas A&M,SEC,https://a.espncdn.com/i/teamlogos/ncaa/500/245.png,1,0.8184875533567997,17.679084516562053,9.24000898523974,8.439075531322313,10,7,14,4.35694624662258,0.323341230762132,0.33717235089486275,0.8,0.4178401763924633,-2.4132880776272496,-0.2613057020669871,-0.3516675359809507,0.3333333333333333,-0.028723992841265606,0.04043958181245084,-0.026125532312363604,0.0044270650692121915,-0.01143676814750424,36,58,31,17,5,24,9,35,-3.610567575937317,0
2026,1,Tennessee,SEC,https://a.espncdn.com/i/teamlogos/ncaa/500/2633.png,1,0.8184875533567997,15.935699839276683,13.107739829936177,2.827960009340507,11,2,42,4.456196514126453,0.7192259555033982,0.4877040362391176,0.6153846153846154,0.29033094975354634,-0.1200382107423139,-0.5508751559033471,0.14737223705693547,0.2857142857142857,-0.01738519024086241,0.051525806881418126,0.024972711476525928,0.033488081896351385,-0.026318615752582274,32,16,23,53,106,2,99,21,-3.4739573795754772,0
2026,1,Michigan,Big Ten,https://a.espncdn.com/i/teamlogos/ncaa/500/130.png,1,0.8184875533567997,13.931941487232692,5.6306820786734555,8.301259408559236,12,22,16,1.4386472270493353,0.13203852066754349,0.1610941390923074,0.16666666666666666,-0.17386495603240648,-0.9620672797594346,-0.2751487296441871,0.02694779874309454,0.4444444444444444,0.07557550142164766,-0.004973752178623769,-8.783303204788273e-4,-0.013861833469814372,-0.01536426021161372,105,84,72,133,62,22,69,57,-3.1677220304891165,1
2026,1,Utah,Big 12,https://a.espncdn.com/i/teamlogos/ncaa/500/254.png,1,0.8184875533567997,13.288442490674871,5.7682556715162265,7.520186819158645,13,21,19,5.687518498077825,0.6792665310011168,0.44646888045813093,0.8333333333333334,0.4488820301434124,0.034564453452520114,-0.1398257371072052,0.110162665905881,0.2857142857142857,-0.09253163811055788,0.04191205438360554,0.021749912224774882,0.02739339103192576,-0.003278456963337477,19,20,28,12,110,39,91,21,-2.651224190115677,1
2026,1,SMU,ACC,https://a.espncdn.com/i/teamlogos/ncaa/500/2567.png,1,0.8184875533567997,13.184245151346307,7.265887365712704,5.918357785633603,14,16,27,4.7455622698579525,0.5631426638219494,0.12763568645357273,0.7272727272727273,0.36219552891699086,-0.9742313934145083,0.24565378378399264,0.07272838139853303,0.36363636363636365,0.017460360647845806,0.021074162125239392,-0.01770914602152703,0.06012428302567334,-0.0017452355438510219,27,28,78,30,61,104,82,41,-2.4854222656757585,2
2026,1,Alabama,SEC,https://a.espncdn.com/i/teamlogos/ncaa/500/333.png,1,0.8184875533567997,13.001318635402939,2.8297353213104595,10.17158331409248,15,43,8,2.9977801497782166,0.2157641940321208,0.325223803287065,0.6,0.24452649594167009,-3.006276315466138,-0.010895325823511496,-0.3805714544323107,0.09090909090909091,-0.24643882868526187,0.037660756040528966,-0.025971481797306135,-0.008338757811879257,-0.003011143956514396,60,67,35,60,2,57,6,5,-2.8983481544589473,0
2026,1,USC,Big Ten,https://a.espncdn.com/i/teamlogos/ncaa/500/30.png,2,0.649519052838329,12.761393473536131,8.113749124845944,4.647644348690187,16,13,34,5.0358948610379795,0.5528053453127161,0.05624293343449508,0.8333333333333334,0.46974850493293724,-1.49652842266379,0.10910624693155954,-0.09970641909547263,0.35,-0.020845175668233396,-0.049464586790398626,-0.015552439847972327,0.06019176133571789,9.03571434856557e-4,25,29,92,12,25,81,44,38,-5.668266417563757,-4
2026,1,Oklahoma,SEC,https://a.espncdn.com/i/teamlogos/ncaa/500/201.png,1,0.8184875533567997,12.542708561082733,1.8422317497852658,10.700476811297467,17,51,7,4.147307560231249,0.8234628669489916,0.2011017053829006,0.5714285714285714,0.2198377957416001,-0.7606375227487119,-0.38937255300118545,0.028471304342086477,0.26666666666666666,-0.08526820714901706,0.002737549328944605,-5.943418643425805e-4,0.041537703704151455,-0.018980867983370186,41,11,62,68,76,8,71,18,-2.586960328402368,0
2026,1,Miami,ACC,https://a.espncdn.com/i/teamlogos/ncaa/500/2390.png,1,0.8184875533567997,12.125788881859568,3.6337931068932363,8.491995774966332,18,32,13,5.611384044002492,0.9801676024272796,-0.026731357556961988,0.5384615384615384,0.2093942615959833,-0.6831042227330508,0.07352322296491537,-0.0813267520924387,0.45454545454545453,0.1318761809499971,-0.01646449927805769,-0.019801669792501437,0.10862543043765234,-0.016961692650712974,22,4,107,73,82,74,50,63,-2.15388232539142,0
2026,1,Washington,Big Ten,https://a.espncdn.com/i/teamlogos/ncaa/500/264.png,1,0.8184875533567997,11.173696039870048,2.8150855192774697,8.358610520592578,19,44,15,1.2522051257262121,0.20194552108739036,0.027281328449012956,0.4,0.031300901193456285,-1.973818021980894,-0.38232145258375766,0.0036407024125688576,0.3076923076923077,-0.03899977869761254,-0.0316941862158757,-0.0025519744596631043,-0.010392050773156337,-0.023015124723922843,110,72,98,105,13,9,66,29,-2.4559769397901494,0
2026,1,South Carolina,SEC,https://a.espncdn.com/i/teamlogos/ncaa/500/2579.png,1,0.8184875533567997,10.877568397539857,2.7852189021596336,8.092349495380224,20,45,18,6.290238913064049,0.8743785630747609,0.5150627822645977,0.8,0.5000070084658522,-0.5318271359347079,-0.22366654835364183,-0.07185202827444752,0.2,-0.1384219492540122,0.0788433264886855,-0.007985874526533349,0.06866897782166306,-0.013059410438596677,11,9,19,17,87,29,52,11,-1.9121068726183932,1
2026,1,LSU,SEC,https://a.espncdn.com/i/teamlogos/ncaa/500/99.png,1,0.8184875533567997,10.822213671455932,-0.7472129187708316,11.569426590226763,21,73,5,2.9377126142387624,0.43348262417198763,0.32407303415614797,0.8333333333333334,0.4688936602060134,-1.4811916703498849,-0.36066246434040855,-0.2075215324935029,0.16666666666666666,-0.18664035923347294,0.04268947665534872,-0.0169794794763499,0.017636537012592542,-0.020565288146498314,64,39,36,12,26,14,22,7,-2.3874604534532917,-1
2026,1,BYU,Big 12,https://a.espncdn.com/i/teamlogos/ncaa/500/252.png,1,0.8184875533567997,9.88944134865114,3.288726681228039,6.600714667423102,22,36,24,5.665345602358637,0.5309861490053432,0.5627014090970583,0.7777777777777778,0.44222946044067757,-1.1924827955667834,-0.22942893820421736,-0.1860266066461469,0.3333333333333333,-0.019575765490773916,0.07558241983083923,-0.008304056446502625,0.011434285978401253,-0.00914510853587299,21,31,14,20,49,28,25,35,-1.9302365664870091,0
2026,1,Nebraska,Big Ten,https://a.espncdn.com/i/teamlogos/ncaa/500/158.png,1,0.8184875533567997,9.654072958632458,3.3880577571242796,6.266015201508178,23,34,25,4.418314216862955,0.370341696369831,0.5929135619478599,0.7,0.31960424684030586,-0.9552535447412054,-0.156699437406734,0.22417669168728377,0.5,0.1123527394129417,0.10111765074651496,0.01702050215926037,0.009407057833873267,-0.013508623504887135,34,51,8,38,63,35,114,76,-1.8856057200050387,0
2026,1,Iowa,Big Ten,https://a.espncdn.com/i/teamlogos/ncaa/500/2294.png,1,0.8184875533567997,8.267583074026485,1.3751407252332262,6.892442348793259,24,54,22,2.3676102966592554,-0.06526528678018104,0.17902090982983992,0.7142857142857143,0.29663846804811006,-2.6879715584261756,-0.1471696004549007,-0.2934605068534402,0,-0.3660805788702934,-0.0026609005637703445,-0.024558320360048135,-0.04769192236532953,-0.011657623749968947,84,115,68,36,3,38,14,1,-1.922099285768601,0
2026,1,Virginia,ACC,https://a.espncdn.com/i/teamlogos/ncaa/500/258.png,1,0.8184875533567997,7.986871088751904,2.598941927653535,5.387929161098369,25,46,28,2.905781108483717,0.8633637362136882,0.1896816679076947,0.45454545454545453,0.14613118918776255,-0.8384706414642956,-0.3768166369988554,-0.01566497991516628,0.16666666666666666,-0.16614745229765254,-3.9527081586200885e-5,-0.0034194610693457834,0.026868108732600628,-0.023419375019258202,67,10,65,96,68,10,62,7,-1.8128123344887062,0
2026,1,Missouri,SEC,https://a.espncdn.com/i/teamlogos/ncaa/500/142.png,1,0.8184875533567997,7.6703985461910875,3.5540032278826845,4.1163953183084026,26,33,35,4.4472617340592535,0.5015621068702053,0.29438765543735235,0.7692307692307693,0.38883312704906486,0.5758543834570665,-0.006894480757946978,0.12581996659157954,0.45454545454545453,0.07958730627308258,-0.0073565977787541535,0.021987942880290223,0.012214178493654146,0.004259588265702389,33,34,43,24,127,58,95,63,-1.4992865949230634,1
2026,1,Kansas State,Big 12,https://a.espncdn.com/i/teamlogos/ncaa/500/2306.png,1,0.8184875533567997,7.554060903236265,6.1199315142219755,1.4341293890142899,27,19,53,5.667463069121493,0.8147086988002379,0.5658860126736514,0.7272727272727273,0.3315207984593057,-2.2657872227356264,-0.3654806137951794,-0.11444434198071815,0.2857142857142857,-0.10112071987714469,0.07297305079096,-0.00303189132081369,0.042149961171877026,-0.011465939763712808,20,12,13,30,8,12,42,21,-1.2756251649842403,1
2026,1,Clemson,ACC,https://a.espncdn.com/i/teamlogos/ncaa/500/228.png,1,0.8184875533567997,7.450599164243783,0.3097487202886542,7.140850443955129,28,63,20,-0.26604531191472053,-0.36066246434040855,-0.2075215324935029,0.16666666666666666,-0.18664035923347294,-1.3541394274310352,0.43348262417198763,0.32407303415614797,0.8333333333333334,0.4688936602060134,-0.04060503295686317,0.01785111450335854,-0.04022588827473482,0.009016593072927967,131,131,128,133,35,119,123,133,-1.86908556785286,-2
2026,1,Arizona State,Big 12,https://a.espncdn.com/i/teamlogos/ncaa/500/9.png,1,0.8184875533567997,7.082055762915543,0.874513414237942,6.207542348677601,29,57,26,4.847545687235455,0.6963290636379705,0.6045003333701492,1,0.6104305664422743,0.3363543277977891,-0.10440404117123592,-0.02390756710666197,0.23076923076923078,-0.15027273682900644,0.07078016010222174,0.0058986857640067275,0.040645417142694554,-9.024757523232807e-4,26,18,7,1,122,44,59,13,-1.4376311506078157,1
2026,1,Auburn,SEC,https://a.espncdn.com/i/teamlogos/ncaa/500/2.png,1,0.8184875533567997,7.020260494410641,0.2187111805020722,6.801549313908569,30,66,23,1.3435244005875733,0.011978142282993681,-0.1384575864498446,0.46153846153846156,0.08257531483592437,-1.1380094777678744,0.21327827356965565,-0.08941098965100563,0.5384615384615384,0.17527335972962654,-0.05860480737221499,-0.02185273598108098,-0.021975901603077917,0.0029873876553602225,108,106,120,92,52,98,48,87,-1.6394260373630427,-1
2026,1,Florida,SEC,https://a.espncdn.com/i/teamlogos/ncaa/500/57.png,1,0.8184875533567997,6.685020336736426,-0.26662457541680884,6.951644912153235,31,70,21,6.77813639860383,0.884643657767873,0.4496562521344904,0.7692307692307693,0.4200737344819026,-1.0255514201038642,-0.01668054548422903,0.11543009289484141,0.4166666666666667,0.04371534935630723,0.0662490448459698,0.007712675225860573,0.05759668066667405,-0.007422717786586136,8,8,26,24,57,54,94,54,-1.0146688127493197,2
2026,1,Pittsburgh,ACC,https://a.espncdn.com/i/teamlogos/ncaa/500/221.png,1,0.8184875533567997,6.643753976781475,6.413098895731415,0.23065508105005933,32,17,65,7.22911852358411,0.7173397992693139,0.0956562658215484,0.8461538461538461,0.470961920314742,-1.602383678360116,0.19580618651775628,-0.14017522679947675,0.46153846153846156,0.096782762530995,-0.01932464480105054,-0.01094540375335788,0.0628358907583263,0.008585404031306625,6,17,88,11,23,94,36,67,-0.625936345221132,4
2026,1,Vanderbilt,SEC,https://a.espncdn.com/i/teamlogos/ncaa/500/238.png,1,0.8184875533567997,6.515093721113323,6.35611720103772,0.1589765200756033,33,18,67,3.519049757879326,0.34110045047437876,0.2373352992054881,0.5555555555555556,0.20612696735856517,-1.8591549263627778,-0.1554107400265775,0.20853136138256337,0.4444444444444444,0.0876079384228454,-0.021559425646180096,0.022030293873007332,-0.005730009860835762,-0.003602722207372896,52,55,51,69,15,36,110,57,-1.4445947194087392,-2
2026,1,Arizona,Big 12,https://a.espncdn.com/i/teamlogos/ncaa/500/12.png,1,0.8184875533567997,6.374717801570725,3.19174365078943,3.1829741507812943,34,40,40,2.382749017257,0.13051115897330057,0.5779127247110806,0.4166666666666667,0.034337040846011475,-2.3623590615479855,-0.3685118774138916,-0.44462823108880517,0.23076923076923078,-0.13094825619988265,0.061220489970670984,-0.020825464114390718,-0.03815832641693863,-0.020197502208441617,83,85,9,102,6,11,4,13,-1.5349707752905069,-2
2026,1,Air Force,Mountain West,https://a.espncdn.com/i/teamlogos/ncaa/500/2005.png,1,0.8184875533567997,6.163521012809705,4.564009297454446,1.5995117153552585,35,27,51,2.679241880233358,-0.5075098810097616,0.5063322160735828,0.75,0.4101042476801851,-1.0000050374256582,-0.4488679427126465,-0.15285187361419877,0,-0.38079439869722204,0.07775563682394751,-0.004747925599699919,-0.025988606730720384,-0.017033879484263874,75,137,21,26,59,6,33,1,-1.4861682730152115,-1
2026,1,South Florida,American Athletic,https://a.espncdn.com/i/teamlogos/ncaa/500/58.png,1,0.8184875533567997,5.744516904969644,7.711178396928142,-1.9666614919584984,36,14,82,1.2100298983033524,0.15583338573830777,-0.099073728645162007,0.2857142857142857,-0.0914068826274801,-0.9764646974561897,0.012137051712526825,-0.20334914550302208,0.25,-0.09701856274953471,-0.07002651721671972,-0.01725947032655098,-0.009588707084377611,-0.0046287146779540565,111,80,117,123,60,61,23,16,-1.495173498836464,1
2026,1,Arkansas,SEC,https://a.espncdn.com/i/teamlogos/ncaa/500/8.png,1,0.8184875533567997,5.693852018530122,9.28975406297187,-3.5959020444417478,37,6,102,1.1952042196208439,0.3504569646192044,-0.03374550341457082,0.4166666666666667,0.08699427000433357,-1.2499107508373886,-0.1486153322949076,0.059644129556302855,0.08333333333333333,-0.22994306813458862,-0.10762359532155019,0.010545667890825403,0.009149862669134791,-0.0031246118280128625,112,53,108,102,43,37,79,4,-1.6358381398654807,-2
2026,1,Cincinnati,Big 12,https://a.espncdn.com/i/teamlogos/ncaa/500/2132.png,1,0.8184875533567997,5.3707373388752115,3.2375075685512456,2.133229770323966,38,37,45,2.9829878995390016,0.19210380207214017,0.2487758128508146,0.5454545454545454,0.21357771470944723,0.6099342069240847,-0.2578277172623998,0.2481057429317016,0.3076923076923077,-0.04413674100070187,0.015734785049907083,0.020015759402850206,-0.006337642147762262,-0.021443529065220852,61,74,47,71,131,26,119,29,-1.1889549191436073,1
2026,1,Memphis,American Athletic,https://a.espncdn.com/i/teamlogos/ncaa/500/235.png,2,0.649519052838329,4.864216965486272,4.253133747373802,0.6110832181124698,39,28,60,5.837491984059628,0.36742143863077864,0.3171154736005049,0.5517241379310345,0.19349484493576785,0.12369166657211311,-0.02265568590326618,0.20007071415341268,0.52,0.1493479846502725,0.07903912873739574,0.00571647532247642,0.035289792640742584,-0.024531092866489485,16,52,38,70,117,52,107,86,-0.9054774466914308,1
2026,1,Louisville,ACC,https://a.espncdn.com/i/teamlogos/ncaa/500/97.png,1,0.8184875533567997,4.5038796560365,0.8561648940195898,3.64771476201691,40,58,38,3.0387129811629006,0.4697288728073389,0.24582708402059925,0.5,0.13328455953692564,0.023681080389593687,0.4258414172945821,0.2207720643191238,0.625,0.2732595087987405,0.031180906945859403,0.011370563585896472,0.03249089637973414,0.015536230898859008,59,36,49,78,108,117,113,110,-0.9458156287118911,1
2026,1,Minnesota,Big Ten,https://a.espncdn.com/i/teamlogos/ncaa/500/135.png,1,0.8184875533567997,4.098232846974773,-0.9262747603030345,5.024507607277807,41,75,30,2.667434672144511,0.4763596317168798,0.22060653944549377,1,0.6122595754242867,-1.1440931817874198,0.35553555125108993,-0.29932588337669774,0.4,0.06307007312853595,-0.027028719028034123,-0.02037483571896873,0.009142928597043253,0.014728374268818302,76,35,56,1,51,108,13,48,-1.0514632558086365,2
2026,1,Florida State,ACC,https://a.espncdn.com/i/teamlogos/ncaa/500/52.png,2,0.649519052838329,4.093984207145017,2.400818823398561,1.6931653837464566,42,47,50,1.9699757551567716,0.22043123903408948,0.194543228033786,0.47619047619047616,0.11249528926529989,-0.8464297921278613,0.37527847343677395,0.05025541060022603,0.5454545454545454,0.17599917175035887,0.004092187432206015,0.003532239938122355,-0.011711744640077177,0.037836614311442494,91,66,64,89,67,110,76,91,-3.035706496607264,-4
2026,1,James Madison,Sun Belt,https://a.espncdn.com/i/teamlogos/ncaa/500/256.png,1,0.8184875533567997,4.0878408813185105,5.080702435932642,-0.992861554614131,43,24,73,1.8144042835566652,0.3921157433537616,0.21090083862123696,0.6363636363636364,0.2720983338970215,-0.830259083256804,0.12421360487584762,-0.09912496728199258,0.7,0.3196110329044186,0.004536693611645002,-0.01309787312825883,0.007256339464333352,0.002957576679932915,97,49,58,47,71,82,45,116,-1.0818551669292313,-1
2026,1,Iowa State,Big 12,https://a.espncdn.com/i/teamlogos/ncaa/500/66.png,1,0.8184875533567997,4.020509416859162,-1.0038922186985566,5.024401635557719,44,76,31,2.36561670429124,0.3869634663620882,0.1808708656869769,0.4,0.04220769809345053,-1.1107788161026242,-0.3459910096558104,0.034457382722885704,0.38461538461538464,0.03696941266353344,-0.03180807792146849,0.01681789592709044,-9.587605047282211e-4,-0.014685279870245305,85,50,67,105,54,15,72,45,-0.8791873676200979,0
2026,1,Wisconsin,Big Ten,https://a.espncdn.com/i/teamlogos/ncaa/500/275.png,1,0.8184875533567997,3.734281297527194,-4.545407277461291,8.279688574988485,45,113,17,1.7168203298880345,0.06675143199118032,-0.15788129367795747,0.75,0.42957815547146666,-0.7098304076289439,0.4165778945489161,0.23779819462937765,0.5,0.21924604958683852,-0.05546927789991291,0.01102552593850136,-0.012244720890165043,0.012859682252858572,100,96,123,26,77,116,117,76,-0.9754160050409109,0
2026,1,Kansas,Big 12,https://a.espncdn.com/i/teamlogos/ncaa/500/2305.png,1,0.8184875533567997,3.437036201879171,2.2219273398292056,1.2151088620499653,46,48,56,7.132975750753097,1.0867539038574876,0.31860250080379504,0.9,0.5377147282400307,-1.7344134361558425,0.14573624399579327,-0.27528701372741726,0.7692307692307693,0.40412871035527087,-9.39112252123667e-5,-0.019262224771591823,0.0652046620638133,0.010982989396716925,7,3,37,5,19,86,16,126,-0.16266412741850544,1
2026,1,TCU,Big 12,https://a.espncdn.com/i/teamlogos/ncaa/500/2628.png,1,0.8184875533567997,3.155477241876371,1.6326969124555775,1.5227803294207936,47,52,52,1.3602124347939697,-0.049765557681655914,0.008089896679681364,0.42857142857142855,0.07046479776454856,-1.3231980234662608,0.08483159991481647,0.03736995495812544,0.36363636363636365,0.016475195581418245,-0.02389497622249803,-0.005781463668810028,-0.027566240317836957,-0.005253375430263804,106,112,101,101,39,76,73,41,-0.8442219967079465,-1
2026,1,Colorado,Big 12,https://a.espncdn.com/i/teamlogos/ncaa/500/38.png,1,0.8184875533567997,2.812731319477718,1.4155409996710124,1.3971903198067055,48,53,54,1.503677072091463,0.07143736429863184,0.053820025608020655,0.375,0.044717770710706456,-1.351585950479811,0.4278170805790272,-0.18231167781575752,0.5454545454545454,0.1918180880973152,0.005111216295368554,-0.02868446984849633,3.4015886169787697e-4,0.006595363548539758,104,94,93,113,37,118,26,91,-0.6569693643018,0
2026,1,Army,American Athletic,https://a.espncdn.com/i/teamlogos/ncaa/500/349.png,1,0.8184875533567997,2.655153980047797,-1.4451887916308113,4.1003427716786085,49,80,36,3.2008250056433822,-0.02571825175856757,0.8466502068587076,0.9,0.5309279733452772,2.054775759361527,-0.12486084688321315,-0.1512233111704746,0.45454545454545453,0.0652124454096096,0.19140931883260157,-0.006277888185730987,-0.02213621668669129,-0.0019129716915553601,55,110,1,5,138,41,34,63,-0.6545471400170646,1
2026,1,Virginia Tech,ACC,https://a.espncdn.com/i/teamlogos/ncaa/500/259.png,1,0.8184875533567997,2.646684222158904,0.24133063974526947,2.405353582413635,50,65,44,4.279795858485923,0.34117437381077204,0.6229824693320472,0.5,0.11066961198398502,-0.4767014181337916,-0.11474917311666569,-0.45646370754596954,0.46153846153846156,0.080897156070015,0.08678387030927827,-0.04886631510553059,-0.007135349374174451,-9.658662276932026e-4,39,54,6,78,90,43,3,67,-0.4830173887269691,1
2026,1,Baylor,Big 12,https://a.espncdn.com/i/teamlogos/ncaa/500/239.png,1,0.8184875533567997,2.549503180646992,5.566306615376466,-3.016803434729474,51,23,95,0.309057166835911,0.21327827356965565,-0.08941098965100563,0.5384615384615384,0.17527335972962654,-1.2524753186524702,0.011978142282993681,-0.1384575864498446,0.46153846153846156,0.08257531483592437,-0.05225902631145754,-0.024506300119226297,0.005843357078286532,-0.011235071943215436,122,68,116,73,42,60,37,67,-0.9001975576681942,-2
2026,1,Houston,Big 12,https://a.espncdn.com/i/teamlogos/ncaa/500/248.png,1,0.8184875533567997,2.365597502339491,1.224685537350126,1.1409119649893653,52,56,58,3.581828661856318,0.4099252895031324,0.2791386545081523,0.7272727272727273,0.3679083433809266,-0.5303550619818107,0.16640208736728945,-0.21340076086963183,0.4,0.056674609345221005,0.022408206141698875,-0.01678186754094067,0.0133737418235291,0.00826561184002995,51,45,44,30,88,91,19,48,-0.4841048720457337,2
2026,1,North Texas,American Athletic,https://a.espncdn.com/i/teamlogos/ncaa/500/249.png,1,0.8184875533567997,2.3616386000653686,3.0276262073501545,-0.6659876072847858,53,42,71,1.8448678505246814,0.15033950937643167,-7.737755685956057e-4,0.6153846153846154,0.28493579760670124,-1.2741101762083697,1.6386115033903654,0.1303145783519074,0.8888888888888888,0.5597813438324826,-0.008656213794228663,-0.005229783507694187,0.008720815719471964,0.03969644879234963,95,81,103,53,41,138,96,136,-0.5980634743736823,-1
2026,1,UCLA,Big Ten,https://a.espncdn.com/i/teamlogos/ncaa/500/26.png,1,0.8184875533567997,2.3467395795805146,3.912998664021767,-1.5662590844412523,54,30,78,5.816086388587592,0.01338628391139974,0.742814082937169,0.6153846153846154,0.2871432305028925,-1.238250163965355,-0.04896170086653835,-0.1310747460230476,0.3076923076923077,0.015169202814267884,0.14170359762061618,-0.03309776743802749,-0.004785551217608312,-0.026829656754002302,17,104,3,53,44,50,39,29,-0.072963967321570955,2
2026,1,Boise State,Pac-12,https://a.espncdn.com/i/teamlogos/ncaa/500/68.png,1,0.8184875533567997,2.321910516760415,1.9631329318622788,0.35877758489813594,55,50,63,2.0485893614256376,0.16105180042704878,-0.02364685125901856,0.38461538461538464,0.009938860526857243,0.5784595826909938,0.18018390578607923,0.20179196111532854,0.6,0.21939489222419553,-0.013154421798785353,8.96159372777238e-4,0.010401875812153008,-0.007401239837400494,90,78,106,111,128,92,109,102,-0.6077916394821381,-2
2026,1,Navy,American Athletic,https://a.espncdn.com/i/teamlogos/ncaa/500/2426.png,1,0.8184875533567997,2.2529769411960863,0.34027532525603266,1.9127016159400536,56,62,47,3.9259036335638293,-0.37487336287045014,0.5749950048586178,0.7777777777777778,0.4028211677351801,0.22982857152119116,0.39041706964028955,-0.13108802862029134,0.4444444444444444,0.07692926025172236,0.10710780118431903,-0.0026406986807930065,-0.019103034862639326,0.021577409702169856,47,133,10,20,120,112,38,57,-0.56672551499264,-1
2026,1,UCF,Big 12,https://a.espncdn.com/i/teamlogos/ncaa/500/2116.png,1,0.8184875533567997,2.2164778122348157,-2.9117602039831088,5.128238016217924,57,95,29,6.2424348338361355,-0.023328341594816317,0.7937261696061565,0.8,0.39314468492940935,-1.6783974812961093,-0.17512794698393114,-0.1552538576808186,0.3125,-0.07104978557047763,0.12808859146197962,-0.008363826239381832,-0.03745159169205697,-0.004135656196824643,12,109,2,17,20,34,32,34,-0.16322584373860538,1
2026,1,San Diego State,Pac-12,https://a.espncdn.com/i/teamlogos/ncaa/500/21.png,1,0.8184875533567997,2.011456918869965,-2.8095084273267563,4.820965346196721,58,93,33,4.567536444269964,0.05928093245582997,0.29755195600068585,0.5,0.1323856296400004,0.09728916638866995,3.309395134695783e-4,-0.020886791295629443,0.6,0.22904025300716616,-0.005977270520246433,0.007362952838725661,-0.02896564295068984,0.008664594919643021,31,98,40,78,113,59,61,102,-0.29824692797829444,1
2026,1,Illinois,Big Ten,https://a.espncdn.com/i/teamlogos/ncaa/500/356.png,1,0.8184875533567997,1.9268849278341642,2.157242622598673,-0.23035769476450887,59,49,70,6.7335350942700085,0.885013394776054,0.11476447132616316,0.7142857142857143,0.3785798198682554,0.39372720488250174,0.06307846100079668,0.22739516392073572,0.875,0.5076032565804539,-0.014238046854432264,0.022382279921313763,0.038368407885389345,-2.8333839112839655e-4,9,7,82,36,126,69,115,135,-0.15281954617427673,1
2026,1,Northwestern,Big Ten,https://a.espncdn.com/i/teamlogos/ncaa/500/77.png,1,0.8184875533567997,1.7343642635484997,-3.1614245652205124,4.895788828769012,60,100,32,5.749643129269362,0.46709006175291307,0.5242767867523955,0.6363636363636364,0.30465653111765845,-0.26497032651377506,0.06635968122692956,0.09707153280914538,0.5454545454545454,0.22136378046055355,0.04487250287686753,0.025783261823192606,0.0064810509954563765,0.014920121127613251,18,37,16,47,102,70,85,91,-0.22534053767394902,2
2026,1,Duke,ACC,https://a.espncdn.com/i/teamlogos/ncaa/500/150.png,1,0.8184875533567997,1.4944440231597884,4.014599028945694,-2.520155005785906,61,29,87,-1.1527838075641197,-0.29975024617726587,0.19917240310076298,0.5,0.13798331328409677,-1.4346762997420046,-0.19360490946936326,-0.14880309380310802,0.15384615384615385,-0.1945061991487684,0.0026382362189816037,-0.012867382650585148,-0.05718687369200344,-0.014958216400802752,136,130,63,78,28,32,35,6,-0.8952596055457991,-4
2026,1,Kentucky,SEC,https://a.espncdn.com/i/teamlogos/ncaa/500/96.png,1,0.8184875533567997,1.3752735978459842,-2.17707679269463,3.552350390540614,62,88,39,4.180485853027611,0.9037139352015592,0.31617442337826845,0.7272727272727273,0.36369613364326037,0.3494295056590727,0.036320866558013254,0.11083412043929369,0.7777777777777778,0.3928355638390803,-6.706885210036578e-4,0.019096893723459924,0.04951516755867072,0.009793698056741964,40,6,39,30,123,65,92,128,-0.36443180326881164,1
2026,1,Georgia Tech,ACC,https://a.espncdn.com/i/teamlogos/ncaa/500/59.png,1,0.8184875533567997,1.180426475872566,0.5623516370145332,0.6180748388580329,63,60,59,2.276132810318323,0.4278170805790272,-0.18231167781575752,0.5454545454545454,0.1918180880973152,-0.3737253776602102,0.07143736429863184,0.053820025608020655,0.375,0.044717770710706456,-0.06859655769605055,0.0021373161371052783,0.012900590322143978,1.7390455018977295e-4,87,40,125,71,97,73,77,44,-0.4392792524562379,1
2026,1,UNLV,Mountain West,https://a.espncdn.com/i/teamlogos/ncaa/500/2439.png,2,0.649519052838329,1.078092015797122,3.2178561086252775,-2.1397640928281554,64,39,84,1.9011012579415696,-0.16423964597856786,0.2646476917091935,0.44,0.07383427217500338,-0.7062748339748327,-0.012722505942902189,0.1487194071722074,0.48148148148148145,0.1311954696789709,0.059651991430689354,2.346741065794292e-4,-0.0771088182802661,-0.028269819955014687,93,121,45,100,79,56,101,75,-0.9216126763539907,-3
2026,1,UTSA,American Athletic,https://a.espncdn.com/i/teamlogos/ncaa/500/2636.png,1,0.8184875533567997,1.0123225413925745,5.806002713492375,-4.7936801720998,65,20,111,1.0214879470884126,0.5228621541428264,0.4245461785028512,0.5384615384615384,0.15727013321269467,-0.7754641832506182,-0.3032310697972139,0.33289519534232487,0.46153846153846156,0.08961273983266838,0.023723868260475067,0.04860030869752665,0.01320985781320566,-0.02019363303785786,114,32,29,73,75,17,125,67,-0.5573833232753991,0
2026,1,NC State,ACC,https://a.espncdn.com/i/teamlogos/ncaa/500/152.png,1,0.8184875533567997,0.6959708447392963,4.647507821305573,-3.9515369765662767,66,26,104,1.7621775905857917,-0.3768166369988554,-0.01566497991516628,0.16666666666666666,-0.16614745229765254,-2.436110457443542,0.8633637362136882,0.1896816679076947,0.45454545454545453,0.14613118918776255,-0.008177360772978442,-1.6528721236763812e-5,-0.04580850782531843,0.013736188850910385,99,134,104,133,4,132,105,63,-0.1537369832127231,1
2026,1,Maryland,Big Ten,https://a.espncdn.com/i/teamlogos/ncaa/500/120.png,1,0.8184875533567997,0.6751413559427835,-1.3380611513414291,2.0132025072842126,67,78,46,3.613280102525927,0.4433040002653667,0.5405085969038307,0.7272727272727273,0.391621402315183,-1.1955160415403336,-0.5504863863976366,-0.25384982658485283,0.3076923076923077,-0.022112050803098984,0.06324765239646339,-0.015367535398422689,0.005782844217044946,-0.02272421872265107,49,38,15,30,48,3,18,29,-0.20456639020573486,-1
2026,1,Texas State,Pac-12,https://a.espncdn.com/i/teamlogos/ncaa/500/326.png,1,0.8184875533567997,0.5229784623608751,9.670252867723528,-9.147274405362653,68,5,131,2.5180358732879577,0.10151517599822837,-0.05997738584021545,0.2727272727272727,-0.11084363499949096,-0.8333793042372142,0.7767840354001724,0.14051799394095818,1,0.6053926998366276,-0.023007472922065852,-0.0048157207635285675,0.00364631441520701,0.02994385038190946,78,89,114,125,70,130,98,138,-0.14672985641215774,0
2026,1,Mississippi State,SEC,https://a.espncdn.com/i/teamlogos/ncaa/500/344.png,1,0.8184875533567997,0.4044279939119333,3.0438719019433416,-2.6394439080314083,69,41,90,5.897965344574588,0.6176696308616325,0.6611364542255747,0.75,0.39315945878291847,-0.7062054859770448,-0.059427588828110875,-0.05660722807638595,0.35714285714285715,-0.008750356707383972,0.11425233462938632,-0.009442295941245649,0.0456343103455093,-0.006904630265954929,15,26,5,26,80,47,54,39,0.3447180118010289,2
2026,1,North Dakota State,Mountain West,https://a.espncdn.com/combiner/i?img=/i/teamlogos/ncaa/500/2449.png&h=200&w=200,2,0.649519052838329,0.07957090250761029,0.302575515480562,-0.2230046129729517,70,64,69,2.8506286544655244,0.30888383427968485,0.124939805345899,0.65,0.34746989202879713,-1.0765239180989334,-0.47651741327528746,-0.07925348895991914,0.2857142857142857,-0.044245773754915826,-0.06098838475284411,-0.007271167886423337,-0.00506705668882789,-0.04663085534696998,68,60,79,46,55,5,51,21,-0.2901382343004408,-1
2026,1,Wake Forest,ACC,https://a.espncdn.com/i/teamlogos/ncaa/500/154.png,1,0.8184875533567997,-0.17098377196406922,-4.124582934896082,3.9535991629320124,71,108,37,0.5633435482421004,0.6418524927697862,0.33515212540968664,0.6666666666666666,0.3492823948239211,0.037139050350680956,0.05188813045486325,0.06961710726598248,0.2727272727272727,-0.04515207920998413,0.03126146820513619,0.0031885078789801713,0.04232422079915277,-9.93896161645927e-4,121,23,33,42,111,68,81,19,-0.37069337232529787,-1
2026,1,West Virginia,Big 12,https://a.espncdn.com/i/teamlogos/ncaa/500/277.png,1,0.8184875533567997,-0.690191384728823,0.49199044035747713,-1.1821818250863,72,61,77,2.69706243112761,0.6361504617345709,0.10929430055098178,0.4666666666666667,0.11667610871055817,-0.14078719537535525,0.24212693217120979,-0.045403210141940084,0.4666666666666667,0.11720678558159613,-0.025599491990077494,-0.005626210322597402,0.019915460864438878,0.012408101033530884,74,24,84,90,105,103,56,73,0.09009634266221866,1
2026,1,New Mexico,Mountain West,https://a.espncdn.com/i/teamlogos/ncaa/500/167.png,1,0.8184875533567997,-0.7865007075177195,-2.015602217701691,1.2291015101839713,73,85,55,1.1136510326269973,0.06876151717948728,0.3368713984888116,0.7777777777777778,0.39993990871990714,0.5937222221531053,-0.6883993044537969,0.16318565953341946,0.4,0.016680056401275158,0.03808726036845501,0.011007336238208616,-0.021473172464585393,-0.02757026655235905,113,95,32,20,129,1,103,48,-0.04621287105534222,-1
2026,1,Liberty,Conference USA,https://a.espncdn.com/i/teamlogos/ncaa/500/2335.png,1,0.8184875533567997,-0.8413861422977149,0.19584286907882786,-1.0372290113765428,74,67,74,2.5121942234214742,0.12421360487584762,-0.09912496728199258,0.7,0.3196110329044186,-0.5322788178106399,0.3921157433537616,0.21090083862123696,0.6363636363636364,0.2720983338970215,-0.03132248964277982,0.0018970726153885059,0.005785046542671452,0.0037097679721481923,79,88,118,38,86,113,111,111,0.3089005761834691,0
2026,1,Jacksonville State,Conference USA,https://a.espncdn.com/i/teamlogos/ncaa/500/55.png,2,0.649519052838329,-1.1222708478907002,0.024645025590074504,-1.1469158734807747,75,68,76,2.3985525303989315,0.26388728449144117,0.1292284038857822,0.4444444444444444,0.09823825264533485,0.09983120604323975,-0.21530968777970674,0.1009953628220255,0.5909090909090909,0.25431824449770635,-0.02030407303320395,0.01811381276284979,0.006932757745562373,-0.029548183006724918,82,61,77,97,114,31,87,101,0.528014507198785,0
2026,1,UConn,FBS Independents,https://a.espncdn.com/i/teamlogos/ncaa/500/41.png,1,0.8184875533567997,-1.356035253629122,3.7566931970804203,-5.112728450709542,76,31,112,3.8359319127631393,0.6937480467037185,0.5200146609153989,0.8333333333333334,0.4699131794650721,-2.142880854495398,-0.2319410479440288,-0.05280163846792716,0.5384615384615384,0.16853149945034115,0.056366300580843236,0.004022788800164708,0.034682781491767366,-0.012235297809310873,48,19,18,12,10,27,55,87,0.4542496651750194,1
2026,1,Rutgers,Big Ten,https://a.espncdn.com/i/teamlogos/ncaa/500/164.png,1,0.8184875533567997,-1.5603445567775034,3.2299050745308224,-4.790249631308326,77,38,110,2.2956908358723305,0.14179103799942758,-0.488227860541713,0.6153846153846154,0.24822578764904477,-0.28269318615245037,0.6466129593656755,0.21577162822073717,0.5,0.1358655865111031,-0.10135062294720187,0.01896868968950602,-0.02109548906478859,0.02496123057547101,86,82,138,53,101,126,112,76,0.12994068924064583,-1
2026,1,Toledo,Mid-American,https://a.espncdn.com/i/teamlogos/ncaa/500/2649.png,1,0.8184875533567997,-1.6386368401084694,-4.3942281488430055,2.755591308734536,78,111,43,4.6735201528407195,0.15722920590130662,0.04700989169780755,0.5,0.18317101757768728,-1.3888711348972513,0.3301935958942962,-0.18875242750889676,0.8888888888888888,0.5434758955484056,0.001729080240940757,-0.04402519110257383,0.007526861729556474,0.0025671991029040365,29,79,94,78,32,107,24,136,0.6616467425718073,1
2026,1,Tulane,American Athletic,https://a.espncdn.com/i/teamlogos/ncaa/500/2655.png,1,0.8184875533567997,-1.728851898940502,-2.3015363233035995,0.5726844243630975,79,90,61,-0.22326763978758962,-0.19360490946936326,-0.14880309380310802,0.15384615384615385,-0.1945061991487684,-2.012913702035819,-0.29975024617726587,0.19917240310076298,0.5,0.13798331328409677,-0.03077129056419683,0.0011032099833917432,-0.029258405593040576,-0.029236508778654368,130,122,122,136,12,18,106,76,0.31143239270345835,-1
2026,1,Fresno State,Pac-12,https://a.espncdn.com/i/teamlogos/ncaa/500/278.png,1,0.8184875533567997,-2.185578852881817,-5.026552345959453,2.8409734930776356,80,115,41,-0.6290199688846666,-0.2671889774685765,-0.2592838917961775,0.18181818181818182,-0.18326875790335606,-1.1988041648494454,0.8853706539663233,-0.28983324017310846,0.7777777777777778,0.43419968000952147,-0.05203870869833693,-0.057556789696791066,-0.023652791834239562,0.03341909304025523,134,128,130,131,47,136,15,128,0.2147044571201202,0
2026,1,Washington State,Pac-12,https://a.espncdn.com/i/teamlogos/ncaa/500/265.png,1,0.8184875533567997,-2.3330505364647864,-4.126333362414413,1.7932828259496265,81,109,48,0.005392759807317098,-0.38232145258375766,0.0036407024125688576,0.3076923076923077,-0.03899977869761254,-1.2051467280280055,0.20194552108739036,0.027281328449012956,0.4,0.031300901193456285,-0.006102837674383696,-0.013253302489466729,-0.04501779061779137,-0.0053128850038901875,126,135,102,120,46,95,70,48,0.3072321191091354,0
2026,1,California,ACC,https://a.espncdn.com/i/teamlogos/ncaa/500/25.png,1,0.8184875533567997,-2.754122695667644,0.7162277464436699,-3.470350442111314,82,59,99,2.6518739370123767,-0.04896170086653835,-0.1310747460230476,0.3076923076923077,0.015169202814267884,0.991297234354006,0.01338628391139974,0.742814082937169,0.6153846153846154,0.2871432305028925,-0.07915059701869065,0.059255051709483135,-0.05247904952013746,-0.002446589595679716,77,111,119,120,135,63,138,106,0.39615856924674553,0
2026,1,Miami (OH),Mid-American,https://a.espncdn.com/i/teamlogos/ncaa/500/193.png,1,0.8184875533567997,-2.8391258068026035,-3.0761163901493718,0.2369905833467682,83,98,64,1.9571473230630023,0.19580618651775628,-0.14017522679947675,0.46153846153846156,0.096782762530995,-0.15973864912768468,0.7173397992693139,0.0956562658215484,0.8461538461538461,0.470961920314742,-0.02617503562169343,-0.008080831017567965,0.01679312737544127,0.0321245410557783,92,73,121,92,104,128,84,134,0.3811552672369478,0
2026,1,Old Dominion,Sun Belt,https://a.espncdn.com/i/teamlogos/ncaa/500/295.png,1,0.8184875533567997,-2.9397390292202488,-4.116837129922441,1.1770981007021921,84,107,57,2.9153181504082255,0.12617117303401426,0.15159999369354354,0.3333333333333333,-0.021242523463689985,-0.8238347688095754,-0.29456371626937705,-0.17298991581483222,0.4444444444444444,0.06589336233303494,-0.04687925695850035,-0.010681116853106715,-0.016327139242427877,-0.00976329280378014,66,87,73,117,73,21,30,57,0.530541363123453,0
2026,1,Marshall,Sun Belt,https://a.espncdn.com/i/teamlogos/ncaa/500/276.png,1,0.8184875533567997,-3.0778952369588612,4.816999589316256,-7.8948948262751175,85,25,125,-0.07868889308413397,-0.062296856947550557,-0.4179791076696041,0.18181818181818182,-0.19349408182124317,-1.4020650523324623,0.9284662337198636,0.10799314327687516,0.5,0.14956243083210957,-0.073193352809317,-0.009259910563406262,-0.013809538416280758,0.032611386004158395,128,114,136,131,30,137,88,76,0.40238512811700566,0
2026,1,Michigan State,Big Ten,https://a.espncdn.com/i/teamlogos/ncaa/500/127.png,1,0.8184875533567997,-3.4893093970893103,-1.4380352813286692,-2.051274115760641,86,79,83,1.7952840482062324,0.3301935958942962,-0.18875242750889676,0.8888888888888888,0.5434758955484056,-0.9520994624127058,0.15722920590130662,0.04700989169780755,0.5,0.18317101757768728,-0.10528263473224576,7.230355531346379e-4,0.005021464496718038,0.0038480711538296073,98,57,126,7,64,89,75,76,0.47096965913052635,0
2026,1,Purdue,Big Ten,https://a.espncdn.com/i/teamlogos/ncaa/500/2509.png,1,0.8184875533567997,-3.5132839601743076,-1.6940840498281367,-1.8191999103461707,87,81,80,4.73269332424853,0.6345690300218726,0.16527754100909872,0.7777777777777778,0.4180296372937663,0.38969115739026106,0.09082707749755192,0.007182517869950943,0.75,0.3860572723144999,-0.04224604143268504,0.007233047213000082,0.02992438821566874,0.009088577767406597,28,25,69,20,125,78,67,122,0.7569942507426752,0
2026,1,Syracuse,ACC,https://a.espncdn.com/i/teamlogos/ncaa/500/183.png,1,0.8184875533567997,-3.5693216693151504,-1.7249847124866742,-1.8443369568284764,88,83,81,6.301389028277387,0.40960984298985875,0.3318535908814516,0.7,0.32151153516340064,-0.6986081482136384,-0.4131630814239365,-0.01037878612020475,0.42857142857142855,0.06970687514576153,0.0037021315453987054,0.008191083407056255,0.0011143905775348657,-0.02035753746507903,10,46,34,38,81,7,63,55,1.2009551782101342,1
2026,1,East Carolina,American Athletic,https://a.espncdn.com/i/teamlogos/ncaa/500/151.png,1,0.8184875533567997,-3.7786567124653625,-2.904165498176864,-0.8744912142884984,89,94,72,0.8481687134634466,-0.010895325823511496,-0.3805714544323107,0.09090909090909091,-0.24643882868526187,0.09526940712485257,0.2157641940321208,0.325223803287065,0.6,0.24452649594167009,-0.06210866921963447,0.01574829492031968,-0.005889824616657047,-0.004263149045060869,119,107,135,137,112,99,124,102,0.7516207894879376,-1
2026,1,Louisiana Tech,Sun Belt,https://a.espncdn.com/i/teamlogos/ncaa/500/2348.png,1,0.8184875533567997,-3.8605450166125186,-2.1458490204748326,-1.714695996137686,90,87,79,8.244301504876585,1.242107211031048,0.2972008821741722,0.6666666666666666,0.23703714658514066,-2.334112850087088,-0.22179676298254627,-0.17312432898343288,0.5,0.13268384619754786,-0.0058481302764386445,-0.012462370757379996,0.06822463308322813,-0.004740379433755993,3,2,41,42,7,30,29,76,1.409730467521066,2
2026,1,Stanford,ACC,https://a.espncdn.com/i/teamlogos/ncaa/500/24.png,2,0.649519052838329,-4.001549833358359,-4.184060529109672,0.18251069575131307,91,110,66,2.2756452677328336,0.2106466742791542,0.11023164428708991,0.5833333333333334,0.2526563840074142,-0.37797980006933535,0.4880260147561387,0.05923718013134864,0.4642857142857143,0.1358558328203371,-0.035732496176258816,0.006333696071304835,-0.016372947985403334,0.06548845750597423,88,69,83,64,96,121,78,72,1.068726196131907,0
2026,1,Utah State,Pac-12,https://a.espncdn.com/i/teamlogos/ncaa/500/328.png,1,0.8184875533567997,-4.252687268382136,-0.8140748067667238,-3.4386124616154126,92,74,98,1.6592210840826631,-0.09139778377450292,-0.05467333931789859,0.46153846153846156,0.10252335352529013,-1.51404089069504,0.12954119217781207,-0.001720618929263992,0.5454545454545454,0.18977121013061202,-0.11035959556352512,0.009368858094965222,-0.07986598039885028,0.015178874588771051,101,117,112,92,24,83,64,91,0.6075893337326432,-2
2026,1,Western Michigan,Mid-American,https://a.espncdn.com/i/teamlogos/ncaa/500/2711.png,1,0.8184875533567997,-4.82826113680712,-6.528966301112854,1.7007051643057343,93,123,49,-0.42301849273117204,-0.2751487296441871,0.02694779874309454,0.4444444444444444,0.07557550142164766,-0.5913128183978025,0.13203852066754349,0.1610941390923074,0.16666666666666666,-0.17386495603240648,-0.0021004549438474085,-0.0020798338749560942,-0.030052630932942317,-0.007086794394657434,132,129,99,97,85,84,102,7,0.7920133929522768,0
2026,1,Sacramento State,Mid-American,https://a.espncdn.com/combiner/i?img=/i/teamlogos/ncaa/500/16.png&h=200&w=200,2,0.649519052838329,-5.379468462278124,-2.378489642101918,-3.000978820176207,94,91,94,1.8645720403128965,0.08123686556864923,0.2051286930467686,0.3333333333333333,-0.007384474080317297,-1.0184746858462361,-0.027304520587215927,-0.12482577833550641,0.2857142857142857,-0.037435140700097236,-0.01172771203342909,-0.027718975541742862,-0.027550491635936793,-0.014939157703457911,94,92,60,117,58,51,40,21,2.5007999049507923,8
2026,1,Florida Atlantic,American Athletic,https://a.espncdn.com/i/teamlogos/ncaa/500/2226.png,1,0.8184875533567997,-5.4457780670741185,3.2998523454462463,-8.745630412520365,95,35,129,2.075332488952475,-0.01668054548422903,0.11543009289484141,0.4166666666666667,0.04371534935630723,-1.3616737330716862,0.884643657767873,0.4496562521344904,0.7692307692307693,0.4200737344819026,0.018444230411648294,0.027702829313916322,-0.014518902640755895,0.02944602058510561,89,108,81,102,34,134,132,126,1.0944939540445517,-1
2026,1,Hawai'i,Mountain West,https://a.espncdn.com/i/teamlogos/ncaa/500/62.png,2,0.649519052838329,-5.500008667509329,-2.0268082279613853,-3.473200439547943,96,86,100,1.3294852455186013,0.026717018578645127,0.11771517252362527,0.4444444444444444,0.10507742343802401,-1.3729024800849607,0.09994669844863838,0.27625273362098623,0.56,0.20649856119566207,-0.003891660504847539,0.038593806937147,-0.05021869788191543,-0.00742097053480614,109,101,80,97,33,79,121,97,2.1502603268797698,4
2026,1,North Carolina,ACC,https://a.espncdn.com/i/teamlogos/ncaa/500/153.png,1,0.8184875533567997,-5.588437207526098,-4.447747302316977,-1.1406899052091208,97,112,75,1.8266610113566337,0.08483159991481647,0.03736995495812544,0.36363636363636365,0.016475195581418245,-0.9232289934372774,-0.049765557681655914,0.008089896679681364,0.42857142857142855,0.07046479776454856,-0.013825896320197687,-0.009991969684861397,-0.01027564951279377,-0.014093105200811718,96,90,96,115,66,49,68,55,1.2118341046288883,-1
2026,1,Boston College,ACC,https://a.espncdn.com/i/teamlogos/ncaa/500/103.png,1,0.8184875533567997,-5.7626660088413395,-3.00375300080532,-2.75891300803602,98,97,91,0.9566169114788813,-0.2578277172623998,0.2481057429317016,0.3076923076923077,-0.04413674100070187,-0.6828317626555256,0.19210380207214017,0.2487758128508146,0.5454545454545454,0.21357771470944723,0.04786604744517724,0.006579688288973995,-0.04194373539767184,-0.003240088473571002,118,125,48,120,83,93,120,91,1.1576049760996394,-1
2026,1,Oklahoma State,Big 12,https://a.espncdn.com/i/teamlogos/ncaa/500/197.png,1,0.8184875533567997,-5.800048906367676,-2.2359563379369094,-3.5640925684307674,99,89,101,-0.12399997669851143,-0.1222695389287535,-0.17728492612466315,0.46153846153846156,0.12981143677811216,-0.4626966226783746,0.4068405798589352,0.03759513625052112,0.4,0.06548863607301492,-0.04862774665580621,-0.014292194469635294,-0.030823904980726458,0.005216053850590007,129,118,124,92,91,114,74,48,0.9502225421264807,-4
2026,1,Kennesaw State,Conference USA,https://a.espncdn.com/i/teamlogos/ncaa/500/338.png,1,0.8184875533567997,-6.082618603373115,-3.113017904284521,-2.9696006990885944,100,99,93,4.405772281688206,0.05861347345470766,0.511863704885089,0.5384615384615384,0.14918142140970778,-0.807061800873795,-0.3099148946663031,-0.31489079813513265,0,-0.3618752988353254,0.05889947687253881,-0.018813215892290305,-0.04397133121253377,-0.01263687558572983,35,99,20,73,74,16,12,1,1.5276505000873204,-1
2026,1,Ohio,Mid-American,https://a.espncdn.com/i/teamlogos/ncaa/500/195.png,1,0.8184875533567997,-6.095648387882538,-6.198525637414254,0.10287724953171548,101,120,68,0.25456141474356975,-0.156699437406734,0.22417669168728377,0.5,0.1123527394129417,0.3274554570660082,0.370341696369831,0.5929135619478599,0.7,0.31960424684030586,0.040703135339440866,0.042283553306585064,-0.026422988872420523,0.004809312193259544,124,120,54,78,121,109,136,116,1.064621942630426,-3
2026,1,Florida International,Conference USA,https://a.espncdn.com/i/teamlogos/ncaa/500/2229.png,1,0.8184875533567997,-6.4212800086889645,-1.737251883004838,-4.684028125684127,102,84,109,1.5520461802922234,0.012137051712526825,-0.20334914550302208,0.25,-0.09701856274953471,-1.855165456224343,0.15583338573830777,-0.099073728645162007,0.2857142857142857,-0.0914068826274801,-0.04127460811762537,-0.02928242450005412,-0.009053807472311461,-0.004902179481924562,102,105,127,128,16,88,46,21,1.4289884403434545,-1
2026,1,Eastern Michigan,Mid-American,https://a.espncdn.com/i/teamlogos/ncaa/500/2199.png,2,0.649519052838329,-6.431885645047661,-3.372161585841602,-3.059724059206059,103,103,96,0.8388318571384226,-0.06769881784518077,0.02397953968376423,0.20689655172413793,-0.1084065677999946,-1.2777944470943947,0.08575529506645142,-0.09514181343132068,0.23333333333333334,-0.09611194408214063,-0.055650801987738335,-0.018632565180068675,-0.08586125953951015,4.937199835653724e-4,120,116,100,129,40,77,47,15,2.248380540754539,3
2026,1,Louisiana,Sun Belt,https://a.espncdn.com/i/teamlogos/ncaa/500/309.png,1,0.8184875533567997,-6.625055625192345,-0.030786484542988997,-6.594269140649356,104,69,118,3.3308974237654327,0.02002458005298205,0.4506251215730182,0.5,0.12778709207139427,-0.38104030324214744,-0.29948493998540865,-0.21160374783925434,0.36363636363636365,-0.0013676614288892673,0.03692038185337804,-0.011375072888114434,-0.0414472535016228,-0.014449847481523228,54,103,25,78,95,19,20,41,1.395212360286897,-1
2026,1,Arkansas State,Sun Belt,https://a.espncdn.com/i/teamlogos/ncaa/500/2032.png,1,0.8184875533567997,-6.9144817907166125,-3.9708168564994266,-2.9436649342171854,105,106,92,4.137412676216855,0.025499683874927258,0.20898975839630018,0.5833333333333334,0.20309930133710888,0.606386312113933,0.6468747795950867,0.37840577583396307,0.6428571428571429,0.27316609545786036,0.034690841908179296,0.017970614140453374,-0.0021939797792872116,0.010683251546701248,42,102,59,64,130,127,130,113,1.695784585960423,0
2026,1,South Alabama,Sun Belt,https://a.espncdn.com/i/teamlogos/ncaa/500/6.png,1,0.8184875533567997,-7.44674426143769,-0.5395479487559824,-6.907196312681707,106,72,121,1.0107165698016372,0.08073001845267304,0.18607619539789924,0.6363636363636364,0.2522182145160937,-0.43658476655626444,0.20930238537222146,-0.5001230480448795,0.3,-0.111219660095378,-0.04762308534260935,-0.024095809735712397,-0.03377364265816823,0.01281514916344558,116,93,66,47,92,97,1,28,1.1435221697750144,-2
2026,1,Delaware,Conference USA,https://a.espncdn.com/i/teamlogos/ncaa/500/48.png,1,0.8184875533567997,-7.644177724719134,1.3105105643607153,-8.954688289079849,107,55,130,3.9575356382555067,0.397167404111649,0.2619723525306394,0.6153846153846154,0.2384294809921054,0.11401694707114934,-0.0574519779448303,-0.08541397049024069,0.5,0.13155610357306946,-0.012082956109352045,4.488701493058629e-4,-6.504781627983575e-4,0.0027973795392378185,45,48,46,53,115,48,49,76,1.7860864159955163,0
2026,1,Tulsa,American Athletic,https://a.espncdn.com/i/teamlogos/ncaa/500/202.png,1,0.8184875533567997,-7.887957269015546,-3.86043457088275,-4.027522698132796,108,105,105,2.7926456209118333,0.4068405798589352,0.03759513625052112,0.4,0.06548863607301492,-0.6727259144651551,-0.1222695389287535,-0.17728492612466315,0.46153846153846156,0.12981143677811216,-0.034178611203822,-0.020334273024739558,0.010202648167833254,-0.01575857028686344,72,47,95,105,84,42,28,67,1.7923061900032558,0
2026,1,Troy,Sun Belt,https://a.espncdn.com/i/teamlogos/ncaa/500/2653.png,1,0.8184875533567997,-7.993475095126884,-5.411021913191453,-2.5824531819354313,109,117,88,2.9231104774032857,0.20752340975948425,0.07864568844994618,0.5384615384615384,0.22300868296320348,-1.2345850418994202,0.22578578667104096,-0.3311219629287563,0.2857142857142857,-0.03629003272420531,-0.02741993884770512,-0.023819112609468656,-0.008277627426503925,0.0128686014186808,65,70,89,73,45,100,10,21,1.6867883638919174,-1
2026,1,Nevada,Mountain West,https://a.espncdn.com/i/teamlogos/ncaa/500/2440.png,1,0.8184875533567997,-8.168488996308618,-5.79348140280108,-2.3750075935075365,110,118,85,4.294187098684124,0.23040510662376418,0.5689590118328903,0.75,0.3764678976150282,0.1175382792655803,0.08193068714268657,-0.035468030532701866,0.6153846153846154,0.24666816602298086,0.09969661291500492,-0.0073849945254398155,-0.00366002129056599,0.0010089488260473206,38,64,12,26,116,75,58,106,1.9117733719968264,0
2026,1,Temple,American Athletic,https://a.espncdn.com/i/teamlogos/ncaa/500/218.png,1,0.8184875533567997,-8.436499362580633,-2.9389000301285493,-5.497599332452084,111,96,113,3.596081484318067,0.2026325510932404,0.23079404933954514,0.5,0.13615241561781127,-1.1342167965237964,-0.020192256335818615,0.14853042952391002,0.3333333333333333,-0.03131145316716196,-0.025583948311182308,0.024288500406778806,-0.014701622246257637,0.004449480323440156,50,71,52,78,53,53,100,35,1.8537624331002949,0
2026,1,Colorado State,Pac-12,https://a.espncdn.com/i/teamlogos/ncaa/500/36.png,1,0.8184875533567997,-8.944814621847298,-6.325823300791118,-2.6189913210561797,112,122,89,3.3579795554461436,0.5372348687880762,0.06387372555360847,0.6,0.2611124802817369,-0.706594312768985,-0.2606967927845321,0.09727416668514305,0.6923076923076923,0.3736963524927457,-0.028277906354548743,0.005606763501202696,0.029029451519112227,-0.013094203982207505,53,30,91,60,78,25,86,115,1.9654454832279242,0
2026,1,Western Kentucky,Conference USA,https://a.espncdn.com/i/teamlogos/ncaa/500/98.png,1,0.8184875533567997,-9.101986072112819,-3.360238805505481,-5.741747266607337,113,101,115,2.460710942582213,0.08193068714268657,-0.035468030532701866,0.6153846153846154,0.24666816602298086,-0.42459364223802754,0.23040510662376418,0.5689590118328903,0.75,0.3764678976150282,-0.017660608884354397,0.04168932936590081,0.0019735129633189847,-0.0018711679391324564,80,91,109,53,94,101,135,122,2.0582733512665534,0
2026,1,New Mexico State,Conference USA,https://a.espncdn.com/i/teamlogos/ncaa/500/166.png,2,0.649519052838329,-9.178161629592905,-4.566680755739033,-4.611480873853872,114,114,108,3.052781882629554,0.41204008366690587,0.10551980539052679,0.5833333333333334,0.2168531855288818,-1.3537067876612117,-0.015428649930155929,0.1304884130172506,0.5384615384615384,0.16870507948922506,-0.044912480096306336,0.009656514833101985,0.04574562791825247,-0.011137456297256869,58,44,86,64,36,55,97,87,5.052089422561437,8
2026,1,Central Michigan,Mid-American,https://a.espncdn.com/i/teamlogos/ncaa/500/2117.png,1,0.8184875533567997,-9.577924548878071,-7.116322137079728,-2.4616024117983426,115,127,86,-0.4992555566638388,-0.6883993044537969,0.16318565953341946,0.4,0.016680056401275158,-1.6031295141611475,0.06876151717948728,0.3368713984888116,0.7777777777777778,0.39993990871990714,0.026323142081138624,0.0159266427987782,-0.05392768893581935,-0.01097805413612244,133,138,71,105,22,72,127,128,1.952333865591445,-1
2026,1,Wyoming,Mountain West,https://a.espncdn.com/i/teamlogos/ncaa/500/2751.png,1,0.8184875533567997,-9.715978267254167,-10.212178658918356,0.496200391664189,116,136,62,2.8423312440475863,-0.2606967927845321,0.09727416668514305,0.6923076923076923,0.3736963524927457,-0.518863160478767,0.5372348687880762,0.06387372555360847,0.6,0.2611124802817369,0.013408115193682867,-0.011824744264862122,-0.025612380564896377,0.014841164753105318,70,126,87,41,89,122,80,102,2.254278947430656,-1
2026,1,Northern Illinois,Mountain West,https://a.espncdn.com/i/teamlogos/ncaa/500/2459.png,1,0.8184875533567997,-10.01203169491408,-6.942018455944558,-3.0700132389695223,117,125,97,0.28939752445338823,-0.1471696004549007,-0.2934605068534402,0,-0.3660805788702934,-0.3639111529120187,-0.06526528678018104,0.17902090982983992,0.7142857142857143,0.29663846804811006,-0.05872920951280697,-0.0011126873498451552,-0.022802416731272142,-0.024382261468156367,123,119,132,138,99,45,104,118,2.078225192556733,-1
2026,1,Coastal Carolina,Sun Belt,https://a.espncdn.com/i/teamlogos/ncaa/500/324.png,1,0.8184875533567997,-10.294934574778667,-0.49220501452100734,-9.80272956025766,118,71,134,2.4009408097385996,0.24212693217120979,-0.045403210141940084,0.4666666666666667,0.11720678558159613,-1.3340206814117122,0.6361504617345709,0.10929430055098178,0.4666666666666667,0.11667610871055817,-0.013454620672530887,-0.010704733310086744,0.024270357036617663,0.010181681718256504,81,62,110,90,38,124,89,73,2.345320812961276,0
2026,1,App State,Sun Belt,https://a.espncdn.com/i/teamlogos/ncaa/500/2026.png,1,0.8184875533567997,-10.559608240139333,-3.7254471191301493,-6.834161121009184,119,104,119,8.398334127216858,0.6725817007487666,0.5700775581793828,1,0.6825574745667307,-2.19467087225316,0.012267705544723931,-0.3680344499424583,0.6363636363636364,0.3126872445980486,0.06908748248370765,-0.02710243393139603,0.03393151188130422,0.006786249740248476,2,21,11,1,9,62,7,111,3.1206443117458775,1
2026,1,Missouri State,Conference USA,https://a.espncdn.com/i/teamlogos/ncaa/500/2623.png,1,0.8184875533567997,-10.762034923806432,-5.19873299284054,-5.563301930965891,120,116,114,-2.618977005960251,-0.2613057020669871,-0.3516675359809507,0.3333333333333333,-0.028723992841265606,-0.37336927374092027,0.323341230762132,0.33717235089486275,0.8,0.4178401763924633,-0.062477068395218355,0.016910294104332757,-0.022370421189740804,0.0022633153100270783,138,127,134,117,98,106,128,131,1.938220300326508,-1
2026,1,Georgia Southern,Sun Belt,https://a.espncdn.com/i/teamlogos/ncaa/500/290.png,1,0.8184875533567997,-11.008697979726223,-1.7169522275392348,-9.291745752186989,121,82,132,-1.9189798868053933,0.23188034144034056,0.133270393032564,0.6153846153846154,0.2680830928373836,-1.1838239179579801,-0.2994189060623616,-0.32657351308672733,0.3076923076923077,-0.04306400558483052,-0.04386782020225628,-0.022240281948903325,-0.02845998391996574,-0.014840479923660792,137,63,75,53,50,20,11,29,1.6115574625493885,-4
2026,1,UAB,American Athletic,https://a.espncdn.com/i/teamlogos/ncaa/500/5.png,1,0.8184875533567997,-11.38188522397699,-1.134341562925547,-10.247543661051443,122,77,136,2.9618509407055105,0.06307846100079668,0.22739516392073572,0.875,0.5076032565804539,0.82054578044421,0.885013394776054,0.11476447132616316,0.7142857142857143,0.3785798198682554,0.05352538722524235,-0.005953809337009261,-5.542124372040256e-4,0.019615660404968694,63,97,53,9,134,135,93,118,2.578366564408867,-1
2026,1,Oregon State,Pac-12,https://a.espncdn.com/i/teamlogos/ncaa/500/204.png,1,0.8184875533567997,-11.710102539210158,-7.419440117411386,-4.290662421798773,123,128,106,2.8470643064641434,0.16640208736728945,-0.21340076086963183,0.4,0.056674609345221005,-0.43166501817407527,0.4099252895031324,0.2791386545081523,0.7272727272727273,0.3679083433809266,-0.04013246021627138,0.009370259019097391,0.0161676109778206,0.006837259933685447,69,77,129,105,93,115,122,120,2.700148022123173,0
2026,1,San José State,Mountain West,https://a.espncdn.com/i/teamlogos/ncaa/500/23.png,2,0.649519052838329,-13.162875653919933,-6.2020907961785365,-6.960784857741396,124,121,122,2.8271322775319354,0.33387452057061,-0.04909229683917491,0.4,0.04269143774002828,-0.82938860510577594,0.02601719672350597,0.2360371400095589,0.4,0.05165253756448204,-0.024168193571120718,0.020438307115989835,0.0629338622069961,-0.036630026055110405,71,56,111,105,72,64,116,48,7.487357892284994,11
2026,1,Rice,American Athletic,https://a.espncdn.com/i/teamlogos/ncaa/500/242.png,1,0.8184875533567997,-13.221281133861261,-7.471881046244784,-5.749400087616476,125,129,116,2.977313908080196,-0.19541835175828126,0.2951883478337762,0.6666666666666666,0.3144318995990576,0.03195631999150751,-0.4998091022201353,-0.10842366704645597,0.4444444444444444,0.066530972566765,-0.009663835072419292,-0.0020251909109197754,-0.02408239474253338,-0.021834846173589155,62,123,42,42,109,4,43,57,2.828964955547299,-1
2026,1,Bowling Green,Mid-American,https://a.espncdn.com/i/teamlogos/ncaa/500/189.png,1,0.8184875533567997,-13.455932993761474,-9.70478377876004,-3.751149215001434,126,135,103,0.9626205865637821,0.5649679324685173,-0.4678980018066095,0.6363636363636364,0.26932812864199807,0.18487090548518106,0.30647634346208535,-0.04161187991829225,0.5454545454545454,0.1979081740815307,-0.1993848873686709,0.005686615710423261,0.017786644297609407,0.02008815538450769,117,27,137,47,118,105,57,91,2.614313041111414,-1
2026,1,Southern Miss,Sun Belt,https://a.espncdn.com/i/teamlogos/ncaa/500/2572.png,1,0.8184875533567997,-13.46559991046108,-3.361401061795172,-10.104198848665908,127,102,135,3.9377625759392245,0.1339359485782733,0.44738761238409824,0.6363636363636364,0.30374782345543594,0.3726792361364038,-0.13818231896954575,-0.17752208460224153,0.21428571428571427,-0.11602013815661305,0.04608187873245858,-0.010724818152760296,-0.027265270605511656,-0.002493847104823632,46,83,27,47,124,40,27,12,3.074644842823613,0
2026,1,UTEP,Mountain West,https://a.espncdn.com/i/teamlogos/ncaa/500/2638.png,1,0.8184875533567997,-13.706180930162766,-6.8515078656908734,-6.854673064471893,128,124,120,-0.7339211429063225,-0.38937255300118545,0.028471304342086477,0.26666666666666666,-0.08526820714901706,-1.057773312313585,0.8234628669489916,0.2011017053829006,0.5714285714285714,0.2198377957416001,-0.0014213198362699002,0.0011447389464180476,-0.0371267482088038,0.02123594735274685,135,136,97,127,56,131,108,98,2.744064068532431,-2
2026,1,Buffalo,Mid-American,https://a.espncdn.com/i/teamlogos/ncaa/500/2084.png,1,0.8184875533567997,-13.999844838427226,-9.466887308301397,-4.53295753012583,129,134,107,1.0199963555268146,0.1867763529038403,-0.016725334728768124,0.375,0.020999328965199595,-1.7404886132350594,0.03855770571221448,-0.21137287065812221,0.35714285714285715,0.010080512818644919,-0.08125748070027934,-0.012573058407016387,-0.03603529183238665,0.010881740629021463,115,75,105,113,18,67,21,39,2.7303993967686218,-1
2026,1,Sam Houston,Conference USA,https://a.espncdn.com/i/teamlogos/ncaa/500/2534.png,1,0.8184875533567997,-14.668659020254935,-5.960868811091253,-8.707790209163681,130,119,128,3.1453980951549014,0.22578578667104096,-0.3311219629287563,0.2857142857142857,-0.03629003272420531,-1.3971165264812087,0.20752340975948425,0.07864568844994618,0.5384615384615384,0.22300868296320348,-0.056961454787695626,-0.011465974905179454,0.025171099924903788,-0.004231896435269764,56,65,133,123,31,96,83,87,3.4215815065154906,-1
2026,1,Georgia State,Sun Belt,https://a.espncdn.com/i/teamlogos/ncaa/500/2247.png,1,0.8184875533567997,-15.17711577284922,-2.525752708162151,-12.65136306468707,131,92,138,7.405684719727781,0.513137468206728,0.5013368012687652,0.7272727272727273,0.3531357254908558,-0.3438902990266312,-0.19276228339726778,0.11008421541818225,0.25,-0.12289543777681124,0.05018147858321924,0.019026024005559982,0.013624787058556874,-0.005984942279289688,4,33,22,30,100,33,90,16,3.893122081673475,0
2026,1,Middle Tennessee,Conference USA,https://a.espncdn.com/i/teamlogos/ncaa/500/2393.png,1,0.8184875533567997,-15.454425063628939,-6.952162356135525,-8.502262707493413,132,126,126,4.603926450612427,0.3175674616882729,0.5229141950973848,0.875,0.484954083667714,2.0039959717562414,0.23657916534292386,0.40798460000185627,0.4444444444444444,0.06812053929381481,0.036743191939552715,0.048881459113704014,-0.0082560565960125391,0.014629719317158901,30,59,17,9,137,102,131,57,3.5158130635720966,-2
2026,1,UL Monroe,Sun Belt,https://a.espncdn.com/i/teamlogos/ncaa/500/2433.png,1,0.8184875533567997,-15.786421571091644,-8.471947846562252,-7.314473724529392,133,133,123,1.3453556225339507,-0.059427588828110875,-0.05660722807638595,0.35714285714285715,-0.008750356707383972,-0.003296382308375303,0.6176696308616325,0.6611364542255747,0.75,0.39315945878291847,-0.022580476534440622,0.04777597823958492,-0.013505518798381046,0.023330317411823873,107,113,113,116,107,123,137,122,3.2938162561632183,-1
2026,1,Akron,Mid-American,https://a.espncdn.com/i/teamlogos/ncaa/500/2006.png,1,0.8184875533567997,-15.825982547020367,-8.21522825669008,-7.610754290330287,134,132,124,3.134354119583517,0.05188813045486325,0.06961710726598248,0.2727272727272727,-0.04515207920998413,-0.8345896001354729,0.6418524927697862,0.33515212540968664,0.6666666666666666,0.3492823948239211,0.0076250551549322376,0.013072356285329781,-0.001944069816588706,0.02163805036114723,57,100,90,125,69,125,126,114,3.7842538350392942,-1
2026,1,Charlotte,American Athletic,https://a.espncdn.com/i/teamlogos/ncaa/500/2429.png,1,0.8184875533567997,-16.566023402748417,-8.04651641747984,-8.519506985268578,135,130,127,3.9880718629384817,0.12771978481985496,0.408566305638644,0.6666666666666666,0.2908547169188579,0.6925598864273175,0.37826146262699795,0.37743877727612335,0.7272727272727273,0.3584990233946988,0.013984680941467003,0.0606315240446984,-0.04944696703830878,0.0132162684114159,44,86,30,42,133,111,129,120,3.5842115068482094,-1
2026,1,Kent State,Mid-American,https://a.espncdn.com/i/teamlogos/ncaa/500/2309.png,1,0.8184875533567997,-17.842128911928356,-8.137968491589243,-9.704160420339111,136,131,133,0.0291915022620238,-0.22366654835364183,-0.07185202827444752,0.2,-0.1384219492540122,-0.9405824801195727,0.8743785630747609,0.5150627822645977,0.8,0.5000070084658522,-0.019097564138577997,0.032969278596177425,-0.025544324081174807,0.03510667821635101,125,124,115,130,65,133,134,131,3.628102398314187,0
2026,1,Ball State,Mid-American,https://a.espncdn.com/i/teamlogos/ncaa/500/2050.png,1,0.8184875533567997,-18.888898100239647,-12.558974922276201,-6.329923177963446,137,138,117,-0.04016408204912221,-0.36425965361896584,-0.2707182861351678,0.38461538461538464,0.020616096464962798,-3.149764592670118,0.7499846831931354,0.45917884960417765,0.5833333333333334,0.2334963682779401,-0.05118877137405287,0.025292762235833672,-0.05564324913995986,0.03088554636592629,127,132,131,111,1,129,133,99,3.7713299651306507,0
2026,1,Massachusetts,Mid-American,https://a.espncdn.com/i/teamlogos/ncaa/500/113.png,1,0.8184875533567997,-22.8775969296116,-11.209749501742037,-11.667847427869562,138,137,137,4.333013076934123,0.6466129593656755,0.21577162822073717,0.5,0.1358655865111031,-1.7728196740944973,0.14179103799942758,-0.488227860541713,0.6153846153846154,0.24822578764904477,0.04536206607886424,-0.042380973414686586,0.04882439113792622,-0.01078496534981842,37,22,57,78,17,85,2,106,5.432615729432502,0
2026,2,Notre Dame,FBS Independents,https://a.espncdn.com/i/teamlogos/ncaa/500/87.png,2,0.649519052838329,21.230739228622394,10.837870047711998,10.392869180910395,1,2,2,3.9179878857354202,0.5636873892403159,0.18941325836712997,0.6470588235294118,0.345604258084145,-1.2614167507541523,0.10180903051078954,-0.16152517848700984,0.5789473684210527,0.2538495125680069,0.008968551494662956,-0.04524497147345489,0.1002579954477542,0.0012417569680379713,37,17,67,32,32,84,18,111,-5.177506931437858,0
2026,2,Ohio State,Big Ten,https://a.espncdn.com/i/teamlogos/ncaa/500/194.png,2,0.649519052838329,18.97523020404261,7.027030500971303,11.948199703071305,2,9,1,5.0759635194606885,0.5569542421382349,0.16989902863617878,0.6521739130434783,0.31165150786485074,0.2908248117562371,-0.17492310630352123,-0.028221160130290655,0.36,0.02369222290397887,0.005757019426641567,-0.030541811026325527,0.12104493138171553,-0.038073255569160254,14,18,73,27,129,18,48,25,-4.160466306216776,0
2026,2,Georgia,SEC,https://a.espncdn.com/i/teamlogos/ncaa/500/61.png,2,0.649519052838329,17.164326554252664,7.941944506250481,9.222382048002183,3,5,6,6.849890272642152,0.7858340386507109,0.5637020058317646,0.64,0.27829423426951483,-1.214401718184446,-0.13547618014865687,-0.20320886901053964,0.5555555555555556,0.17610730338189495,0.07240435830198783,-0.03782456342477032,0.12014430340322818,-0.009917049100427018,3,5,3,33,35,23,7,106,-3.360147094945379,1
2026,2,Oregon,Big Ten,https://a.espncdn.com/i/teamlogos/ncaa/500/2483.png,2,0.649519052838329,16.817453075556614,8.989746598465649,7.827706477090963,4,3,9,3.7408195272419813,0.054660311775402246,0.1530327850766227,0.391304347826087,0.008974132683189215,-1.1782230901689668,-0.08778557409141745,0.10519669597523225,0.4642857142857143,0.08500122299073161,0.014411300875251942,-0.005741347700388419,-0.03863083926316254,-0.025663164073349454,41,106,80,120,37,34,90,62,-3.9053730526753725,-1
2026,2,Texas Tech,Big 12,https://a.espncdn.com/i/teamlogos/ncaa/500/2641.png,2,0.649519052838329,16.511687317152223,6.979134143891052,9.532553173261173,5,11,4,2.5587617747261593,0.37952637759441193,0.14905747189992496,0.43478260869565216,0.06755271682952817,-1.0546244567102927,0.04687015862235345,-0.10759804023520429,0.48,0.13269800328676162,-0.01493374781555088,-0.01882963940955914,0.04754947269262169,-0.010975650719490963,77,39,82,111,48,64,29,70,-3.887387324819951,0
2026,2,Indiana,Big Ten,https://a.espncdn.com/i/teamlogos/ncaa/500/84.png,2,0.649519052838329,15.779369443751893,6.501458229467964,9.277911214283929,6,14,5,5.948871166369101,1.14873166950368,0.2939863038089596,0.8,0.4652159228406803,0.06269700640174587,-0.08899392236250576,-0.14669747119915075,0.4583333333333333,0.12512371967163197,0.011172565092433216,-0.03194835706658174,0.13756621631570584,-0.008451600327036972,5,1,37,4,123,33,21,59,-3.4899162253660805,1
2026,2,Ole Miss,SEC,https://a.espncdn.com/i/teamlogos/ncaa/500/145.png,2,0.649519052838329,15.44782958546003,8.372739497470134,7.075090087989896,7,4,12,2.5160084888908014,0.38289298339094985,0.3225085639081503,0.6,0.24022622596452387,-0.2418832472000319,0.25385516636239164,0.10254188915297305,0.5,0.12135270502708469,0.04429529456725308,0.0020324720089424353,0.046309577056766645,0.010581285771273017,79,38,31,46,107,109,88,73,-4.175979679400326,-1
2026,2,Penn State,Big Ten,https://a.espncdn.com/i/teamlogos/ncaa/500/213.png,2,0.649519052838329,14.72490075094859,7.62828308984894,7.09661766109965,8,7,11,4.132023925919134,0.7146714686399728,0.038827172446204,0.65,0.28790351629453903,0.024554544929000253,-0.21007153925280628,0.06995632591212377,0.3,-0.06935150026264086,-0.027798552043408673,-0.005785844558287274,0.1385445958898135,-0.02772928270572383,29,7,110,30,119,13,79,11,-3.021899682926035,1
2026,2,Texas A&M,SEC,https://a.espncdn.com/i/teamlogos/ncaa/500/245.png,2,0.649519052838329,14.31886294081451,7.334960611432444,6.983902329382066,9,8,13,3.553187989627699,0.2756037902114118,0.17544542690041395,0.7,0.30946676553859787,-0.7640456287116617,-0.28456304619773365,-0.1700906007013458,0.3076923076923077,-0.060186445878877795,-0.009407151052822093,-0.03719624558918624,-3.9903425460908483e-4,-0.029002465518144064,44,58,70,21,71,7,14,14,-3.360221575747543,1
2026,2,Texas,SEC,https://a.espncdn.com/i/teamlogos/ncaa/500/251.png,2,0.649519052838329,14.269754724905658,6.988680734161842,7.281073990743816,10,10,10,4.497725822713029,0.3724355255561568,0.1257624996587642,0.6190476190476191,0.2748966960516478,-0.24995422419245097,0.22392657673082997,-0.10361099299367803,0.5,0.14303401257099477,-0.01461458288513695,-0.03589978752885118,0.028203461704523678,0.01323297682451317,23,40,90,41,104,105,30,73,-3.5173045144673143,-2
2026,2,Tennessee,SEC,https://a.espncdn.com/i/teamlogos/ncaa/500/2633.png,2,0.649519052838329,13.052021864861747,10.838164227194307,2.2138576376674406,11,1,43,4.15125645310021,0.5511272287311174,0.42657154330705294,0.5833333333333334,0.24670998473374692,-0.34440719278477455,-0.37860219789029687,0.20362977785288205,0.48148148148148145,0.15028981841339178,0.07959307517315059,0.0359323118665531,0.07502398207763299,-0.051180251243775766,28,19,16,55,101,4,111,72,-2.883677974414937,0
2026,2,Miami,ACC,https://a.espncdn.com/i/teamlogos/ncaa/500/2390.png,2,0.649519052838329,11.194307871964,4.289937922980044,6.904369948983957,12,24,14,7.2420859593619085,1.098665144041341,0.269773136619575,0.75,0.4155647279092352,-0.9233240242653555,-0.04407423183609765,-0.1300693869231347,0.2692307692307692,-0.05893588437568421,0.019717079991034336,-0.027225176926072257,0.2510290355712093,-0.016517625054064154,1,2,43,13,60,44,23,7,-0.9314810098955686,6
2026,2,SMU,ACC,https://a.espncdn.com/i/teamlogos/ncaa/500/2567.png,2,0.649519052838329,11.179218942818508,6.375171133570243,4.804047809248266,13,15,28,5.350774175457522,0.8350141578250095,-0.03105424440663553,0.7272727272727273,0.36021723615840584,-0.9919301102059876,-0.11075587696340926,-0.03568577184067915,0.48,0.12327198795555575,-0.0558196802892222,-0.029796479015971163,0.19129105561483242,-0.015351538380459606,11,4,125,16,56,29,46,70,-2.0050262085277986,1
2026,2,Utah,Big 12,https://a.espncdn.com/i/teamlogos/ncaa/500/254.png,2,0.649519052838329,11.090228022549795,5.0042186427201365,6.086009379829657,14,18,19,5.132665293390984,0.4782194192587101,0.4101662876996069,0.6818181818181818,0.2955166938609445,-0.9439694667329114,-0.12073229715463535,0.06924290715181532,0.4,0.024747504468172744,0.04173293666656673,0.02589505900495486,0.03783220765324832,-0.012180478036456886,13,26,17,23,58,27,78,42,-2.1982144681250766,-1
2026,2,Alabama,SEC,https://a.espncdn.com/i/teamlogos/ncaa/500/333.png,2,0.649519052838329,10.992981155415821,2.5687675500636264,8.424213605352195,15,41,8,3.4274506752624814,0.10638904989240167,0.30284631481567054,0.6,0.22714597375934073,-2.790969414392645,-0.12877286137436722,-0.34998295106572835,0.16666666666666666,-0.19355543797764807,0.05620117119929615,-0.0786082622440257,-0.020186221477931667,-0.028011055390580998,48,92,35,46,1,25,1,2,-2.0083374799871176,0
2026,2,Michigan,Big Ten,https://a.espncdn.com/i/teamlogos/ncaa/500/130.png,2,0.649519052838329,10.81611705963242,3.929872948384494,6.886244111247926,16,26,15,0.9431939041443879,0.06632214725270849,0.1330327323372959,0.34782608695652173,0.0017160528720232512,-0.9493464095429274,-0.279202187562651,0.04324557477887318,0.38095238095238093,0.032132781736958854,-0.01266242941182139,0.0014629444935450756,-0.04408711308141045,-0.03167826946741827,127,101,86,127,57,8,68,34,-3.1158244276002716,-4
2026,2,Oklahoma,SEC,https://a.espncdn.com/i/teamlogos/ncaa/500/201.png,2,0.649519052838329,10.051623771855676,1.251370885874104,8.800252885981571,17,53,7,2.1521551321235477,0.12533611339702197,0.14681991487175758,0.42105263157894735,0.08070913020381619,-1.2509991874679944,-0.21666508122391848,0.07433599629006112,0.38461538461538464,0.032570214661929095,0.0022030944978066514,-0.010950170621736269,-0.0029743075412523422,-0.02095028581810033,92,88,83,117,33,12,83,38,-2.491084789227058,0
2026,2,USC,Big Ten,https://a.espncdn.com/i/teamlogos/ncaa/500/30.png,3,0.49410588440130926,9.978818791383038,6.624427741902017,3.3543910494810207,18,13,34,4.530475173589546,0.5927616077230586,0.09894558742060032,0.7777777777777778,0.4075049270465379,-0.8116861540676255,0.29587378497381883,0.043608553165708115,0.42857142857142855,0.054501182011000085,-0.03069395856953495,0.003150479058873931,0.12832498143507018,0.023991813138964795,21,14,99,7,70,112,69,52,-2.7825746821530934,-2
2026,2,LSU,SEC,https://a.espncdn.com/i/teamlogos/ncaa/500/99.png,2,0.649519052838329,9.102765737345454,-0.5245687670866334,9.627334504432087,19,71,3,3.184433817911274,0.18305189562280488,0.19959483512514686,0.76,0.37370758006559135,-2.6530732604712637,-0.5844420486733718,-0.3066670785480369,0.2,-0.15928665556893357,0.005311006890193591,-0.055070948926731284,-0.030859630133804862,-0.05384866677662608,53,75,63,12,2,2,2,3,-1.7194479341104785,2
2026,2,Washington,Big Ten,https://a.espncdn.com/i/teamlogos/ncaa/500/264.png,2,0.649519052838329,8.56947257952939,1.7241526777094331,6.845319901819956,20,50,16,0.829248409611276,0.1293237447027,0.0038343579824207663,0.43478260869565216,0.07726757189416293,-2.136248386153324,-0.25180495718800733,-0.16000005697807118,0.25,-0.10359666357732293,-0.0479152901604245,-0.030336810079099667,-0.04624584701983831,-0.017925040008460156,129,85,120,111,3,10,19,5,-2.604223460340659,-1
2026,2,Nebraska,Big Ten,https://a.espncdn.com/i/teamlogos/ncaa/500/158.png,2,0.649519052838329,8.453259309844622,3.3469344212870733,5.106324888557548,21,32,25,5.6745949749213045,0.5161268167823903,0.5933207042460615,0.7894736842105263,0.41521445782525523,-0.6982328684817499,-0.05261159888019174,0.10331193495369108,0.4782608695652174,0.08802669715046191,0.11546457201528301,0.02441126541374826,0.06634192139472256,-0.006392415264018666,7,22,2,5,80,41,89,68,-1.200813648787836,2
2026,2,South Carolina,SEC,https://a.espncdn.com/i/teamlogos/ncaa/500/2579.png,2,0.649519052838329,8.44638279164115,1.9323334864682349,6.514049305172916,22,47,17,3.542244089137737,0.2678692098525105,0.6590806847351429,0.8095238095238095,0.4796012460460807,-1.3144736844701077,0.07097454975668828,-0.20357949185389684,0.25,-0.08610540646715975,0.1266518992256042,-0.03127527831287228,-0.028946336920273708,0.017273493235696342,45,62,1,3,30,76,6,5,-2.4311856058987065,-2
2026,2,BYU,Big 12,https://a.espncdn.com/i/teamlogos/ncaa/500/252.png,2,0.649519052838329,8.10819556356565,2.92714164741396,5.18105391615169,23,38,24,4.980093053164011,0.45624385063306716,0.5012711650386725,0.5789473684210527,0.2592785073194458,-0.7490748077133114,-0.04407746219381259,-0.03732206149120904,0.391304347826087,0.05385399647881791,0.0723153099321911,-0.007996802562329094,0.0329120744380423,0.001446658416941939,16,28,8,61,74,43,45,39,-1.7812457850854901,-1
2026,2,Missouri,SEC,https://a.espncdn.com/i/teamlogos/ncaa/500/142.png,2,0.649519052838329,6.663766639111184,3.3316587093222583,3.332107929788926,24,33,35,3.8286371991789863,0.6121290001843407,0.19823326291076898,0.6521739130434783,0.2785314820901797,-0.5021751982667254,-0.15748637785974484,0.13891792291670074,0.5,0.1320761648661262,0.0018692017935666911,0.01865873203781897,0.1106602268640974,-0.02668327880057353,39,12,64,27,90,19,99,73,-1.0066319070799032,2
2026,2,Iowa,Big Ten,https://a.espncdn.com/i/teamlogos/ncaa/500/2294.png,2,0.649519052838329,6.230223097464941,0.6585581718619296,5.571664925603011,25,58,23,1.7312928549510083,0.04332759237400821,0.028345117044811262,0.56,0.1529548109460114,-2.072888185095319,0.09075793308423119,-0.19180917499420536,0.1,-0.25904008657810396,-0.05041027500894443,-0.03794095918492692,-0.06501252245029576,0.008671394317459757,106,109,115,69,4,79,10,1,-2.037359976561544,-1
2026,2,Florida,SEC,https://a.espncdn.com/i/teamlogos/ncaa/500/57.png,2,0.649519052838329,6.16321931734487,0.39478399914240214,5.768435318202468,26,62,21,6.2417012749365695,0.6452385025414834,0.40904553404864313,0.6521739130434783,0.29904194846523025,-1.0639830548799647,-0.09655434093444391,0.0669821065069588,0.36,-0.024932605807419673,0.0371317857715826,0.01869252663528501,0.07970478068902621,-0.012641969673913695,4,10,18,27,46,31,76,25,-0.5218010193915559,5
2026,2,Virginia,ACC,https://a.espncdn.com/i/teamlogos/ncaa/500/258.png,2,0.649519052838329,6.144312793537131,1.9485903951938714,4.19572239834326,27,46,30,3.0787224218945815,0.656931332355013,0.22381389694199894,0.5263157894736842,0.21241470531133172,-0.5107444931882661,-0.441893613393674,-0.1974388082127205,0.2916666666666667,-0.04309913324900006,-0.008821601384272454,-0.03895104194710418,0.058069511179332456,-0.0409716193753754,57,9,56,76,88,3,8,10,-1.842558295214773,-2
2026,2,Kansas State,Big 12,https://a.espncdn.com/i/teamlogos/ncaa/500/2306.png,2,0.649519052838329,5.90253420346969,4.43641514957636,1.4661190538933295,28,23,48,2.9088217503457847,0.30969834645025623,0.46115257880836885,0.6363636363636364,0.25289337265737066,-1.5299161291717776,-0.3131672919737465,-0.08533120790023331,0.28,-0.10731616640175883,0.06747892453478792,-0.010545913412500506,-0.00687732018916967,-0.016952115517789378,66,49,13,35,15,5,34,9,-1.651526699766575,-1
2026,2,Arizona State,Big 12,https://a.espncdn.com/i/teamlogos/ncaa/500/9.png,2,0.649519052838329,5.517486154352434,0.5693184170386073,4.948167737313827,29,59,26,2.8021895489864956,0.22030363845162693,0.3277842546415531,0.6153846153846154,0.23480796609814067,-0.7483049701934128,0.05315659704202215,-0.04024239931618498,0.391304347826087,0.0024951290465322074,0.03502716719586256,-0.023111743343131503,-0.002852031651705579,-0.0023215503904907247,71,67,30,44,75,66,44,39,-1.564569608563109,0
2026,2,Pittsburgh,ACC,https://a.espncdn.com/i/teamlogos/ncaa/500/221.png,2,0.649519052838329,5.382835868722397,5.071825533317218,0.3110103354051791,30,17,61,3.9269240226425817,0.5316138466334431,-0.09217100851210418,0.5769230769230769,0.20896558120846107,-1.5526968447115084,0.06628063331844758,-0.15630233410389047,0.36,0.0035203969101717013,-0.07695726910415579,-0.03158369322840058,0.07653913879312503,-6.524149231505052e-4,35,20,131,62,11,71,20,25,-1.2609181080590774,2
2026,2,Auburn,SEC,https://a.espncdn.com/i/teamlogos/ncaa/500/2.png,2,0.649519052838329,5.38098437295281,-0.31529437057285864,5.696278743525668,31,70,22,1.1257630859803673,0.12503816023135073,0.2901373483917144,0.6,0.2352975825284766,-1.2797928676231227,0.0629847124365838,-0.114441300777513,0.4166666666666667,0.05391639041783103,0.05097147600834505,-0.04519527773083094,-0.0231393090210128,-0.0012297345336095427,121,89,39,46,31,70,28,48,-1.639276121457831,-1
2026,2,Vanderbilt,SEC,https://a.espncdn.com/i/teamlogos/ncaa/500/238.png,2,0.649519052838329,5.149277510146057,4.865909071523291,0.2833684386227658,32,19,62,2.723165637482033,0.24190118460234963,0.15812543294633857,0.4782608695652174,0.11475099383171354,-1.379734512286173,-0.20208565174689913,0.1698850733454658,0.43478260869565216,0.07127558461761777,-0.03099385399517167,0.032552702763896935,-0.023248322811756504,-0.01597649846990411,73,64,79,94,26,16,107,53,-1.3658162109672665,1
2026,2,Clemson,ACC,https://a.espncdn.com/i/teamlogos/ncaa/500/228.png,2,0.649519052838329,5.099953736019745,-0.6886017114664231,5.788555447486168,33,73,20,-0.7845994491188597,-0.13687106848372868,-0.0654596232759452,0.2962962962962963,-0.05705267478930295,-1.5000705588965608,0.12464278429158482,0.23097381582252804,0.5555555555555556,0.20797836284233054,-0.04065768807600179,0.018707125539389958,-0.08152805940584089,0.003709549742200983,137,130,128,133,17,89,120,106,-2.3506454282240385,-5
2026,2,Cincinnati,Big 12,https://a.espncdn.com/i/teamlogos/ncaa/500/2132.png,2,0.649519052838329,5.047824399307357,3.294658852563805,1.753165546743552,34,34,45,5.289098537702483,0.39749631801713303,0.4501692511801841,0.7142857142857143,0.35118374646776396,0.0673534386976599,-0.17635170357076124,0.19950423983143392,0.4,0.035752407970201516,0.07343459135505565,0.03722237064952359,0.012705123399057,-0.01115588360375856,12,36,15,19,124,17,110,42,-0.3229129395678543,4
2026,2,Air Force,Mountain West,https://a.espncdn.com/i/teamlogos/ncaa/500/2005.png,2,0.649519052838329,5.012965793383199,3.590231890567725,1.4227339028154733,35,29,50,3.0910447116132915,0.2987194180841,0.3439101006644186,0.6190476190476191,0.29885505495536785,-2.0482780567278733,-0.09136705960177004,-0.03056133440985369,0.3684210526315789,0.03822361432335739,0.03293346451563683,0.00012806619702944571,0.005015331262664446,-0.003665637410949674,56,50,23,41,5,32,47,30,-1.150555219426506,0
2026,2,Arizona,Big 12,https://a.espncdn.com/i/teamlogos/ncaa/500/12.png,2,0.649519052838329,4.986632320581341,2.4494765220769095,2.5371557985044317,36,43,40,2.3046955703033496,0.1304458728452335,0.34390646242124095,0.43478260869565216,0.08198241717627117,-1.3243032159079737,-0.04233200765666085,0.11597907584459226,0.30434782608695654,-0.0328739493693523,0.03957881623528958,-0.0016274397105400854,-0.02991657466794522,-0.00941676105186125,82,83,24,111,29,45,95,12,-1.3880854809893837,-2
2026,2,South Florida,American Athletic,https://a.espncdn.com/i/teamlogos/ncaa/500/58.png,2,0.649519052838329,4.523017487225848,6.223176254689701,-1.700158767463853,37,16,82,2.2872037150748987,0.3134979315584752,0.06987952457484374,0.3333333333333333,-0.023015444391105172,-0.477028088143752,0.05668701234668731,0.008793726439039123,0.38095238095238093,0.03073564973801281,-0.007124450390421851,-0.0478125278659733,0.044950730762037185,-0.0034397551187144463,84,48,105,128,93,69,54,34,-1.2214994177437957,-1
2026,2,Florida State,ACC,https://a.espncdn.com/i/teamlogos/ncaa/500/52.png,2,0.649519052838329,4.190350029862613,2.501343767119627,1.6890062627429867,38,42,47,1.9699757551567716,0.22043123903408948,0.194543228033786,0.47619047619047616,0.11249528926529989,-0.8464297921278613,0.37527847343677395,0.05025541060022603,0.5454545454545454,0.17599917175035887,0.010891482793169973,0.007725522530278531,-0.011167005576826561,0.025878050298563438,99,66,65,97,66,124,70,101,0.09636582271759586,4
2026,2,Memphis,American Athletic,https://a.espncdn.com/i/teamlogos/ncaa/500/235.png,3,0.49410588440130926,4.176181816043097,3.9014998244045023,0.2746819916385945,39,27,63,4.955987839377373,0.4110676674639098,0.2286893820794407,0.5853658536585366,0.23347437057221154,0.6383570324787036,0.04953446736312298,0.33697401303048724,0.5405405405405406,0.18162969520753608,0.039222717205043056,0.053184976592539325,0.09928606037172841,-0.016631472646798387,17,34,53,54,133,65,133,100,-0.6880351494431753,0
2026,2,Louisville,ACC,https://a.espncdn.com/i/teamlogos/ncaa/500/97.png,2,0.649519052838329,4.138124403741527,1.1982818868622824,2.939842516879244,40,54,38,4.572553387132926,0.7270514902185402,0.3075899097883579,0.5925925925925926,0.23071551359434164,-0.8491712001956704,0.2647575642461454,0.058341228516360616,0.5357142857142857,0.1756986142372408,0.024064650943777792,-0.0010186521591125498,0.12978608951398707,0.024860898796570486,20,6,33,50,65,111,71,98,-0.3657552522949734,0
2026,2,Arkansas,SEC,https://a.espncdn.com/i/teamlogos/ncaa/500/8.png,2,0.649519052838329,3.818006070637236,6.751270455540882,-2.933264384903646,41,12,102,0.7321880985525343,0.08253241258092042,-0.014847726212727246,0.4782608695652174,0.12861138196974486,-0.4311090350957341,0.09121768418198757,0.24510045317415483,0.2727272727272727,-0.07475154156341969,-0.07595862407529475,0.02609290291479022,-0.02175821719732649,-0.001550417301376713,131,96,123,94,97,80,122,8,-1.875845947892886,-4
2026,2,James Madison,Sun Belt,https://a.espncdn.com/i/teamlogos/ncaa/500/256.png,2,0.649519052838329,3.6178399982349942,4.456096679467109,-0.8382566812321146,42,22,75,4.22937217378097,0.5050598261527144,0.563532943140526,0.75,0.3843778884858763,-1.5629635097415284,-0.05492732339184141,-0.16894558915523855,0.36,-0.01986881419844918,0.09183336767551242,-0.03037422435897586,0.03880604844659236,-3.9382911591159906e-4,26,24,4,13,10,40,15,25,-0.4700008830835163,1
2026,2,Iowa State,Big 12,https://a.espncdn.com/i/teamlogos/ncaa/500/66.png,2,0.649519052838329,3.2945683133464523,-0.8706422997294471,4.1652106130758995,43,74,31,1.8984023761408138,0.42890571285916246,0.021003843522311924,0.2916666666666667,-0.06215984810349666,-1.014956832430557,-0.06972767815473922,-0.05498103895128472,0.375,0.006313920233444938,-0.041368285468273314,-0.017458451205736525,0.04308595246740092,-0.010485672459734962,100,32,117,135,50,37,43,32,-0.7259411035127097,1
2026,2,Houston,Big 12,https://a.espncdn.com/i/teamlogos/ncaa/500/248.png,2,0.649519052838329,3.191817931109318,2.3126975896926223,0.8791203414166957,44,44,58,6.972157805619035,0.6950107392493461,0.45936189082004886,0.85,0.46439405734460354,-0.9939974635352765,0.03619456116377933,-0.2829706962551572,0.37037037037037035,0.006806517749649797,0.06714080237162115,-0.039141886830588966,0.0951999562027708,0.002432321527216741,2,8,14,1,55,60,3,31,0.8262204287698269,8
2026,2,Kansas,Big 12,https://a.espncdn.com/i/teamlogos/ncaa/500/2305.png,2,0.649519052838329,2.682505562574299,1.7838694143659621,0.898636148208337,45,49,57,4.505727170996538,0.2956905841116563,0.2593933443473347,0.6956521739130435,0.3335441247905838,-1.5427334260891035,0.47857568107169685,-0.06530017079396283,0.6521739130434783,0.28717681178499177,-0.010349736250017377,-0.011649771794919328,-0.01193632806450707,0.03922569732739863,22,52,46,22,13,130,41,129,-0.7545306393048721,1
2026,2,Minnesota,Big Ten,https://a.espncdn.com/i/teamlogos/ncaa/500/135.png,2,0.649519052838329,2.601604015867851,-1.1627675723518611,3.764371588219712,46,80,33,2.046879169259843,0.1775129897554181,0.11531767280393208,0.7222222222222222,0.34323224525511686,-1.0223877735992997,0.48505719397492003,0.13229171897726702,0.56,0.22568240164820738,-0.04383569516347912,0.016931141528666857,-0.049188025356205256,0.028612563411718642,94,78,92,18,49,131,97,108,-1.4966288311069222,-5
2026,2,TCU,Big 12,https://a.espncdn.com/i/teamlogos/ncaa/500/2628.png,2,0.649519052838329,2.494951349066044,1.4166115410508975,1.0783398080151465,47,52,54,2.99655775163483,0.28625662612484926,0.3278727940596896,0.6190476190476191,0.2501176078515987,-1.4490257895139451,0.0059767951797994965,-0.17660685298919454,0.4,0.041000101011665915,0.035077325345947125,-0.03802483439911708,0.01017977413751516,-0.002062755879795542,61,56,29,41,20,54,13,42,-0.6605258928103268,0
2026,2,Wisconsin,Big Ten,https://a.espncdn.com/i/teamlogos/ncaa/500/275.png,2,0.649519052838329,2.416577759202309,-4.004802970611258,6.421380729813567,48,114,18,1.6606438448349135,0.10124280869223161,0.10729179813784884,0.6666666666666666,0.3203134739703323,0.00776072707203709,0.2535276638499888,0.08281454019157067,0.38095238095238093,0.05418972877157164,-0.026416573892867057,0.019125587670141282,-0.040846314661956054,0.014395395943096042,112,94,96,25,118,108,84,34,-1.317703538324885,-3
2026,2,North Texas,American Athletic,https://a.espncdn.com/i/teamlogos/ncaa/500/249.png,2,0.649519052838329,2.266326956409108,2.7729294516454273,-0.506602495236319,49,39,71,3.472054640973398,0.33528145122898717,0.097083317632878,0.625,0.2697915176598794,-0.6447318652133615,0.4226212878983536,-0.006888927050153821,0.6363636363636364,0.2793599262266531,-0.0014793079330901735,-0.03012562741406446,0.05435892725465581,0.02788145980718654,47,46,100,38,81,127,51,125,-0.09531164365626044,4
2026,2,Colorado,Big 12,https://a.espncdn.com/i/teamlogos/ncaa/500/38.png,2,0.649519052838329,2.24466467052284,0.9701534110978816,1.2745112594249588,50,55,52,2.429638539413809,0.34040208657152676,0.20323761832842369,0.5454545454545454,0.19391916567160253,-0.4903022975042642,0.016845035563612627,-0.13392104785070116,0.43478260869565216,0.07210294311280674,0.0030312563990433465,-0.029801186849039044,0.02885656783071448,0.004047034713636076,80,45,60,74,92,56,22,53,-0.5680666489548778,-2
2026,2,UCLA,Big Ten,https://a.espncdn.com/i/teamlogos/ncaa/500/26.png,2,0.649519052838329,2.2344598443207833,3.3616845645632147,-1.1272247202424313,51,31,78,4.057845031712373,-0.070869166193308,0.46657888755345894,0.5833333333333334,0.2343665456738747,-1.0015589396386533,-0.20992030856741803,-0.08100625157117367,0.3333333333333333,0.013667964678357363,0.09558105657745189,-0.038788018576832395,-0.05319206995829981,-0.03618264678992178,32,121,12,55,53,14,36,16,-0.11227973525973134,3
2026,2,Army,American Athletic,https://a.espncdn.com/i/teamlogos/ncaa/500/349.png,2,0.649519052838329,2.2284445495218868,-0.9022047114088716,3.1306492609307583,52,77,36,4.009374665708359,0.10471819470564216,0.5007292912856607,0.7368421052631579,0.37468163847081354,1.166104409645923,0.16870987536831109,0.07101897680637767,0.4090909090909091,0.042859412675371515,0.09954939889206646,0.022131194464737772,-0.03069773200171635,0.016500258578258122,33,93,9,15,138,96,80,45,-0.42670943052591026,-3
2026,2,UCF,Big 12,https://a.espncdn.com/i/teamlogos/ncaa/500/2116.png,2,0.649519052838329,2.088695494494839,-2.313755261817709,4.402450756312548,53,92,29,3.4770540356915496,-0.060728348784732926,0.48896876957181096,0.5,0.12551276632479325,-1.5284066323366268,0.06722273112752253,-0.1924044309244372,0.3103448275862069,-0.0629722904068724,0.06080835460483777,-0.05742077356159383,-0.06519579686700294,-0.006725140730745654,46,118,11,83,16,74,9,15,-0.12778231773997684,4
2026,2,Navy,American Athletic,https://a.espncdn.com/i/teamlogos/ncaa/500/2426.png,2,0.649519052838329,1.9264294876033476,0.8571208540541071,1.0693086335492406,54,56,55,4.653594635835853,-0.2101456518977865,0.5199834904178771,0.6818181818181818,0.30839322418817877,-0.8388126802974352,0.4986883700863726,-0.07534850255272527,0.6086956521739131,0.23107495371762293,0.10231329085378629,-0.033963205826179246,-0.05410493403618228,0.033325898830417436,18,133,6,23,67,134,37,121,-0.3265474535927386,2
2026,2,Boise State,Pac-12,https://a.espncdn.com/i/teamlogos/ncaa/500/68.png,2,0.649519052838329,1.837323994578056,1.7137879345832312,0.12353605999482481,55,51,65,3.0238814982281714,0.2016544083557495,0.29089538066887205,0.48,0.12463217173084667,0.13907382561271892,0.30468440081300313,0.06632343881767978,0.6363636363636364,0.2797748914802437,0.04966225007386995,-0.014663799964228914,0.019452807659880656,0.012635051061944336,60,71,38,91,125,114,74,125,-0.48458652218235887,0
2026,2,Baylor,Big 12,https://a.espncdn.com/i/teamlogos/ncaa/500/239.png,2,0.649519052838329,1.803551203793079,3.9354840849960433,-2.1319328812029643,56,25,90,1.3499404298929678,0.18419030489785707,0.1595030775978057,0.56,0.18951789074378422,-1.3739538028068228,-0.1569496922040139,-0.22299520409014825,0.34615384615384615,-0.04273517826895701,-0.013166224441982429,-0.06081716457847167,-0.033058493335285474,-0.019947843055711453,118,74,78,69,27,20,4,19,-0.7459519768539131,-5
2026,2,Northwestern,Big Ten,https://a.espncdn.com/i/teamlogos/ncaa/500/77.png,1,0.8184875533567997,1.6688736151241357,-3.1920469615516356,4.860920576675771,57,105,27,5.749643129269362,0.46709006175291307,0.5242767867523955,0.6363636363636364,0.30465653111765845,-0.26497032651377506,0.06635968122692956,0.09707153280914538,0.5454545454545454,0.22136378046055355,0.027319288739525594,0.027563190872293832,0.009977772386035609,0.01467529342008411,6,27,5,35,103,73,87,101,-0.06549064842436403,3
2026,2,Duke,ACC,https://a.espncdn.com/i/teamlogos/ncaa/500/150.png,2,0.649519052838329,1.6154946162415218,3.464157624499933,-1.848663008258411,58,30,86,1.995297719449815,0.12754502231427192,0.20687797165344074,0.5714285714285714,0.21251778330438148,-1.014070023798135,0.040442770641962535,-0.1262488685998881,0.34615384615384615,-0.002895969564651061,0.020349052394699797,-0.04725345976516344,-0.0054673591419726894,-0.01487772667962502,97,86,59,66,51,63,25,19,0.12105059308173338,3
2026,2,NC State,ACC,https://a.espncdn.com/i/teamlogos/ncaa/500/152.png,2,0.649519052838329,1.5329136328806698,4.634398517060197,-3.1014848841795275,59,21,104,5.633370469914664,0.1756091155651612,0.49559384481053037,0.5833333333333334,0.23170267981546797,-1.2286336118762464,-0.032379645058784476,0.11571680665845613,0.52,0.17057481562347224,0.08196884972671722,0.0021969536042152145,8.696592307161654e-4,-0.0041352562504737055,8,79,10,55,34,49,94,90,0.8369427881413736,7
2026,2,San Diego State,Pac-12,https://a.espncdn.com/i/teamlogos/ncaa/500/21.png,2,0.649519052838329,1.5057778691877814,-2.3540310013210166,3.859808870508798,60,94,32,2.6181610807410443,-0.2528628292133887,0.14421500362441728,0.42857142857142855,0.06927084819500468,0.31162708785038207,-0.049414838346205726,0.15667128641551173,0.5769230769230769,0.2049053421054955,-0.01196942085195673,0.006626452199147265,-0.10130066496439662,-0.005504552377703981,75,136,85,116,130,42,101,110,-0.5056790496821835,-2
2026,2,Illinois,Big Ten,https://a.espncdn.com/i/teamlogos/ncaa/500/356.png,2,0.649519052838329,1.30587298016207,1.9019372992517953,-0.5960643190897252,61,48,73,4.432763337379925,0.45265458901633954,-0.009653354935264473,0.6,0.25516720596654247,0.23674986798832418,0.3029902498557592,0.22320237873183355,0.7647058823529411,0.40399410250744006,-0.04705546746509673,0.04125170076029181,0.046551422213104855,0.026689829509608774,25,29,122,46,128,113,119,137,-0.6210119476720941,-2
2026,2,Mississippi State,SEC,https://a.espncdn.com/i/teamlogos/ncaa/500/344.png,2,0.649519052838329,1.2660983615864705,3.180081747904885,-1.9139833863184146,62,36,87,5.380132919234639,0.6026274806337386,0.5077711441649556,0.7727272727272727,0.4279055658941894,-0.5587902745288413,-0.0346139670225082,-0.09123376182021359,0.391304347826087,0.023710401820441242,0.12704481177819876,-0.03052316115893927,0.11993034482344465,-0.021326299588214217,10,13,7,9,85,47,32,39,0.8616703676745372,7
2026,2,Virginia Tech,ACC,https://a.espncdn.com/i/teamlogos/ncaa/500/259.png,2,0.649519052838329,1.2202292130426877,-0.635193443558191,1.8554226566008787,63,72,44,1.6665878728869634,0.35896900670285015,0.3334003745649265,0.5238095238095238,0.1472231224702696,-1.5432590184245112,-0.03588007123569763,-0.17772663131644956,0.5,0.12833068189291966,0.02606258825796414,-0.026406539113019465,0.014385105044548005,-1.6337340150546347e-5,111,43,28,78,12,46,12,73,-1.4264550091162165,-13
2026,2,UTSA,American Athletic,https://a.espncdn.com/i/teamlogos/ncaa/500/2636.png,2,0.649519052838329,0.9720106069148904,4.836729807248202,-3.8647192003333113,64,20,111,2.843748252703622,0.3637112174182814,0.3043729839351065,0.6086956521739131,0.23545548582409137,-0.2477044479150746,-0.1567580681671197,0.28390089883361386,0.5925925925925926,0.23571463845749427,0.0317903109620769,0.05648416153956669,0.050882656121025195,-0.020938802356537126,69,41,34,45,105,21,127,117,-0.04031193447768411,1
2026,2,Maryland,Big Ten,https://a.espncdn.com/i/teamlogos/ncaa/500/120.png,2,0.649519052838329,0.5770301608948314,-0.8722627957669111,1.4492929566617425,65,75,49,3.263853045383153,0.4288323224605626,0.3190601512951893,0.7142857142857143,0.3654448956528049,-0.6265359033180591,-0.30747949786093615,-0.1790580070207959,0.23076923076923078,-0.11869230903332217,0.036528521430399044,-0.04526690530327354,0.07665417585609671,-0.03181022492594471,52,33,32,19,83,6,11,4,-0.09811119504795207,2
2026,2,Georgia Tech,ACC,https://a.espncdn.com/i/teamlogos/ncaa/500/59.png,2,0.649519052838329,0.456236972869054,0.11016657271844799,0.34607040015060603,66,65,60,2.160474166390687,-0.010165854110756394,0.04837352305616118,0.625,0.26713403040017164,-0.8576066617757779,0.18836561765644833,0.20962953799150447,0.47368421052631576,0.1318147080262882,-0.03244632673657398,0.03813048754036499,-0.08436519168610082,0.00818929572951846,91,113,107,38,64,99,116,65,-0.7241895030035119,-3
2026,2,UNLV,Mountain West,https://a.espncdn.com/i/teamlogos/ncaa/500/2439.png,3,0.49410588440130926,0.24851915325689355,2.028301700586912,-1.7797825473300184,67,45,84,1.5056648242583062,-0.12949963276790866,0.1457675682444635,0.4473684210526316,0.07773008123339764,-0.49644260910155025,0.1395477509212249,0.16635009929075728,0.5263157894736842,0.16613444042847902,0.007339235734986527,0.008115386116483944,-0.10580095615315967,-0.013911650258685201,116,129,84,107,91,91,105,96,-0.8295728625402286,-3
2026,2,Texas State,Pac-12,https://a.espncdn.com/i/teamlogos/ncaa/500/326.png,2,0.649519052838329,0.13795958961018506,7.836251473633284,-7.6982918840230985,68,6,133,3.0696991941606937,0.0938615092890522,0.11634419619006417,0.52,0.15920198542133024,-0.39769711308727607,0.4898929028587221,0.16467681284026123,0.8421052631578947,0.46418414424835364,-0.0073878465989661675,0.010283771006461499,-0.017502210527174936,0.03615188519065387,58,95,91,81,98,133,103,138,-0.38501887275069,0
2026,2,Kentucky,SEC,https://a.espncdn.com/i/teamlogos/ncaa/500/96.png,2,0.649519052838329,0.12201960012231794,-2.329954974820469,2.451974574942787,69,93,41,1.7100202908884583,0.27265510583804214,0.03246408148710149,0.4583333333333333,0.0860897530895913,-0.5904380893668169,0.012318423834990492,0.20568515933077777,0.6842105263157895,0.2964828731748335,-0.05867910352711592,0.04111343767182741,-0.017049152345808165,0.007435424758735549,109,60,113,101,84,55,113,131,-1.2532539977236663,-7
2026,2,Jacksonville State,Conference USA,https://a.espncdn.com/i/teamlogos/ncaa/500/55.png,3,0.49410588440130926,-0.06937138652347863,0.5405131603931068,-0.6098845469165854,70,61,74,3.0587430133657865,0.4338068506297553,0.11173161817529674,0.5555555555555556,0.21349400854294112,0.005342822567685552,-0.12046523162825229,0.11213060481430079,0.5333333333333333,0.1916784672732579,-0.008560038316846146,0.013572444079681837,0.09497594570239737,-0.024724134206160205,59,31,94,71,117,28,91,97,1.0528994613672216,5
2026,2,Wake Forest,ACC,https://a.espncdn.com/i/teamlogos/ncaa/500/154.png,2,0.649519052838329,-0.1445113144783856,-3.2094447549492036,3.064933440470818,71,107,37,1.9917738703226247,0.5762856842322703,0.28073826723481604,0.6363636363636364,0.30532665615004706,0.03297348277032429,0.2549415054497598,0.12638427126781332,0.5,0.15972300958991525,0.050299800663216834,0.001551767918481881,0.09399633607267549,0.0055056433971740265,98,16,42,35,121,110,96,73,0.02647245748568361,0
2026,2,North Dakota State,Mountain West,https://a.espncdn.com/combiner/i?img=/i/teamlogos/ncaa/500/2449.png&h=200&w=200,3,0.49410588440130926,-0.21988343907038477,-0.0925700838824578,-0.12731335518792697,72,67,67,2.2492570348577687,0.29611435054301855,0.09690818342322148,0.6666666666666666,0.37009320336649104,-0.4419198365121692,-0.20715331782144822,0.01998578204179459,0.38235294117647056,0.06076355658141212,-0.04112161538390078,-0.025733201701659495,0.02004485115370478,-0.027492954700021,87,51,101,25,96,15,60,37,-0.29945434157799505,-2
2026,2,West Virginia,Big 12,https://a.espncdn.com/i/teamlogos/ncaa/500/277.png,2,0.649519052838329,-0.5060262454615884,0.5673293448172793,-1.0733555902788676,73,60,77,3.6201400079865493,1.0013544824424618,0.22478995220653003,0.5,0.1559114503098347,-0.2250973516723753,0.06866532210155994,-0.07121729466129319,0.5,0.13616512814084808,-0.013244203137045425,-0.00641921992919988,0.104047908128816,0.011844327392282767,43,3,55,83,108,75,38,73,0.18416513926723466,-1
2026,2,Liberty,Conference USA,https://a.espncdn.com/i/teamlogos/ncaa/500/2335.png,2,0.649519052838329,-0.5675419117224039,-0.11430277913782716,-0.45323913258457676,74,68,70,2.042677175629955,0.06377672973042213,0.006380432189285744,0.5833333333333334,0.24430538456975942,-1.445806349242209,-0.03340005222302757,0.0853088563263603,0.5,0.16936688523656707,-0.0591749300783196,-7.834719482850727e-4,-0.040454974240535256,-0.005284719320459433,95,103,118,55,21,48,86,73,0.27384423057531104,0
2026,2,New Mexico,Mountain West,https://a.espncdn.com/i/teamlogos/ncaa/500/167.png,2,0.649519052838329,-0.6651448827347082,-1.690120220172646,1.0249753374379378,75,86,56,2.528703727779155,0.0589097877319418,0.3358906908793059,0.7619047619047619,0.3748544279368668,-0.010631269899074085,-0.6025442145474446,0.019643633976278677,0.3448275862068966,-0.017807053657051743,0.019398120704298794,0.006337716824457978,-0.062419233985083214,-0.03933885797347433,78,104,27,10,116,1,59,18,0.12135582478301132,-2
2026,2,Toledo,Mid-American,https://a.espncdn.com/i/teamlogos/ncaa/500/2649.png,2,0.649519052838329,-0.7202535917931492,-3.280766205919229,2.56051261412608,76,109,39,4.187152023025402,0.27143056719704356,0.22235452131298364,0.5833333333333334,0.23360293615605804,-1.0945947283741182,0.01751447404774902,-0.16249886849020057,0.45454545454545453,0.09378557677058884,-0.012310628819531677,-0.05870418384872326,0.006225460037615284,-0.00833873830621664,27,61,57,55,43,57,17,58,0.9183832483153203,2
2026,2,UConn,FBS Independents,https://a.espncdn.com/i/teamlogos/ncaa/500/41.png,2,0.649519052838329,-0.8363953443847754,3.1590931473160295,-3.995488491700805,77,37,112,4.069397618776985,0.34547648060371483,0.2691516781886352,0.48,0.11361659116619104,-1.1407963750786667,0.09205117497242321,0.013186057045777914,0.6086956521739131,0.24162682069984023,1.5950274724677688e-4,0.0015154012004060871,0.0010823854788401615,0.013737271863702596,31,44,44,91,39,81,56,121,0.5196399092443467,-1
2026,2,Rutgers,Big Ten,https://a.espncdn.com/i/teamlogos/ncaa/500/164.png,2,0.649519052838329,-1.0862211003117257,2.6879722456658603,-3.774193345977586,78,40,110,2.615159790286269,0.07308746804801232,-0.24904740015292895,0.625,0.24683098560056127,-0.5091941664266618,0.3424073152400966,0.20917531333393463,0.4782608695652174,0.12545861848241388,-0.0841412629222818,0.01785243585325814,-0.03200365196365152,0.013903273325004295,76,99,137,38,89,120,115,68,0.4741234564657777,-1
2026,2,Tulane,American Athletic,https://a.espncdn.com/i/teamlogos/ncaa/500/2655.png,2,0.649519052838329,-1.1661590035700236,-1.5716133425756522,0.4054543390056287,79,85,59,2.7605960062243997,0.07120536207868879,0.11485204847539968,0.3181818181818182,-0.03833184771191321,-1.0844383254527314,0.11866649416758965,0.16930310378704178,0.5217391304347826,0.16220416846540892,0.006179236244025687,0.014480918244889895,-0.015030057054421411,-0.0015833133313679251,72,100,93,131,45,87,106,93,0.5626928953704784,0
2026,2,Fresno State,Pac-12,https://a.espncdn.com/i/teamlogos/ncaa/500/278.png,2,0.649519052838329,-1.4100349061656323,-3.6820655740897132,2.272030667924081,80,111,42,2.957034209185519,0.3854834768242893,-0.004459145858078325,0.5,0.14298914385357245,-0.02213031395657715,0.21065273311118904,-0.12965467300512729,0.5238095238095238,0.17790568981422683,-0.02820839207227151,-0.05386859725599961,0.04845742018113391,0.0018673526018,64,37,121,83,115,103,24,95,0.7755439467161849,0
2026,2,Old Dominion,Sun Belt,https://a.espncdn.com/i/teamlogos/ncaa/500/295.png,2,0.649519052838329,-1.9117281765893104,-3.198768718459742,1.2870405418704318,81,106,51,2.0781286193709874,0.05610879208191543,0.20189648664882862,0.43478260869565216,0.07710274151980857,-1.3926544903650264,0.15528133943785405,-0.06948252062907535,0.5,0.1309272493925087,-0.0027693405817637595,-0.03526954699594632,-0.023678658695025726,8.895580515029533e-4,93,105,61,111,25,94,39,73,1.0280108526309384,3
2026,2,Washington State,Pac-12,https://a.espncdn.com/i/teamlogos/ncaa/500/265.png,2,0.649519052838329,-2.0966701094566553,-3.8197802927551936,1.7231101832985383,82,113,46,-0.5137611689544079,-0.3302836392939706,-0.018979007797481153,0.2916666666666667,-0.07392546686803783,-1.5788345605208685,0.05530311739456586,0.22065514624054092,0.47619047619047616,0.10618735368306452,-0.011461542839977606,0.005473652650944057,-0.08962577740744157,-0.021373333450875224,136,137,124,135,9,68,118,67,0.2363804270081311,-1
2026,2,Miami (OH),Mid-American,https://a.espncdn.com/i/teamlogos/ncaa/500/193.png,2,0.649519052838329,-2.1181884993943085,-1.889845745515265,-0.22834275387904335,83,87,69,4.435244412883303,0.5173311580486909,0.10308995797332418,0.5714285714285714,0.20060916087424416,-0.32159058577102706,0.456307534985803,-0.005289983265406646,0.6363636363636364,0.2673265297992954,-0.03443026985069556,-0.006768607491015222,0.10097899993456341,0.030456862043511668,24,21,98,66,102,128,52,125,0.720937307408295,0
2026,2,Syracuse,ACC,https://a.espncdn.com/i/teamlogos/ncaa/500/183.png,2,0.649519052838329,-2.30361908082446,-0.9445415040376864,-1.3590775767867733,84,78,79,2.9487843851259283,0.07700313002569915,0.1596593085817706,0.5909090909090909,0.22491219232810492,-0.8578565475608454,-0.229466906970555,-0.08745823919833987,0.4230769230769231,0.06601114427532283,-0.04171350797323934,-0.006744256996352568,-0.08835337818931796,-0.01602291330716982,65,98,77,51,63,11,33,51,1.2657025884906905,4
2026,2,Marshall,Sun Belt,https://a.espncdn.com/i/teamlogos/ncaa/500/276.png,2,0.649519052838329,-2.5877502759944657,3.639866256059547,-6.227616532054013,85,28,124,1.1215048977468132,0.13839765080319194,-0.06174827493811885,0.375,0.032671377021455686,-1.0907372156007786,0.4705232104084782,0.06517187377289066,0.5,0.16622437767586706,-0.05806923292573697,-0.013942091335466924,0.002280047096146312,0.03259362945293726,122,82,127,123,44,129,73,73,0.4901449609643955,0
2026,2,California,ACC,https://a.espncdn.com/i/teamlogos/ncaa/500/25.png,2,0.649519052838329,-2.733076785232983,0.28907129218949745,-3.0221480774224805,86,63,103,1.7541999572401967,-0.05646893948805349,-0.1468006597133961,0.36,0.03750372542812858,-0.4541329093630255,-0.10744023912652874,0.31700201508116915,0.56,0.21863259504487617,-0.07113134694454426,0.03465263370085936,-0.06976063819634509,-0.028394654761956645,104,116,134,125,95,30,131,108,0.021045910434660975,-4
2026,2,Michigan State,Big Ten,https://a.espncdn.com/i/teamlogos/ncaa/500/127.png,2,0.649519052838329,-2.8068321049478184,-1.0155980745816382,-1.79123403036618,87,79,85,2.8375348397727906,0.2879602775470052,0.126163327069749,0.7894736842105263,0.4564634908130575,1.0055396889800647,-0.07690864411938217,0.2323177150136211,0.4090909090909091,0.10107142834270066,-0.008741250819877151,0.0327139476208568,0.004979260936635672,-0.004639791750902201,70,54,89,5,137,36,121,45,0.6824772921414919,-1
2026,2,Purdue,Big Ten,https://a.espncdn.com/i/teamlogos/ncaa/500/2509.png,2,0.649519052838329,-3.0479238164091473,-1.3357562662075535,-1.712167550201594,88,82,83,3.9552254652430134,0.5098643990103264,0.17090445367629215,0.7777777777777778,0.41407776659733486,-0.18447824827319872,0.3090393237289181,0.15995951563212438,0.6818181818181818,0.3253856802358173,-0.031558788097833926,0.025731893782220797,0.054968823753039284,0.019776865320255806,34,23,71,7,109,115,102,130,0.4653601437651602,-1
2026,2,East Carolina,American Athletic,https://a.espncdn.com/i/teamlogos/ncaa/500/151.png,2,0.649519052838329,-3.0694471349580468,-2.4791936352536994,-0.5902534997043474,89,96,72,1.9963630263022019,0.12571764217093462,0.09032050706682287,0.2962962962962963,-0.023773874208129448,-0.6390690466690444,0.3466162589451876,0.15648829402417272,0.5454545454545454,0.21510793109822599,1.9018719637403514e-4,-0.0021226349638999043,-0.01751887999030597,0.015444250376314741,96,87,104,133,82,121,100,101,0.7092095775073157,0
2026,2,Louisiana Tech,Sun Belt,https://a.espncdn.com/i/teamlogos/ncaa/500/2348.png,2,0.649519052838329,-3.467521710059035,-2.0650042178410546,-1.4025174922179806,90,89,80,2.9915685537012418,0.041313052502316136,0.0293647970106629,0.44,0.044078547224000966,-2.0340494202932318,-0.06929625396547366,-0.08390101366103599,0.5862068965517241,0.20134162476994447,-0.051153157569870274,-0.03594157058339174,-0.039116847819586006,-0.022131136253819076,63,110,114,109,6,38,35,113,0.3930233065534834,0
2026,2,Utah State,Pac-12,https://a.espncdn.com/i/teamlogos/ncaa/500/328.png,2,0.649519052838329,-3.6105797055691427,-1.21591059086802,-2.3946691147011228,91,81,94,1.0210526588238122,-0.1103537796482354,-0.15992032700483638,0.32142857142857145,-0.03788949504526098,-1.484912068390145,0.0977656711712827,-0.009762324019737204,0.5,0.14798451887782987,-0.113230704713025,-0.009085823810128504,-0.11616970977293066,0.002237582872914583,124,126,135,130,18,83,50,73,0.6421075628129933,1
2026,2,Western Michigan,Mid-American,https://a.espncdn.com/i/teamlogos/ncaa/500/2711.png,2,0.649519052838329,-3.991565441255447,-5.226502120838706,1.2349366795832593,92,121,53,1.8690372734122338,0.23272995024823487,0.12852728755256845,0.4782608695652174,0.12122284587748396,0.18982534958160882,0.039550422567941605,0.023744336805328514,0.36,-0.0020494327781609787,-0.01388373878594392,0.00479013878669997,0.009085622725207592,0.005544010830670738,102,65,88,94,127,62,61,25,0.8366956955516729,1
2026,2,Stanford,ACC,https://a.espncdn.com/i/teamlogos/ncaa/500/24.png,2,0.649519052838329,-4.013844767025531,-4.0998282775081645,0.0859835104826337,93,115,66,2.2756452677328336,0.2106466742791542,0.11023164428708991,0.5833333333333334,0.2526563840074142,-0.37797980006933535,0.4880260147561387,0.05923718013134864,0.4642857142857143,0.1358558328203371,-0.028072444981304186,0.0025873198524386217,-0.015364199175638723,0.04767097569516281,85,69,95,55,100,132,72,62,-0.012294933667171826,-2
2026,2,Florida Atlantic,American Athletic,https://a.espncdn.com/i/teamlogos/ncaa/500/2226.png,2,0.649519052838329,-4.235675098882419,3.2101316605266828,-7.445806759409102,94,35,131,3.3387111985208486,0.213377142102095,0.02648771920571159,0.5769230769230769,0.19795941482751972,-0.04614633075472313,0.4008079006383893,0.4271900853347429,0.6923076923076923,0.33154688349184797,-0.02877100038420546,0.06193931742399318,0.030316641664412745,0.016112372853529084,50,68,116,62,114,126,136,132,1.2101029681916993,1
2026,2,North Carolina,ACC,https://a.espncdn.com/i/teamlogos/ncaa/500/153.png,2,0.649519052838329,-4.683419137151275,-3.7436925593347796,-0.9397265778164957,95,112,76,2.2970661045744025,0.2884155619926519,0.23375657000205,0.47619047619047616,0.13624362729542147,-0.24333661234748874,-0.12460466617165446,0.0083959587819126,0.375,0.01778888640288264,0.006807465447049425,-0.005520524511190143,0.007273667365056867,-0.015897426069773526,83,53,51,97,106,26,53,32,0.9050180703748234,2
2026,2,Hawai'i,Mountain West,https://a.espncdn.com/i/teamlogos/ncaa/500/62.png,3,0.49410588440130926,-4.688439326578091,-1.9779541816018325,-2.710485144976258,96,88,99,1.60507975646454,0.13038521844459663,0.044870475055426205,0.525,0.17748491997404683,-0.7423271745787958,0.06632919889165467,0.2906236567090418,0.475,0.12801401076595342,-0.03370937640014278,0.06928759613489101,-0.033046837726369446,-0.008113721489812572,113,84,108,77,76,72,129,66,0.8115693409312383,0
2026,2,Sacramento State,Mid-American,https://a.espncdn.com/combiner/i?img=/i/teamlogos/ncaa/500/16.png&h=200&w=200,3,0.49410588440130926,-4.71309720102883,-2.2191346926243707,-2.49396250840446,97,90,96,1.5458406421845945,-0.07008615186412667,0.15073709385988945,0.3333333333333333,-0.009516882927064025,-0.8815127018763191,0.23217659876350172,-0.014454171564438461,0.4358974358974359,0.10547521954135353,-0.004773419571583693,-0.027408309878828512,-0.09005076058127476,0.01591589789529143,115,120,81,128,62,107,49,55,0.666371261249294,-3
2026,2,Louisiana,Sun Belt,https://a.espncdn.com/i/teamlogos/ncaa/500/309.png,2,0.649519052838329,-4.985223370045569,0.25242120348806857,-5.237644573533637,98,64,118,3.6865733113754486,0.32161897650090915,0.37399288981128764,0.5555555555555556,0.17893375168814518,-1.4758135260474607,0.16846313824960865,0.028775828458469946,0.5,0.1266057832872935,0.04933642623858622,-0.00622803707983466,0.024623176337138546,0.005598578473078397,42,47,20,71,19,95,62,73,1.6398322551467759,6
2026,2,Boston College,ACC,https://a.espncdn.com/i/teamlogos/ncaa/500/103.png,2,0.649519052838329,-5.061798499274378,-2.8146130159516694,-2.247185483322709,99,101,91,0.9602611999569766,-0.09591122961259718,0.22548401009807767,0.38461538461538464,0.03665825872982168,-0.056040833465338995,0.05327947167565737,0.07133317894025464,0.5909090909090909,0.22938014894453673,0.02383180668453411,-0.013539452140028885,-0.07269300850389356,-0.004367906382153595,125,125,54,121,113,67,81,116,0.7008675095669616,-1
2026,2,Florida International,Conference USA,https://a.espncdn.com/i/teamlogos/ncaa/500/2229.png,2,0.649519052838329,-5.087913612854484,-1.5290108047830824,-3.5589028080714016,100,84,108,1.7358609400725231,0.18056202644044372,-0.08165637529256024,0.45454545454545453,0.09133194382574857,-1.9623259809818672,0.07510672664364666,-0.12419934190456769,0.35,-0.024593179109012188,-0.05039987067285485,-0.048412555702886884,0.013780947004335343,-0.0018032789942373148,105,76,130,102,7,78,26,22,1.3333663958344806,2
2026,2,Kennesaw State,Conference USA,https://a.espncdn.com/i/teamlogos/ncaa/500/338.png,2,0.649519052838329,-5.093198477373244,-2.6297786418585543,-2.4634198355146903,101,99,95,3.272908523450623,0.051774263246963194,0.3601252581453424,0.5769230769230769,0.21012903147603892,-0.54947600995741,0.03752589023963695,0.03632238537139907,0.3333333333333333,-0.029244754324199398,0.017813539210403594,0.001187575450080463,-0.08616217543417992,0.005746410847597194,51,108,21,62,86,61,64,16,0.989420125999871,-1
2026,2,Oklahoma State,Big 12,https://a.espncdn.com/i/teamlogos/ncaa/500/197.png,2,0.649519052838329,-5.167103688488902,-2.3571905850033676,-2.8099131034855347,102,95,101,0.5767729350621467,-0.18905097191740763,0.03286510012839216,0.5,0.14065634767881424,-0.7305663902219393,0.11706217611905817,0.06863172344627877,0.30434782608695654,-0.057941630860802354,-0.020743929989223496,-0.017009733590378332,-0.12703902636244838,0.0017484241213373169,134,132,112,83,77,86,77,12,0.632945217878774,-3
2026,2,Eastern Michigan,Mid-American,https://a.espncdn.com/i/teamlogos/ncaa/500/2199.png,3,0.49410588440130926,-5.222426329740578,-2.920033379874701,-2.3023929498658777,103,102,92,1.25935468821317,-0.11780028101953373,0.12956594870965082,0.23076923076923078,-0.07995567316904297,-1.1345945379669684,0.12049348769870344,0.1661872042792577,0.35,0.022454123576205562,-0.004271479890174793,0.02836297590711789,-0.13652001776530923,0.004756296433444881,119,127,87,137,41,88,104,22,1.2094593153070825,0
2026,2,Ohio,Mid-American,https://a.espncdn.com/i/teamlogos/ncaa/500/195.png,2,0.649519052838329,-5.578707524354815,-5.3710889044653625,-0.20761861988945313,104,122,68,0.7054495617453903,-0.06625027572919742,0.1708059773610568,0.45,0.07517927561017489,0.027789399848116916,0.5592668510471966,0.32885079613936097,0.7368421052631579,0.37853116586560215,0.018709844150185152,0.05063738279829231,-0.04026037076607049,0.031106754838861068,132,119,72,106,120,137,132,135,0.5169408635277231,-3
2026,2,Arkansas State,Sun Belt,https://a.espncdn.com/i/teamlogos/ncaa/500/2032.png,2,0.649519052838329,-5.617643629958355,-3.0721383963551165,-2.545505233603238,105,104,98,3.74678521162074,0.14195482494752026,0.4000556949015516,0.5238095238095238,0.1708091402160521,0.5418641431377821,0.3304244924388259,0.25919864531591275,0.5384615384615384,0.18813177075597476,0.04761156029818067,0.033145712837443296,-0.004025734968004105,0.02385861040715527,40,81,19,78,131,118,125,99,1.2968381607582575,0
2026,2,South Alabama,Sun Belt,https://a.espncdn.com/i/teamlogos/ncaa/500/6.png,2,0.649519052838329,-5.840813024175332,-0.06256432367576391,-5.778248700499568,106,66,122,2.901371163855601,0.2864538821887935,0.16441295707612727,0.5909090909090909,0.2204225670441943,0.7045907032853767,0.32970459341282177,0.03521918062244576,0.42105263157894735,0.03016228096411152,-0.020361523032917578,-0.007451117268148539,0.028928452472607967,0.01823347601456384,67,55,75,51,134,117,63,49,1.6059312372623582,0
2026,2,Delaware,Conference USA,https://a.espncdn.com/i/teamlogos/ncaa/500/48.png,2,0.649519052838329,-6.183941904447759,0.7917660803739647,-6.975707984821724,107,57,130,2.2664017060517514,0.10845245631541885,0.20117216379715924,0.5185185185185185,0.14631297234433224,-0.7559187277836352,0.033889660539814265,0.015119076389653976,0.4642857142857143,0.09378270006876063,3.8280035315049093e-4,-0.01007471705035216,-0.04354779869681752,2.1078798837945403e-4,86,91,62,82,73,59,57,62,1.4602358202713743,0
2026,2,Tulsa,American Athletic,https://a.espncdn.com/i/teamlogos/ncaa/500/202.png,2,0.649519052838329,-6.434771828316236,-3.6337596418109466,-2.801012186505289,108,110,100,0.8264780929356416,-0.0876270655871811,0.2510977232787257,0.45454545454545453,0.10767604680295706,-0.9367937252122781,-0.016913816185963087,-0.06909109001146127,0.4583333333333333,0.11651347609221906,0.04296839870324738,-0.03027038997604045,-0.06336065665746198,-0.013182639393436295,130,124,50,102,59,50,40,59,1.4531854406993103,0
2026,2,Troy,Sun Belt,https://a.espncdn.com/i/teamlogos/ncaa/500/2653.png,2,0.649519052838329,-6.491173532651649,-4.360959411370879,-2.13021412128077,109,116,89,3.1580788507835593,0.19713839002585462,0.1660119442799033,0.5769230769230769,0.2512837990033368,-1.0004113298054538,-0.0031619869035687,-0.16388479704104672,0.34615384615384615,0.024566725163012525,-0.036400262667655205,-0.02003469508478686,-0.035908052407939484,-8.279896147487404e-4,55,72,74,62,54,53,16,19,1.5023015624752354,0
2026,2,New Mexico State,Conference USA,https://a.espncdn.com/i/teamlogos/ncaa/500/166.png,3,0.49410588440130926,-6.7016176126870235,-3.223050164127756,-3.4785674485592675,110,108,107,2.8614092073639625,0.2745586665612037,0.17618047013356525,0.48717948717948717,0.1323736629087115,-1.1644954839345791,0.14579357088007508,0.0665326747408027,0.5897435897435898,0.22175995981679683,-0.006759153604578173,-0.012123287802177713,0.05548430023929271,0.002590370113842837,68,59,69,89,38,93,75,115,2.4765440169058817,4
2026,2,Temple,American Athletic,https://a.espncdn.com/i/teamlogos/ncaa/500/218.png,2,0.649519052838329,-7.078191818698021,-2.5828929177671096,-4.495298900930911,111,97,113,2.655198472600389,-0.12892541431430113,0.30065482955240547,0.47368421052631576,0.11068047636626159,-1.107225581022518,0.2107255295326718,0.03753646172475212,0.55,0.17937918589497615,0.013331553890946816,0.013614395246618958,-0.09799235837744098,0.01933075170919977,74,128,36,99,42,104,65,105,1.3583075438826127,0
2026,2,Nevada,Mountain West,https://a.espncdn.com/i/teamlogos/ncaa/500/2440.png,2,0.649519052838329,-7.381238237269333,-5.426779812869188,-1.9544584244001446,112,123,88,1.669894764196251,-0.21810580694307702,0.35180633546435686,0.5,0.1360034427240626,-0.7092594751606018,0.14395499091512687,0.04059871123513064,0.5217391304347826,0.15264231098929903,0.014174305338460478,0.022027646429003796,-0.15416738150332818,0.02161355207691085,110,134,22,83,79,92,67,93,0.787250759039285,-2
2026,2,Colorado State,Pac-12,https://a.espncdn.com/i/teamlogos/ncaa/500/36.png,2,0.649519052838329,-7.392485188935551,-4.8867914610724945,-2.505693727863057,113,119,97,3.919545737705909,0.4475788908117994,0.3392823469768605,0.64,0.3065179790817885,0.8912094555039602,-0.26641928572631984,0.1991372829780213,0.6,0.29074396110052914,0.030980063215365703,0.060126155438652566,0.032018915599416616,-0.015698344113274993,36,30,26,33,136,9,109,119,1.5523294329117467,-1
2026,2,Western Kentucky,Conference USA,https://a.espncdn.com/i/teamlogos/ncaa/500/98.png,2,0.649519052838329,-7.5541707942466125,-2.7237679348851835,-4.830402859361429,114,100,116,1.8893736334013171,-0.080277410944124,-0.04921579277307435,0.5714285714285714,0.19935473001448012,0.05179951391223531,0.5867921013406868,0.5203222771845908,0.6153846153846154,0.2605984279394007,-0.028121476200067858,0.07565437871578234,-0.04853861296708945,0.02134525675550407,101,123,126,66,122,138,138,123,1.5478152778662064,-1
2026,2,Wyoming,Mountain West,https://a.espncdn.com/i/teamlogos/ncaa/500/2751.png,2,0.649519052838329,-7.774724745190868,-8.010515568122152,0.23579082293128406,115,135,64,3.4202869181585527,0.05237005281525845,0.1062340604041717,0.5,0.1581613506322049,-1.0633072466806253,0.19995477439202633,-0.05535178130471393,0.5454545454545454,0.19735606638365266,-0.03572811054198499,-0.027539019456293355,-0.042647250497432454,0.007976098815975831,49,107,97,83,47,101,42,101,1.941253522063299,1
2026,2,Central Michigan,Mid-American,https://a.espncdn.com/i/teamlogos/ncaa/500/2117.png,2,0.649519052838329,-7.82456621617111,-6.253999981447918,-1.5705662347231921,116,130,81,-0.37649479956381865,-0.6550301265952677,0.19141395402382536,0.4090909090909091,0.057525540929116804,-1.5320135768661574,-0.010635331298257281,0.19673240985426566,0.6,0.26199739173278225,-0.008784926502763772,0.027617137839352948,-0.19557472712814725,-0.003336600387954111,135,138,66,119,14,51,108,119,1.753358332706961,-1
2026,2,App State,Sun Belt,https://a.espncdn.com/i/teamlogos/ncaa/500/2026.png,2,0.649519052838329,-7.858848071303383,-2.6230247936660054,-5.235823277637377,117,98,117,5.026514912278539,0.5852114323598724,0.2584698146883386,0.7272727272727273,0.41421292138234445,-0.91223754807136,0.11030615606953406,0.03997675090143688,0.5185185185185185,0.20401822972210815,0.02125648845536741,-0.002299316735724472,0.10344735112567899,0.0030962397737541955,15,15,47,16,61,85,66,89,2.7007601688359504,2
2026,2,Northern Illinois,Mountain West,https://a.espncdn.com/i/teamlogos/ncaa/500/2459.png,2,0.649519052838329,-8.14937433414974,-5.840077079704916,-2.3092972544448243,118,125,93,1.7124357444874132,-0.13760288794317227,-0.12954406978719218,0.18518518518518517,-0.17471689684462907,-1.2140216335613827,-0.0810083878512593,0.1149786433100135,0.5925925925925926,0.2283513031008706,-0.08759276827050207,0.02240666045565807,-0.11063239250324772,-0.015272456265244896,108,131,133,138,36,35,93,117,1.8626573607643397,-1
2026,2,UAB,American Athletic,https://a.espncdn.com/i/teamlogos/ncaa/500/5.png,2,0.649519052838329,-8.542255414262765,-0.2609693183229683,-8.281286095939796,119,69,136,3.8948171898639155,-0.06029402270532786,0.25158640233216684,0.8235294117647058,0.44878194662194065,-0.12186580131970658,0.12483971247530648,0.0832059144353676,0.5882352941176471,0.22626272223942565,0.03285608456952219,0.0020369944138099545,-0.054137527556825445,-0.0016735980494917986,38,117,49,2,110,90,85,114,2.839629809714225,3
2026,2,Coastal Carolina,Sun Belt,https://a.espncdn.com/i/teamlogos/ncaa/500/324.png,2,0.649519052838329,-8.707429352559691,-0.875836154070862,-7.83159319848883,120,76,135,1.7865881980892808,0.18749544117131833,0.21159483710509858,0.4444444444444444,0.09386663057591332,-1.3975536044186678,-0.00522948060870249,0.11219030986114532,0.41379310344827586,0.07101567409712856,-0.004045279707317047,0.009755383350705263,-0.007941041088437755,-0.005540095736498187,103,73,58,108,23,52,92,47,1.5875052222189758,-2
2026,2,Missouri State,Conference USA,https://a.espncdn.com/i/teamlogos/ncaa/500/2623.png,2,0.649519052838329,-9.13386431355304,-4.466127961005698,-4.667736352547343,121,117,115,1.251125134692565,0.2769748750439432,0.05258129472834738,0.5217391304347826,0.14738013982928558,-0.3885338502414396,0.19448947137312436,0.2195218652776981,0.7272727272727273,0.34303013979182606,-0.06051837926286066,0.03855910669674183,0.01139984140394587,0.006802991287520169,120,57,106,80,99,100,117,134,1.6281706102533917,-1
2026,2,Georgia Southern,Sun Belt,https://a.espncdn.com/i/teamlogos/ncaa/500/290.png,2,0.649519052838329,-9.141980736039041,-2.2763208134833506,-6.8656599225556905,122,91,128,-0.9766341957589981,0.06433135507386538,0.043672465381664895,0.4642857142857143,0.12406328861274109,-1.3641278440501456,-0.13507381880287417,-0.12216771065066659,0.35714285714285715,0.004979643531703542,-0.046585784286995426,-0.03678316257274784,-0.05957611964659566,-0.019659603418831814,138,102,109,100,28,24,27,24,1.866717243687182,-1
2026,2,Oregon State,Pac-12,https://a.espncdn.com/i/teamlogos/ncaa/500/204.png,2,0.649519052838329,-9.682788859359395,-6.101936382944309,-3.5808524764150844,123,128,109,2.2300522314646996,0.20936871846852095,-0.16102269578265466,0.43333333333333335,0.09248758107642113,-0.8233683610396688,0.3723588824435921,0.20552214248880293,0.5,0.1257211817096235,-0.04699543033698519,0.018819747216026615,0.020757804167090665,0.01565274577710578,88,70,136,115,68,123,112,73,2.0273136798507636,0
2026,2,San José State,Mountain West,https://a.espncdn.com/i/teamlogos/ncaa/500/23.png,3,0.49410588440130926,-10.205956177357823,-4.642491824034257,-5.563464353323566,124,118,120,3.160572688421314,0.36170665082192566,0.03823248705620801,0.4864864864864865,0.11940885990767507,-0.8157048570099301,0.023173950162426623,0.20873739107978329,0.4444444444444444,0.08995058115065897,-0.056904384775266284,0.034511884157761324,0.07871151395114635,-0.01659557405335656,54,42,111,90,69,58,114,57,2.95691947656211,0
2026,2,Rice,American Athletic,https://a.espncdn.com/i/teamlogos/ncaa/500/242.png,2,0.649519052838329,-10.683765994062849,-6.091006759624433,-4.592759234438415,125,127,114,2.187918063941927,0.019831279702840758,0.16226410663331714,0.55,0.2108201295705958,-0.7262980201275508,0.16982935640591357,0.017814356787408392,0.625,0.2675994152914353,-0.03084825012306903,-0.007788633660975651,-0.020913988886209087,0.003271409297910304,89,111,76,73,78,97,58,124,2.537515139798412,0
2026,2,Southern Miss,Sun Belt,https://a.espncdn.com/i/teamlogos/ncaa/500/2572.png,2,0.649519052838329,-10.709885228905751,-2.9558829777125233,-7.754002251193228,126,103,134,2.3592219636935092,-0.03781627941251677,0.28083371715577826,0.45454545454545453,0.10712117052511795,-0.5332872552391265,0.09214245676866814,0.2791666410461054,0.46153846153846156,0.1224876360058583,0.009505027290486573,0.05428862126934501,-0.06762553062563702,-1.8603668891579772e-4,81,114,41,102,87,82,126,61,2.755714681555329,1
2026,2,Georgia State,Sun Belt,https://a.espncdn.com/i/teamlogos/ncaa/500/2247.png,2,0.649519052838329,-11.279988027410846,-1.340690446656543,-9.939297580754303,127,83,138,5.571609236722818,0.49151739113749987,0.3423132027357799,0.7619047619047619,0.39280347906253255,-0.4720317768492206,-0.058950668992248115,0.07284708648472342,0.44,0.08197004346916305,0.056866473478953135,0.004310585786884313,0.06542994694899008,-0.011442937958626364,9,25,25,10,94,39,82,56,3.8971277454383735,4
2026,2,Bowling Green,Mid-American,https://a.espncdn.com/i/teamlogos/ncaa/500/189.png,2,0.649519052838329,-11.353275768016164,-8.0651479010772409,-3.288127866938923,128,136,105,0.9575771591519158,0.40374569726906356,-0.2644332286747469,0.5454545454545454,0.16540866257124104,-0.07074694983392067,0.5111344003090463,0.28602333612941927,0.7,0.34350110725868144,-0.1331099591783855,0.0428543550832232,0.03351278563958841,0.0345664493220982,126,35,138,74,112,135,128,133,2.1026572257453093,-2
2026,2,Buffalo,Mid-American,https://a.espncdn.com/i/teamlogos/ncaa/500/2084.png,2,0.649519052838329,-11.410296227782652,-7.9567778050808915,-3.45351842270176,129,134,106,1.0566449926991475,0.11581242385312254,-0.07857169574042994,0.3793103448275862,0.0166887537812176,-1.3950348144390619,0.20911670447802513,-0.094091123880547,0.5,0.1381105290259131,-0.07026974785440046,-0.03258166359737579,-0.038542906302211924,0.0179991786684511,123,90,129,122,24,102,31,73,2.5895486106445738,0
2026,2,UTEP,Mountain West,https://a.espncdn.com/i/teamlogos/ncaa/500/2638.png,2,0.649519052838329,-11.542375932091122,-5.847307866377672,-5.695068065713452,130,126,121,0.6237197035306933,-0.07376085485101795,0.23189494549845616,0.375,0.02395778929054898,-0.11605429765011474,0.38277101083494225,0.13528603974479428,0.42105263157894735,0.07015361068229979,0.014730546927896047,0.02254590903879514,-0.061745589501262396,0.023186702665504936,133,122,52,123,111,125,98,49,2.163804998071644,-2
2026,2,Sam Houston,Conference USA,https://a.espncdn.com/i/teamlogos/ncaa/500/2534.png,2,0.649519052838329,-11.77425015539333,-5.137159051749226,-6.637091103644105,131,120,126,1.7308993160204913,0.1798066557548517,-0.10380280180028431,0.36,0.024028571598356998,-1.1370695057304072,-0.14305799144872203,0.2578430390107412,0.52,0.18452398189826205,-0.04365051464538506,0.03888072222543141,0.01251797538199103,-0.02533817427811666,107,77,132,125,40,22,124,90,2.894408864861605,-1
2026,2,Akron,Mid-American,https://a.espncdn.com/i/teamlogos/ncaa/500/2006.png,2,0.649519052838329,-12.178189233025208,-6.1553750569005246,-6.022814176124683,132,129,123,4.1268868883798895,0.158733383139635,0.25777196112978146,0.45454545454545453,0.11184186024345973,-0.7568746091091985,0.5171477640108098,0.009448471310157944,0.52,0.1748484524665099,0.018806902607096266,-0.02270039309110021,-0.0221220084590299,0.04056869873459891,30,80,48,102,72,136,55,90,3.647793313995159,2
2026,2,Middle Tennessee,Conference USA,https://a.espncdn.com/i/teamlogos/ncaa/500/2393.png,2,0.649519052838329,-12.535205182639872,-5.788446020369874,-6.746759162269998,133,124,127,2.1612134308905167,0.24350626284842242,0.2600812835577372,0.65,0.3037134281788603,0.8285185881023364,0.32019384085644476,0.255895309510277,0.5,0.16025603646331565,0.013123629254853856,0.04819188054754874,0.019675960279069444,0.017394187617697347,90,63,45,30,135,116,123,73,2.9192198809890666,-1
2026,2,UL Monroe,Sun Belt,https://a.espncdn.com/i/teamlogos/ncaa/500/2433.png,2,0.649519052838329,-13.026018880410156,-6.7696830030183195,-6.256335877391836,134,132,125,0.8545759807191745,-0.22998666518267868,0.004572300401940428,0.4166666666666667,0.04474593937871136,0.15516083964153304,0.34178063256051394,0.44295285982607174,0.7619047619047619,0.3945895497773515,-0.00838377676287892,0.05195107721587536,-0.06867212034889238,-0.0010893940618790935,128,135,119,118,126,119,137,136,2.760402690681488,-1
2026,2,Charlotte,American Athletic,https://a.espncdn.com/i/teamlogos/ncaa/500/2429.png,2,0.649519052838329,-13.287491172875608,-6.397264721255073,-6.890226451620534,135,131,129,2.995203743795827,0.08194467860147822,0.17719500645257544,0.5909090909090909,0.20621534955269857,0.5675015753164988,0.3505806547511491,0.41552791215652696,0.65,0.27884963828374676,-0.010446146506213673,0.08275504291106983,-0.06317540122152018,0.011798130594646636,62,97,68,51,132,122,135,128,3.278532229872809,0
2026,2,Kent State,Mid-American,https://a.espncdn.com/i/teamlogos/ncaa/500/2309.png,2,0.649519052838329,-14.470278098772411,-6.818058661611032,-7.652219437161378,136,133,132,1.592506249154688,-0.051924985987088466,0.09383357116543266,0.3181818181818182,-0.031378892740876,-1.445315061528386,0.17842844736167052,0.30962451933121754,0.5,0.15872124942627291,-0.03874286093477607,0.03026719423245338,-0.07474453427755468,0.008908200678060307,114,115,102,131,22,98,130,73,3.3718508131559446,0
2026,2,Ball State,Mid-American,https://a.espncdn.com/i/teamlogos/ncaa/500/2050.png,2,0.649519052838329,-15.55485398808232,-10.286768363717664,-5.268085624364655,137,138,119,1.474289852466449,-0.00785299360301932,0.09090340291781292,0.48,0.12362624074576802,-1.6741617561823194,0.23146361431326656,0.3906552949493909,0.5,0.15701916735503438,-0.027181047344639057,0.07187498907876382,-0.0633075324937013,0.009535812781991863,117,112,103,91,8,106,134,73,3.3340441121573274,0
2026,2,Massachusetts,Mid-American,https://a.espncdn.com/i/teamlogos/ncaa/500/113.png,2,0.649519052838329,-17.7072119623972,-8.506273846302097,-9.200938116095102,138,137,137,4.651622458403564,0.6154239635294346,0.2813177352079196,0.4375,0.08829537603977437,-1.0100405389018314,0.0745890805972642,-0.20953120123933064,0.5833333333333334,0.23154241254391694,0.03094631111808638,-0.03734867721069751,0.08088987401999825,-0.002895474602055064,19,11,40,110,52,77,5,112,5.1703849672143996,0
2026,3,Notre Dame,FBS Independents,https://a.espncdn.com/i/teamlogos/ncaa/500/87.png,3,0.49410588440130926,16.126175210099632,8.057899439715763,8.06827577038387,1,3,2,3.257204224819851,0.5375065295885828,0.12411291128764097,0.6071428571428571,0.29872066483985227,-1.1504735111479933,-0.04915840989600569,-0.10730369303278599,0.5517241379310345,0.22625268601698212,-0.021222691416996006,-0.03391376377226294,0.11702887391220042,-0.01913528836476372,50,14,94,43,26,38,12,107,-5.104564018522762,0
2026,3,Oregon,Big Ten,https://a.espncdn.com/i/teamlogos/ncaa/500/2483.png,3,0.49410588440130926,15.555338391234175,9.054578853112021,6.5007595381221535,2,1,8,5.379477241290983,0.3017122619199269,0.3411693825636896,0.5757575757575758,0.19274516845938938,-1.2397999605043286,-0.20560671339088785,-0.0021125493217053655,0.4146341463414634,0.03289321061652604,0.042101813281606705,-0.02130325630914269,0.01927386091159249,-0.05783283219041192,5,52,16,55,21,9,48,42,-1.2621146843224391,2
2026,3,Ohio State,Big Ten,https://a.espncdn.com/i/teamlogos/ncaa/500/194.png,3,0.49410588440130926,15.39770204719811,6.08056808945262,9.317133957745488,3,8,1,5.148310945295235,0.5506821269721328,0.1471028738059582,0.6153846153846154,0.2575858531641885,0.18903028028903815,-0.22070236173912497,-0.11191804243924099,0.3333333333333333,-0.018342002126342006,-0.009684563103599256,-0.0470636672019495,0.13747115547624927,-0.05339067301454828,8,13,79,38,131,8,10,10,-3.577528156844501,-1
2026,3,Georgia,SEC,https://a.espncdn.com/i/teamlogos/ncaa/500/61.png,3,0.49410588440130926,13.866961150118833,6.773400064180413,7.09356108593842,4,4,7,5.512681891215424,0.689225869439819,0.49231167001305304,0.6052631578947368,0.2596941064264588,-1.0044865483995524,-0.022508307980678863,-0.18697040920322114,0.5405405405405406,0.17376509843184168,0.08731709075817808,-0.03788132798397511,0.15149736242140466,-0.014706938630209382,3,6,4,45,41,40,4,100,-3.2973654041338314,-1
2026,3,Texas Tech,Big 12,https://a.espncdn.com/i/teamlogos/ncaa/500/2641.png,3,0.49410588440130926,12.791666820865878,5.562026782934584,7.229640037931293,5,10,6,3.2420618572692286,0.3578245663836062,0.17614010386912576,0.5142857142857142,0.15780444959324416,-0.808773980288522,0.1358506203131483,0.0671352833843109,0.5135135135135135,0.16592196667165915,-0.002634528451299215,0.004890166175681153,0.04016503453901705,-0.005348375775162086,51,41,69,79,60,87,67,85,-3.7200204962863452,0
2026,3,Indiana,Big Ten,https://a.espncdn.com/i/teamlogos/ncaa/500/84.png,3,0.49410588440130926,12.599194159064801,5.040781177656744,7.558412981408058,6,13,5,4.720667425485025,0.8642352823364154,0.2685689559378772,0.7272727272727273,0.40076845290313323,-0.11199993322643272,-0.18205225206174488,-0.22603473091868698,0.32432432432432434,-0.0024467241272464932,0.001806080127039365,-0.054231163725367314,0.14936296583240563,-0.031225675481119094,14,3,35,5,120,13,2,8,-3.180175284687092,0
2026,3,Penn State,Big Ten,https://a.espncdn.com/i/teamlogos/ncaa/500/213.png,3,0.49410588440130926,12.469037296075161,6.376060708867846,6.092976587207314,7,7,10,4.236320763381556,0.6910863088089297,0.13328378914332156,0.6363636363636364,0.2737955914258031,-0.31952467924638434,-0.20481111538767702,0.045635371791535144,0.34285714285714286,-0.025230389259061115,-0.0015641626637091805,-0.008146139954861163,0.16379891136296926,-0.046023105994197885,22,4,91,31,105,10,61,14,-2.2558634548734293,1
2026,3,Ole Miss,SEC,https://a.espncdn.com/i/teamlogos/ncaa/500/145.png,3,0.49410588440130926,11.810191281254372,6.592917726391119,5.217273554863254,8,6,14,3.012740442534367,0.34774491328430485,0.3271429743710831,0.6111111111111112,0.25802343498328867,-0.580145105312741,0.29885761192760524,0.1209505458309606,0.5142857142857142,0.1391140687526397,0.04785590522054609,0.011935925531894334,0.05613680174874831,0.027765925897625093,66,47,21,42,82,116,89,86,-3.637638304205657,-1
2026,3,Texas,SEC,https://a.espncdn.com/i/teamlogos/ncaa/500/251.png,3,0.49410588440130926,10.452199292360369,4.606617506509687,5.845581785850683,9,16,11,2.967555005317448,0.2393106481006992,0.11392710980054585,0.6129032258064516,0.25692471166469205,-0.13960473227374975,0.08757737424749783,-0.090339945610505,0.4,0.041736006577030915,-0.02651414553919278,-0.035246347722475604,-0.01704640062652874,-0.010037233735055101,69,67,97,39,118,76,18,34,-3.817555432545289,1
2026,3,Alabama,SEC,https://a.espncdn.com/i/teamlogos/ncaa/500/333.png,3,0.49410588440130926,10.450228528579355,4.048322759372352,6.401905769207003,10,18,9,4.716723424266435,0.2703172951514392,0.31073514675564673,0.6666666666666666,0.32400690176730584,-2.089984951555543,-0.021518877312216893,-0.13721128821168324,0.375,0.03677502734151173,0.05335628203922734,-0.046245921411392395,0.029409917157134938,-0.02794653812199768,15,59,25,19,1,42,7,20,-0.5427526268364655,5
2026,3,Texas A&M,SEC,https://a.espncdn.com/i/teamlogos/ncaa/500/245.png,3,0.49410588440130926,9.674296917129983,4.950705608229318,4.723591308900665,11,14,16,2.6630195336920965,0.07361301676891657,0.17085120383580021,0.6666666666666666,0.2852495091636507,-0.33577305261182255,0.022109062005289278,-0.02179863703276374,0.3783783783783784,0.020532353450270442,-0.015770961430367433,-0.007500609905783681,-0.0966998903325887,-0.0018642143529749198,77,102,70,19,102,49,42,22,-4.644566023684527,-2
2026,3,Miami,ACC,https://a.espncdn.com/i/teamlogos/ncaa/500/2390.png,3,0.49410588440130926,9.487812466185172,4.255512753685955,5.232299712499217,12,17,13,5.961135499925379,0.8719778634468686,0.21424528920949562,0.6666666666666666,0.34139559756457405,-0.7318819731314847,0.010459246295108022,-0.10387306329720444,0.3157894736842105,-0.010433166476059807,0.014926854866119135,-0.03011706609110783,0.27174376259987015,-0.03423688883233746,1,2,53,19,68,46,13,7,-1.7064954057788277,0
2026,3,Tennessee,SEC,https://a.espncdn.com/i/teamlogos/ncaa/500/2633.png,3,0.49410588440130926,9.476571012001546,8.10691116199057,1.369659850010976,13,2,48,3.432718369411831,0.44812147509655875,0.4411791575775146,0.6470588235294118,0.31055161214329663,-0.07403907267369045,-0.19969496311974225,0.15053283598394115,0.41025641025641024,0.08539451825493691,0.08217108517540773,0.02398718827868857,0.06084912205685166,-0.04598644390969033,43,22,9,24,122,11,104,40,-3.5754508528602003,-2
2026,3,Michigan,Big Ten,https://a.espncdn.com/i/teamlogos/ncaa/500/130.png,3,0.49410588440130926,9.070512553564077,3.571925117132964,5.498587436431113,14,25,12,3.1056652667956413,0.30149647369402766,0.1607391405174801,0.48484848484848486,0.12823952056090634,-1.1827343578265481,-0.29068220039443005,-0.024581259337518487,0.3939393939393939,0.040438300412878825,-0.00892806283539943,-0.0200749459868642,0.01536745013584422,-0.046884176022360446,55,53,74,92,24,2,40,33,-1.745604506068343,2
2026,3,Utah,Big 12,https://a.espncdn.com/i/teamlogos/ncaa/500/254.png,3,0.49410588440130926,8.675807298391362,3.564877808145772,5.11092949024559,15,26,15,3.769299154930457,0.4048795385903923,0.3053181401557083,0.6363636363636364,0.2630522832516978,-1.0873498715128218,-0.10292474646134078,-0.05290205927534837,0.3142857142857143,-0.06677652070344564,0.013159492895957641,-0.0026868520444712947,0.03429343307065592,-0.012247933324235771,31,31,27,31,31,24,32,4,-2.4144207241584326,-1
2026,3,SMU,ACC,https://a.espncdn.com/i/teamlogos/ncaa/500/2567.png,3,0.49410588440130926,8.582794913946387,5.420594677707195,3.162200236239193,16,11,30,4.454654514364727,0.5703123341750709,0.030272112598633816,0.6571428571428571,0.28625942984989916,-0.053900869028800015,0.0665253801525282,0.09619450497311996,0.475,0.12236383915768514,-0.028411193273517918,-0.010955130193686512,0.15702188934942257,-0.009580362510735293,19,10,122,22,123,66,75,73,-2.5964240288721214,-3
2026,3,Oklahoma,SEC,https://a.espncdn.com/i/teamlogos/ncaa/500/201.png,3,0.49410588440130926,8.231997148258912,0.45126462868575257,7.78073251957316,17,62,3,1.9330975105920924,0.1813737778515174,0.032803321288045986,0.36666666666666664,0.024444477673485194,-1.5964726639362385,-0.297431972243659,0.0244806072123816,0.36363636363636365,0.0028428420458922036,-0.03695214671243398,-0.019303205488803384,0.004520290550464003,-0.043551929701295955,104,79,121,130,8,1,54,16,-1.819626623596763,0
2026,3,USC,Big Ten,https://a.espncdn.com/i/teamlogos/ncaa/500/30.png,4,0.3535533905932738,7.61365018942238,5.3070138132590134,2.306636376163367,18,12,37,4.1062067190714275,0.5509835442665333,0.13461815320881587,0.7941176470588235,0.4231994369690759,-0.24365644367109407,0.2609090427929671,0.09267558798937633,0.45,0.08304579991856988,-0.0020225160532069395,0.00963933703150645,0.16324195479530462,0.02657307345053522,24,12,89,1,111,109,74,60,-2.365168601960658,0
2026,3,LSU,SEC,https://a.espncdn.com/i/teamlogos/ncaa/500/99.png,3,0.49410588440130926,7.582190616508323,-0.11409706731488123,7.696287683823204,19,66,4,3.1359806264822416,0.23692257011553552,0.18563577253870683,0.6944444444444444,0.31386713853700393,-1.6317921311305807,-0.1673492516153189,-0.09426178581785075,0.3333333333333333,-0.01941606608161232,0.009432049732628862,-0.03405309580937013,0.01347849373875505,-0.058783428657105556,54,68,64,13,7,14,16,10,-1.5205751208371305,0
2026,3,BYU,Big 12,https://a.espncdn.com/i/teamlogos/ncaa/500/252.png,3,0.49410588440130926,7.159696849016654,2.8929137067112087,4.266783142305445,20,35,24,4.792433363265094,0.37967836376174047,0.4785367682318138,0.5757575757575758,0.25829306342496977,-0.7637817834004044,-0.0568744321993214,-0.006683092185964949,0.47058823529411764,0.13396809323366662,0.08848208238436708,-0.015945847256652355,0.03667427169470671,-0.02637484480696593,12,35,7,55,64,35,46,69,-0.9484987145489958,3
2026,3,Nebraska,Big Ten,https://a.espncdn.com/i/teamlogos/ncaa/500/158.png,3,0.49410588440130926,6.562939885325567,2.3227776633377983,4.240162221987768,21,40,25,4.449672849877563,0.5150048666384347,0.4853958612315713,0.7241379310344828,0.3566795985200367,-0.8490476281419498,-0.14610572826278848,0.05981842307608384,0.4166666666666667,0.03561448789033211,0.0663840425707613,0.017268555322708053,0.07098027891533518,-0.020143297330721868,20,18,5,6,55,17,64,43,-1.8903194245190553,0
2026,3,Washington,Big Ten,https://a.espncdn.com/i/teamlogos/ncaa/500/264.png,3,0.49410588440130926,6.045496681810484,1.4579284194140048,4.587568262396479,22,48,20,2.2176628412147,0.30933491858553924,0.055692018744130316,0.5151515151515151,0.15489816922303018,-1.312165910272914,-0.2444048801523146,-0.17576508693700318,0.34146341463414637,-0.00937114052668816,-0.04694856415209252,-0.03404215595357608,0.0059980439971485545,-0.027884263803307233,95,50,116,78,17,6,5,12,-2.5239758977189055,-2
2026,3,Iowa,Big Ten,https://a.espncdn.com/i/teamlogos/ncaa/500/2294.png,3,0.49410588440130926,5.90629750561512,1.3603253126070984,4.545972193008022,23,50,22,3.212434475157278,0.1258101973881012,0.33913698313102153,0.5675675675675675,0.1737614217464129,-1.715112565387469,-0.1424465885497754,-0.20594917452272013,0.13953488372093023,-0.22266788842233218,0.03867498168815998,-0.04335410404986279,-0.06406308376738203,-0.017584955459544905,52,90,18,58,4,19,3,1,-0.3239255918498207,2
2026,3,Missouri,SEC,https://a.espncdn.com/i/teamlogos/ncaa/500/142.png,3,0.49410588440130926,5.676984231616306,2.9975311001975653,2.679453131418741,24,33,35,3.171477642571319,0.5128479929127139,0.16880554929687372,0.53125,0.16162674475107458,-1.0809503247802483,-0.0857329997815668,0.07026802415776863,0.40540540540540543,0.045562626263920325,-0.005045441993753077,0.006314343604237468,0.09210036491106223,-0.026076464596572556,53,19,71,71,33,27,68,37,-0.9867824074948786,0
2026,3,Florida,SEC,https://a.espncdn.com/i/teamlogos/ncaa/500/57.png,3,0.49410588440130926,5.524324534168866,1.1101318574317405,4.414192676737125,25,52,23,5.183943181200848,0.6248560628624842,0.3241067507876209,0.7027027027027027,0.34323316939574144,-0.8423523431227337,-0.017727153623846734,0.11363588765204777,0.3783783783783784,0.007813988466772028,0.052691504908116284,0.013063896406672144,0.13123474691788903,-0.017103578901075965,7,7,22,11,56,43,85,22,-0.6388947831760046,1
2026,3,South Carolina,SEC,https://a.espncdn.com/i/teamlogos/ncaa/500/2579.png,3,0.49410588440130926,5.377865794215106,0.7431759882319521,4.634689805983154,26,57,19,2.4958189721307495,0.21287861238257735,0.4816700540791186,0.696969696969697,0.3706434579246586,-0.8845451499846158,0.21914034624044706,-0.1003071901571602,0.3783783783783784,0.04299380973379394,0.07974395731530072,-0.027202163322018715,-0.0488708950603905,0.03724734589957563,86,71,6,12,48,105,14,22,-3.0685169974260447,-4
2026,3,Kansas State,Big 12,https://a.espncdn.com/i/teamlogos/ncaa/500/2306.png,3,0.49410588440130926,5.098640524967782,3.379048143968326,1.7195923809994555,27,28,45,3.049443669835493,0.3655681268102776,0.4045778750367474,0.6363636363636364,0.26020295318469433,-1.3755907262136988,-0.23958627699043816,0.03246324534261212,0.34285714285714286,-0.037723782308700674,0.05321257772485597,0.010551322920249582,0.02228376356173422,-0.030086035639698527,61,39,11,31,12,7,58,14,-0.8038936785019084,1
2026,3,Air Force,Mountain West,https://a.espncdn.com/i/teamlogos/ncaa/500/2005.png,2,0.649519052838329,5.065531738301106,3.589132384600649,1.4763993537004572,28,23,46,3.0910447116132915,0.2987194180841,0.3439101006644186,0.6190476190476191,0.29885505495536785,-2.0482780567278733,-0.09136705960177004,-0.03056133440985369,0.3684210526315789,0.03822361432335739,0.02887556897587793,3.537069743733072e-4,0.0049405490511092555,-0.006487087035940456,56,55,15,37,2,26,38,17,0.052565944917907004,7
2026,3,Vanderbilt,SEC,https://a.espncdn.com/i/teamlogos/ncaa/500/238.png,3,0.49410588440130926,4.478203718161448,3.9064979453151483,0.5717057728462998,29,19,56,3.289704271837554,0.260229552802314,0.2747025558074124,0.5,0.13277930480089403,-1.4955727581562877,-0.06747891967713864,0.1478957826599137,0.4473684210526316,0.09285583448093537,0.010065500473702343,0.02407651699723144,-0.019434941389442486,-0.013258431123757918,49,62,31,82,10,32,102,58,-0.6710737919846084,3
2026,3,Cincinnati,Big 12,https://a.espncdn.com/i/teamlogos/ncaa/500/2132.png,3,0.49410588440130926,4.4181639447839025,3.021426623055705,1.3967373217281975,30,32,47,4.949272092455083,0.3563305649339193,0.3696928150478684,0.6060606060606061,0.2420610680788825,-0.5098102125472987,0.057515117423934725,0.12021539171491587,0.4857142857142857,0.1204889686668413,0.04571215204597298,0.026138974661759153,0.008033621994386985,0.012714866597185253,10,42,13,44,88,62,88,76,-0.6296604545234548,4
2026,3,Virginia,ACC,https://a.espncdn.com/i/teamlogos/ncaa/500/258.png,3,0.49410588440130926,4.258227986783603,1.4271615509498536,2.8310664358337494,31,49,34,3.013993568307241,0.3995216260044208,0.2170436786292181,0.4411764705882353,0.10449632206188329,-0.30924721624194845,-0.19713399163238313,-0.013905656049328708,0.34210526315789475,0.0018618137335141033,-0.002446147200448502,-0.01732063130960414,0.039727187634082665,-0.032369157931410354,65,32,52,118,106,12,44,13,-1.8860848067535283,-4
2026,3,Louisville,ACC,https://a.espncdn.com/i/teamlogos/ncaa/500/97.png,3,0.49410588440130926,4.2303264017941835,2.1099632660576257,2.120363135736558,32,43,39,5.466900941663361,0.690364993768341,0.31209757146526107,0.5476190476190477,0.1914779222491842,-0.4878974769970101,0.20371770576406645,0.07860344075036255,0.5365853658536586,0.17106980604644595,0.032049298434771466,0.008530383755229317,0.14917517498465094,0.015448680187515584,4,5,24,63,90,102,72,98,0.09220199805265672,8
2026,3,Auburn,SEC,https://a.espncdn.com/i/teamlogos/ncaa/500/2.png,3,0.49410588440130926,4.227939069546778,-0.3223867286257598,4.550325798172538,33,71,21,1.9384311025547392,0.13801589599298933,0.27452915124431154,0.5405405405405406,0.18364519680183708,-1.4304572723026086,0.1737107453640541,0.028252339847354327,0.5526315789473685,0.18725410060447586,0.03290771939461684,-0.016521465661012077,-0.039665431892538794,0.02244949830251957,103,87,32,67,11,94,56,109,-1.1530453034060315,-2
2026,3,Pittsburgh,ACC,https://a.espncdn.com/i/teamlogos/ncaa/500/221.png,3,0.49410588440130926,4.193682527374158,3.823310112636013,0.3703724147381447,34,21,58,3.3183918720561025,0.32169395046723614,0.08912035705219105,0.6052631578947368,0.23885546660917448,-0.9941144777723369,-0.02176689769469587,-0.025635105057148243,0.3888888888888889,0.027205885781229733,-0.0232923003327211,-0.013363449151509972,0.007177870003529666,-0.014993377580015307,48,49,106,45,42,41,39,31,-1.1891533413482396,-4
2026,3,Arizona,Big 12,https://a.espncdn.com/i/teamlogos/ncaa/500/12.png,3,0.49410588440130926,4.140856835744037,2.13471250196276,2.006144333781277,35,42,42,3.0646533129029834,0.24608139108642726,0.3340632753398356,0.53125,0.17800374178904105,-1.133881614315693,0.04868092819920406,0.09814865945497006,0.4375,0.08594833563685195,0.03591479357888284,0.0017886799235272608,0.006399848137073325,0.006330775026136125,60,66,19,71,28,59,76,54,-0.8457754848373042,1
2026,3,South Florida,American Athletic,https://a.espncdn.com/i/teamlogos/ncaa/500/58.png,3,0.49410588440130926,3.9086976060328205,5.912943273429757,-2.004245667396937,36,9,99,4.721267036916827,0.4072625731884094,0.3304401933550608,0.4827586206896552,0.11867185081817938,-0.42243768152959754,0.20587505120256164,-0.05557412857737587,0.42424242424242425,0.07211921903071664,0.052722349999839595,-0.04152700263547642,0.05807975130198665,0.0353260530423086,13,30,20,96,94,103,29,45,-0.6143198811930279,1
2026,3,Clemson,ACC,https://a.espncdn.com/i/teamlogos/ncaa/500/228.png,3,0.49410588440130926,3.8084341051274677,-0.9150905731215675,4.723524678249035,37,81,17,0.7339715300525089,-0.04343447982665335,0.08878218250056032,0.325,-0.030508318021998798,-1.3342721505446598,0.016385397061098757,0.24315004518794328,0.525,0.170244355693975,-0.01274623672866049,0.028566590891428153,-0.08933262509455171,-0.01812937662523477,136,120,107,135,14,48,126,90,-1.2915196308922772,-4
2026,3,Arizona State,Big 12,https://a.espncdn.com/i/teamlogos/ncaa/500/9.png,3,0.49410588440130926,3.67936651277305,-0.3816413415115964,4.061007854284647,38,72,26,1.803184341630625,0.12425430345423272,0.16370076652384463,0.5128205128205128,0.13537971743191202,-0.6220368102320883,0.053835988074167285,0.017007511805086476,0.38461538461538464,0.008687523454463194,-0.0038842452272513225,-0.016942262809123733,-0.053230702134418544,-0.0031297725636489056,108,92,72,81,77,60,51,28,-1.8381196415793837,-9
2026,3,Memphis,American Athletic,https://a.espncdn.com/i/teamlogos/ncaa/500/235.png,4,0.3535533905932738,3.3696633493223005,3.482005290745152,-0.11234194142285142,39,27,66,4.793195943746166,0.44809530673457965,0.2209537899139051,0.6470588235294118,0.29342276622727553,0.6765894107549734,0.07927892600127152,0.2897168242052636,0.5,0.14321474417697155,0.014571430654463837,0.055452277974174055,0.09577662644888274,0.004109640539386181,11,23,51,24,135,73,129,79,-0.8065184667207963,0
2026,3,James Madison,Sun Belt,https://a.espncdn.com/i/teamlogos/ncaa/500/256.png,3,0.49410588440130926,3.3527398899728693,3.595741188728474,-0.24300129875560483,40,22,70,3.5161541440612947,0.47057936338480383,0.3411208103079965,0.6875,0.32455998211971454,-1.143132492964169,-0.12952763425262945,-0.08770290581984001,0.41025641025641024,0.040926558664024504,0.05153568577434825,-0.03625506497404359,0.08362792846340183,-0.027650142606662494,40,21,17,15,27,20,19,40,-0.26510010826212493,2
2026,3,Houston,Big 12,https://a.espncdn.com/i/teamlogos/ncaa/500/248.png,3,0.49410588440130926,3.264887261904682,2.90980382690579,0.35508343499889145,41,34,60,5.886946465057325,0.5318987415764833,0.41145865617594873,0.75,0.3784232447367006,-0.5884529546568406,0.11263386990408022,-0.05558232501321784,0.46153846153846156,0.10649280071602416,0.07008102109392687,-0.020097735569277565,0.12811584695016673,-0.003340268092011199,2,15,10,2,81,82,28,66,0.07306933079536382,3
2026,3,Mississippi State,SEC,https://a.espncdn.com/i/teamlogos/ncaa/500/344.png,3,0.49410588440130926,2.8158204402254188,3.572083909794424,-0.7562634695690053,42,24,75,5.326188638839931,0.5782239580042049,0.39007465089242543,0.7142857142857143,0.3734635190009822,-0.9910346445637052,0.024636069308815012,-0.007110312703269467,0.42857142857142855,0.07728420532617677,0.09098109602770728,-0.040676637638756466,0.1618445817450204,-0.021325595425676594,6,8,12,8,43,50,45,47,1.5497220786389483,20
2026,3,Iowa State,Big 12,https://a.espncdn.com/i/teamlogos/ncaa/500/66.png,3,0.49410588440130926,2.6601771102811465,-0.9003402762651983,3.5605173865463446,43,80,29,2.2019657839827644,0.3003607791814294,0.19511881190313873,0.4473684210526316,0.10028208862797457,-0.7775168498272644,-0.12632111201137564,-0.059618978608574964,0.28205128205128205,-0.06758408500605748,0.002949712470696645,-0.02138294226666943,0.012756479335951202,-0.025809953440161956,96,54,61,114,63,21,27,2,-0.6343912030653058,0
2026,3,North Texas,American Athletic,https://a.espncdn.com/i/teamlogos/ncaa/500/249.png,3,0.49410588440130926,2.458731588734388,3.186162412031745,-0.727430823297357,44,30,74,4.2542621911975775,0.34798971334041684,0.07054518856082284,0.6388888888888888,0.2803635625133237,-0.024883163301423174,0.6329518959255854,0.13491890882738133,0.6666666666666666,0.3091576384021207,-0.00533251189560809,-0.0044058240309909685,0.10040192897782992,0.06487487296462716,21,46,113,28,124,138,98,133,0.19240463232527993,5
2026,3,UCF,Big 12,https://a.espncdn.com/i/teamlogos/ncaa/500/2116.png,3,0.49410588440130926,2.381635092087676,-1.55115533950294,3.932790431590616,45,86,27,3.630373611056016,-0.10431460040204737,0.46645215727309275,0.5454545454545454,0.17093604034903012,-0.989748669383784,0.05595469614312544,-0.1238094433824792,0.42857142857142855,0.05557347025354141,0.067655639840251,-0.0509726563270938,-0.10689857331695107,-0.009334295293838498,36,125,8,64,44,61,9,47,0.29293959759283705,8
2026,3,Kansas,Big 12,https://a.espncdn.com/i/teamlogos/ncaa/500/2305.png,3,0.49410588440130926,2.2840786870544534,1.0980123235532924,1.1860663635011608,46,53,51,3.3515051330617833,0.20859432304175274,0.2075820919974586,0.5641025641025641,0.20392154658557055,-1.6760503589820313,0.2751188106198202,-0.06802809012961418,0.5277777777777778,0.16055190367632563,-0.006629211280530647,-0.02960490729650004,-0.029252023532915804,0.02833110793992999,47,72,57,60,6,112,25,94,-0.3984268755198457,-1
2026,3,Arkansas,SEC,https://a.espncdn.com/i/teamlogos/ncaa/500/8.png,3,0.49410588440130926,2.242686054311752,4.665101961155858,-2.422415906844106,47,15,102,1.3691448516699272,0.10342958177196865,-0.0374277391866643,0.48484848484848486,0.14037797684760941,-0.7899729657113597,0.2033833589506571,0.30968257897270157,0.37142857142857144,0.03618532208778085,-0.06826205254425557,0.0484984741159281,-0.04379012867890512,0.010504479350054137,125,98,130,92,62,101,132,19,-1.5753200163254841,-6
2026,3,Florida State,ACC,https://a.espncdn.com/i/teamlogos/ncaa/500/52.png,3,0.49410588440130926,2.201027018752186,2.3009045537769546,-0.0998775350247687,48,41,65,2.7744227423413492,0.1989959529914902,0.1851610686515969,0.5675675675675675,0.22915493728906272,-0.4221369639365419,0.4340436186775232,0.16538490357417107,0.631578947368421,0.2892976517616866,0.020623137014196852,0.01146041305376651,0.010456102817701316,0.04466548574794342,73,75,65,58,95,129,108,127,-1.9893230111104274,-10
2026,3,Army,American Athletic,https://a.espncdn.com/i/teamlogos/ncaa/500/349.png,2,0.649519052838329,2.178287230624435,-0.9709094921011686,3.1491967227256037,49,82,31,4.009374665708359,0.10471819470564216,0.5007292912856607,0.7368421052631579,0.37468163847081354,1.166104409645923,0.16870987536831109,0.07101897680637767,0.4090909090909091,0.042859412675371515,0.07495557720965174,0.011625541672190418,-0.03573421523099965,0.01682891240677493,26,96,3,3,138,93,69,39,-0.050157318897451564,3
2026,3,Wisconsin,Big Ten,https://a.espncdn.com/i/teamlogos/ncaa/500/275.png,3,0.49410588440130926,2.073515717927614,-2.5963572739677323,4.669872991895346,50,103,18,3.0850544172955017,0.3047569720867107,0.14226243799467217,0.7241379310344828,0.37079628159777217,0.01271015943993568,0.07344383743314346,0.03873381813553256,0.375,0.0268877330536803,-0.018616710053091984,0.006197566182743506,0.017923779689777767,0.005495423437153599,57,51,85,6,125,70,59,20,-0.3430620412746954,-2
2026,3,Colorado,Big 12,https://a.espncdn.com/i/teamlogos/ncaa/500/38.png,3,0.49410588440130926,1.8844175460188628,0.567384695212034,1.3170328508068287,51,58,49,2.388399293824944,0.1562637921583171,0.12786736799500845,0.48484848484848486,0.11931653984067285,-0.7138227257997044,0.14481790201967615,-0.04071770124461151,0.5,0.13003129673247196,-0.014181860785681724,-0.037748974662890865,-0.02214392751292999,0.015261791503929019,89,85,93,92,70,90,36,79,-0.36024712450397733,-1
2026,3,UCLA,Big Ten,https://a.espncdn.com/i/teamlogos/ncaa/500/26.png,3,0.49410588440130926,1.7977652092965801,3.310927969186425,-1.5131627598898447,52,29,89,4.525824463453085,0.1283877886279861,0.5266399980797147,0.6857142857142857,0.323288429375579,-0.7951220254353178,0.09396950366187495,-0.05448137705505181,0.43243243243243246,0.09397752232264643,0.11792087707879584,-0.02917012570982701,-0.029130442128431373,-0.005360917260011958,18,89,1,17,61,78,30,51,-0.43669463502420314,-1
2026,3,Navy,American Athletic,https://a.espncdn.com/i/teamlogos/ncaa/500/2426.png,2,0.649519052838329,1.6310736273753639,0.7790242036355928,0.8520494237397712,53,56,55,4.653594635835853,-0.2101456518977865,0.5199834904178771,0.6818181818181818,0.30839322418817877,-0.8388126802974352,0.4986883700863726,-0.07534850255272527,0.6086956521739131,0.23107495371762293,0.08081812815595524,-0.0252160008612046,-0.05729685780309898,0.03991198267658039,16,135,2,18,57,133,23,124,-0.29535586022798377,1
2026,3,Boise State,Pac-12,https://a.espncdn.com/i/teamlogos/ncaa/500/68.png,3,0.49410588440130926,1.5640903565626876,1.6912269114933238,-0.12713655493063614,54,47,67,3.746113391733673,0.265887897969674,0.27052864410850397,0.5,0.1633079077425734,-0.4181066018072515,0.26633815419189355,-0.02175506755893342,0.5588235294117647,0.2102813358410391,0.016513835102439894,-0.019803037517235014,0.011965554700710418,0.02713899988726969,33,61,34,82,96,111,43,112,-0.2732336380153684,1
2026,3,Baylor,Big 12,https://a.espncdn.com/i/teamlogos/ncaa/500/239.png,3,0.49410588440130926,1.4528340214222546,2.4964386119555964,-1.0436045905333418,55,38,81,1.7424071623027921,0.20715955646655157,0.18965868962160515,0.5277777777777778,0.1568243574158071,-0.8806046740263784,-0.08368146171410477,-0.14061826824385537,0.38461538461538464,-0.009239933404144338,-0.001808392432152905,-0.041593354613238584,-0.03393655523067789,-0.0191428189228942,112,73,63,74,50,28,6,28,-0.3507171823708244,1
2026,3,Minnesota,Big Ten,https://a.espncdn.com/i/teamlogos/ncaa/500/135.png,3,0.49410588440130926,1.4064879318582129,-1.6722675444764181,3.078755476334631,56,88,32,1.636605145806768,0.1765261801190988,0.16295105046880087,0.7096774193548387,0.3284351816940438,-0.8558932200487691,0.19116105762317917,0.08146677100749657,0.5263157894736842,0.18139446644779336,-0.02120670150221325,0.006614629262302955,-0.06424876116959913,0.01891502474702131,116,81,73,9,53,100,73,91,-1.1951160840096382,-10
2026,3,Duke,ACC,https://a.espncdn.com/i/teamlogos/ncaa/500/150.png,3,0.49410588440130926,1.3602912882129625,2.426821540011511,-1.0665302517985484,57,39,82,2.5657539748805065,0.26808432769010404,0.24608735790270156,0.5625,0.2193135503979876,-0.7622421399416681,-0.061541847292994965,-0.09250826006198136,0.3076923076923077,-0.02824925229349044,0.030570800706223405,-0.039430688336802744,0.022189608947238332,-0.03497978283438952,82,60,43,61,65,33,17,3,-0.2552033280285593,1
2026,3,TCU,Big 12,https://a.espncdn.com/i/teamlogos/ncaa/500/2628.png,3,0.49410588440130926,1.318117389775808,0.41198264168453935,0.9061347480912687,58,63,53,2.2994868773547696,0.43237507041335865,0.1462442509275241,0.6129032258064516,0.2626556218039842,-1.3356056016769204,-0.14691764346547134,-0.0783130669140503,0.3888888888888889,0.04142895916891448,-0.02632315895888988,-0.026863244260706833,0.06800130787822074,-0.02453461683547385,92,26,81,39,13,16,21,31,-1.176833959290236,-11
2026,3,NC State,ACC,https://a.espncdn.com/i/teamlogos/ncaa/500/152.png,3,0.49410588440130926,1.253563706278173,3.83147227489878,-2.577908568620607,59,20,105,4.06022884108531,0.16508059710142667,0.3557113711376879,0.5384615384615384,0.19102686101645042,-0.18971043251304398,0.11444379604621933,0.23590325079816957,0.5277777777777778,0.17054427488021645,0.05706410348433218,0.028696658623848157,0.013869245452106604,-9.254508788477125e-4,25,83,14,69,115,84,124,94,-0.2793499266024968,0
2026,3,Kentucky,SEC,https://a.espncdn.com/i/teamlogos/ncaa/500/96.png,3,0.49410588440130926,1.2332895371473007,-0.7803522241890961,2.013641761336397,60,76,41,3.6312970761409584,0.41145388186403176,0.08875813128349067,0.4857142857142857,0.12544853556174343,-0.26588739981309584,-0.07845697932780951,0.18912785808552018,0.6551724137931034,0.27590774325722067,-0.024097855444277557,0.026157293279803814,0.060423310971832823,-0.030299382328384732,35,29,108,91,110,29,113,130,1.1112699370249828,9
2026,3,Northwestern,Big Ten,https://a.espncdn.com/i/teamlogos/ncaa/500/77.png,2,0.649519052838329,1.1654370799397573,-2.5021022771177845,3.667539357057542,61,99,28,3.937678436275193,0.5247547483370076,0.2218465679120639,0.625,0.265582534711195,0.3492417237110588,-0.04953864138453297,0.02309543397438197,0.45454545454545453,0.09573753431968351,-0.0026103323337439703,0.008097540409466251,0.047803412583960016,-0.0015812965367223105,28,16,50,35,133,37,53,63,-0.5034365351843784,-4
2026,3,Virginia Tech,ACC,https://a.espncdn.com/i/teamlogos/ncaa/500/259.png,3,0.49410588440130926,1.0186705032205625,-0.16776340639703777,1.1864339096176002,62,67,50,2.599783719243277,0.446921083749099,0.27226798753206904,0.59375,0.23261129266027472,-0.6356017889221354,0.18241582228259276,-0.12522328617519,0.5428571428571428,0.18732794214867818,0.029923716445846772,-0.02780858552373347,0.10942711476193506,0.006712692779020399,81,24,33,49,76,98,8,102,-0.2015587098221252,1
2026,3,UTSA,American Athletic,https://a.espncdn.com/i/teamlogos/ncaa/500/2636.png,3,0.49410588440130926,0.8190728832847403,3.128911117411651,-2.309838234126911,63,31,101,2.0663945787795264,0.20235798411082934,0.20915596780444756,0.4722222222222222,0.10359689243300829,-0.7125394551748667,-0.11775600751280449,0.21364096594310486,0.5945945945945946,0.23124677521278908,0.01612672422044179,0.02538697558090746,-0.0018186606766446723,-0.04600497215012373,101,74,56,100,71,22,120,122,-0.15293772363015012,1
2026,3,San Diego State,Pac-12,https://a.espncdn.com/i/teamlogos/ncaa/500/21.png,3,0.49410588440130926,0.45613711745155605,-2.505871564941529,2.962008682393085,64,100,33,2.010044848212783,-0.25105614849361674,0.11207195509131973,0.45714285714285713,0.10135839871295095,-0.35413132441856077,0.08372082167130371,0.10237990390593572,0.5789473684210527,0.21120790928569008,-0.02273783595046524,-0.009126460236298923,-0.1790707785435945,0.009184390988231627,102,136,98,111,100,74,80,118,-1.0496407517362254,-4
2026,3,UConn,FBS Independents,https://a.espncdn.com/i/teamlogos/ncaa/500/41.png,3,0.49410588440130926,0.4313240121337243,2.8601534684887913,-2.428829456355067,65,36,103,3.5153349447536666,0.3768430474906084,0.2545561517490596,0.4864864864864865,0.13049132630000684,-0.6637371232954187,-0.05951368566609367,0.044654905047869176,0.4864864864864865,0.13452047378836077,0.01572356290643719,-0.002836376600964743,0.04437790164007329,-0.025211293495787313,41,36,41,90,75,34,60,77,1.2677193565184997,12
2026,3,Georgia Tech,ACC,https://a.espncdn.com/i/teamlogos/ncaa/500/59.png,3,0.49410588440130926,0.4202756855959611,0.4523015805343523,-0.0320258949383912,66,60,64,3.5648178858899997,0.1681726202027376,0.08519067349753645,0.5882352941176471,0.22446633944750946,-0.5245795618470708,0.05825717673439166,0.2031542765366734,0.4375,0.08711427740066555,-0.047878351658743164,0.05785278629277149,-0.04598748356527783,0.003166724001631931,38,82,110,51,86,63,118,54,-0.03596128727309289,0
2026,3,Jacksonville State,Conference USA,https://a.espncdn.com/i/teamlogos/ncaa/500/55.png,4,0.3535533905932738,0.263951282546827,0.479558598514273,-0.21560731596744603,67,59,68,3.041073844200033,0.4364929369698075,0.14783757876065198,0.5135135135135135,0.16548556927828187,-0.20839080633306203,-0.07612367283354947,0.14384100167380426,0.55,0.20119469082902103,0.005199018281872216,0.026168476768205287,0.10034157515966549,-0.02795401823969888,63,25,78,80,113,30,100,105,0.3333226690703056,3
2026,3,UNLV,Mountain West,https://a.espncdn.com/i/teamlogos/ncaa/500/2439.png,3,0.49410588440130926,0.234917372872135,1.968749809817529,-1.733832436945394,68,44,91,1.5056648242583062,-0.12949963276790866,0.1457675682444635,0.4473684210526316,0.07773008123339764,-0.49644260910155025,0.1395477509212249,0.16635009929075728,0.5263157894736842,0.16613444042847902,0.0029187203143393892,0.0065013670075401665,-0.12149637046830185,-0.01799306475266552,120,128,82,114,89,88,109,91,-0.013601780384758566,-1
2026,3,Liberty,Conference USA,https://a.espncdn.com/i/teamlogos/ncaa/500/2335.png,3,0.49410588440130926,0.22173815524878915,0.45152583515051725,-0.2297876799017281,69,61,69,3.37713435721375,0.28934693821110974,0.1206324430221471,0.6388888888888888,0.2954693009285609,-0.6928774989640885,0.016210567419031107,0.14613390527836387,0.5384615384615384,0.20439771260280154,-0.027688623967722925,0.021423620757899595,0.02272655362373167,-6.578142827487594e-4,45,56,95,28,73,47,101,99,0.789280066971193,5
2026,3,Toledo,Mid-American,https://a.espncdn.com/i/teamlogos/ncaa/500/2649.png,3,0.49410588440130926,4.2609506472857106e-4,-2.0401647917915726,2.040590886856301,70,95,40,4.541017734944353,0.3501009040028173,0.24453695978670434,0.5714285714285714,0.21540895148662925,-0.8157406270984483,0.14404238185921098,0.003330471430144671,0.5142857142857142,0.1502441534010348,-7.688529783080802e-4,-0.024841817130490707,0.025123053734019032,0.017522952775701352,17,45,45,57,59,89,49,86,0.7206796868578778,6
2026,3,Maryland,Big Ten,https://a.espncdn.com/i/teamlogos/ncaa/500/120.png,3,0.49410588440130926,-0.033902015068209335,-0.39690297769758465,0.3630009626293753,71,73,59,3.549674060519412,0.4153242344707042,0.262212407161116,0.6875,0.34846513807758023,-0.6100058236248682,0.10598927356241176,-0.050824476546523945,0.3783783783783784,0.034212858334777094,0.017051140708904986,-0.026018894380877344,0.08609688334365566,9.109301783628717e-4,39,28,38,15,79,81,33,22,-0.6109321759630407,-6
2026,3,Illinois,Big Ten,https://a.espncdn.com/i/teamlogos/ncaa/500/356.png,3,0.49410588440130926,-0.056810980231434494,1.2333359347923303,-1.2901469150237648,72,51,85,3.749573922453411,0.4968190524489661,0.15217522396428523,0.625,0.28577991473380876,-0.24018718195419325,0.07229901422482882,0.1229953528015666,0.6551724137931034,0.3075666534914666,-0.016119084041451598,0.022518165302948822,0.06869896199955408,0.0183605088406492,32,20,77,35,112,68,91,130,-1.3626839603935046,-11
2026,3,Wake Forest,ACC,https://a.espncdn.com/i/teamlogos/ncaa/500/154.png,3,0.49410588440130926,-0.058924552313925016,-2.2684231849648704,2.2094986326509454,73,98,38,2.7342913987202024,0.3651917151030194,0.23254199465092512,0.5588235294117647,0.2309723265581927,-0.4138624567323248,0.3156838280378686,0.1122986329774913,0.5,0.17344890906034793,0.01964415110078537,0.0021294037236124033,0.04034488190787489,0.008943403677544872,75,40,47,62,97,119,84,79,0.0855867621644606,-2
2026,3,West Virginia,Big 12,https://a.espncdn.com/i/teamlogos/ncaa/500/277.png,3,0.49410588440130926,-0.18632993250094565,0.8188293833446313,-1.005159315845577,74,54,80,3.7995166668860234,0.875500768689944,0.20733347875954683,0.47619047619047616,0.13025354115535498,-0.2755466935739587,0.08978627613280847,0.030685402991915352,0.43902439024390244,0.07456802148416534,0.0034420417597900515,0.0023629331476222202,0.15352545918241928,0.004783730885148454,29,1,58,98,109,77,57,57,0.3196963129606427,-1
2026,3,Fresno State,Pac-12,https://a.espncdn.com/i/teamlogos/ncaa/500/278.png,3,0.49410588440130926,-0.5027744219691237,-2.8995597326657063,2.3967853106965826,75,109,36,2.2532068714673086,0.35243505586166296,-0.056831231088037525,0.4411764705882353,0.08265623293311791,-0.5458775415097051,0.032285563277741514,-0.10849046738096092,0.43243243243243246,0.0900203704923918,-0.044119407246178174,-0.052779878570027854,0.07577529080157272,-0.04000251406434212,94,44,132,118,85,52,11,51,0.9072604841965086,5
2026,3,Texas State,Pac-12,https://a.espncdn.com/i/teamlogos/ncaa/500/326.png,3,0.49410588440130926,-0.5428507964435765,6.593243609775519,-7.136094406219096,76,5,137,3.7298837940820864,0.371875901038074,0.1902199846628156,0.5833333333333334,0.22323148127269082,-0.19777799257223777,0.43628034400544363,0.11574588697689572,0.7741935483870968,0.4012125989471377,0.018348853183011812,0.0045415693888942255,0.07605365672415985,0.06162436913261588,34,37,62,53,114,130,86,138,-0.6808103860537615,-8
2026,3,North Dakota State,Mountain West,https://a.espncdn.com/combiner/i?img=/i/teamlogos/ncaa/500/2449.png&h=200&w=200,4,0.3535533905932738,-0.8532171710234551,-1.0330672663087619,0.1798500952853068,77,83,62,1.6162160964202743,0.33288432743337504,0.040096910324399763,0.5952380952380952,0.28267850647991594,-0.5227754838361742,-0.07253321006517836,-0.05009820814836479,0.40425531914893614,0.06629831068608734,-0.049237848260686015,-0.05224489859416326,0.05558298619365617,-0.030812866857267914,117,48,120,48,87,31,34,36,-0.6333337319530703,-5
2026,3,Syracuse,ACC,https://a.espncdn.com/i/teamlogos/ncaa/500/183.png,3,0.49410588440130926,-0.9368410515710222,-0.2747144340522354,-0.6621266175187868,78,69,73,2.7358677593233884,-0.0024854205926595325,0.14145024705104506,0.5454545454545454,0.17695364232085717,-0.8369524718838496,-0.2510599924268269,0.12944574308061702,0.5,0.1410445360759746,-0.01854929705806751,0.024120984929478853,-0.11487806769034464,-0.04960454009548383,74,114,86,64,58,5,96,79,1.3667780292534377,6
2026,3,Washington State,Pac-12,https://a.espncdn.com/i/teamlogos/ncaa/500/265.png,3,0.49410588440130926,-0.9897258243466904,-2.7810330064741917,1.7913071821275013,79,107,44,1.861297109455105,-0.06529259129977502,0.13012803646165985,0.3888888888888889,0.024845494431547037,-1.3168571987950783,-3.225419849448915e-6,0.12819177483068644,0.38235294117647056,0.014982352276655352,-0.011311414642579445,0.0058164164657346935,-0.06642395685677593,-0.030016461098532794,107,121,92,124,16,44,95,27,1.106944285109965,3
2026,3,Rutgers,Big Ten,https://a.espncdn.com/i/teamlogos/ncaa/500/164.png,3,0.49410588440130926,-0.9909957336042639,1.9608965296847778,-2.9518922632890416,80,45,110,2.701873311317707,0.11439191544536466,-0.08684921555989962,0.5833333333333334,0.21443729319022953,-0.3817988531208501,0.3738632363124207,0.2289731441708361,0.5666666666666667,0.2090565350595859,-0.05339362710623408,0.037362867979098546,-0.04914229470000876,0.031279526081564694,76,94,135,53,98,124,122,115,0.09522536670746184,-2
2026,3,Tulane,American Athletic,https://a.espncdn.com/i/teamlogos/ncaa/500/2655.png,3,0.49410588440130926,-1.0540378407228612,-1.3821931743976095,0.32815533367474814,81,85,61,2.1942985390930536,-0.005895417127592795,0.1812119532959404,0.375,0.016227222799292392,-0.918489110686386,0.23595402048527794,0.20070282555520935,0.5588235294117647,0.1986393862157989,0.023727755536167842,0.009397919991239994,-0.04117869256804395,0.005356221469185539,98,115,66,129,47,107,116,112,0.11212116284716234,-2
2026,3,New Mexico,Mountain West,https://a.espncdn.com/i/teamlogos/ncaa/500/167.png,3,0.49410588440130926,-1.0637300779089915,-2.2130836756251577,1.1493535977161662,82,97,52,1.302071363161625,-0.11081224742360521,0.22731110441894992,0.6428571428571429,0.2542475426063746,-1.06635496029231,-0.2902373854618265,-0.06297947686651455,0.325,-0.032913592493061306,8.572181398069039e-5,-0.031474593658940356,-0.11551186410770473,-0.04044563174662787,127,127,48,27,35,3,26,9,-0.39858519517428337,-7
2026,3,Old Dominion,Sun Belt,https://a.espncdn.com/i/teamlogos/ncaa/500/295.png,3,0.49410588440130926,-1.414508654596756,-3.3272991765854836,1.9127905219887276,83,113,43,0.9218062583636356,-0.14922154770570137,0.14229130666749817,0.3611111111111111,0.00623717263726078,-1.5693955419399757,0.047778267423723014,-0.07518969474653023,0.4838709677419355,0.12087414525575457,-0.01968852905331229,-0.03885255866140137,-0.11681886568867267,-0.020432936177786493,133,130,84,132,9,57,24,75,0.49721952199255437,-2
2026,3,Purdue,Big Ten,https://a.espncdn.com/i/teamlogos/ncaa/500/2509.png,3,0.49410588440130926,-1.9636514212078355,0.017236430882543452,-1.980887852090379,84,65,98,4.953709908496002,0.5755418149071253,0.13354758571056788,0.7096774193548387,0.3420173216906248,0.5140152358019552,0.3504511992816924,0.3655191242989359,0.7575757575757576,0.3893570574897046,-0.02185959462985698,0.060293181249981384,0.1443502830551394,0.03424143273825646,9,9,90,9,134,122,136,137,1.0842723952013118,4
2026,3,Miami (OH),Mid-American,https://a.espncdn.com/i/teamlogos/ncaa/500/193.png,3,0.49410588440130926,-2.105687473981895,-1.1326655671275627,-0.9730219068543327,85,84,79,3.790294049901316,0.5559866205808646,0.056475768898295045,0.6129032258064516,0.2430998736272108,0.16512388059075322,0.4004636801371047,0.045698695453522224,0.5588235294117647,0.19101000665778167,-0.03594481397913497,-0.019014987374510385,0.16977154012207782,0.039480820688022895,30,11,115,39,130,127,62,112,0.01250102541241338,-2
2026,3,Michigan State,Big Ten,https://a.espncdn.com/i/teamlogos/ncaa/500/127.png,3,0.49410588440130926,-2.164869170663346,-0.8724239900400046,-1.2924451806233412,86,79,86,2.6224810314308886,0.1243659913073661,0.10563074336283418,0.6896551724137931,0.35899977521201526,0.09496524401968948,0.09887321722215554,0.12752230921582253,0.45454545454545453,0.14280235307953976,-0.010818450991896229,0.002592972178111185,-0.045059997780562834,-0.001478462326392496,78,91,99,14,128,79,93,63,0.6419629342844724,1
2026,3,East Carolina,American Athletic,https://a.espncdn.com/i/teamlogos/ncaa/500/151.png,3,0.49410588440130926,-2.3193662055869964,-2.716079380235975,0.3967131746489786,87,105,57,0.9832832836477416,0.00984957988725029,0.01187625854711552,0.35,0.018712835256093508,-0.8768813834174225,0.12301503864872337,0.122971506138001,0.42857142857142855,0.090958561261336085,-0.015166904890861225,-0.009100654824642243,-0.05457063490754237,-0.016604693423587096,131,113,125,133,51,86,90,47,0.7500809293710504,2
2026,3,Marshall,Sun Belt,https://a.espncdn.com/i/teamlogos/ncaa/500/276.png,3,0.49410588440130926,-2.373057526181199,2.709032496021639,-5.082090022202838,88,37,125,1.6538158368058742,0.25388821444012044,0.05560123533323606,0.47058823529411764,0.12463044915361542,-0.5639064204544448,0.5181889669318085,0.10368956341251316,0.5757575757575758,0.23140417430283963,-0.016410222195648264,-0.009772977337699712,0.05309528788607771,0.051111496650530545,115,64,117,101,84,135,81,117,0.21469274981326691,-3
2026,3,Oklahoma State,Big 12,https://a.espncdn.com/i/teamlogos/ncaa/500/197.png,3,0.49410588440130926,-2.5850437284281176,-0.7979625941166781,-1.7870811343114392,89,78,94,3.0222360726743,0.11761065403383224,0.10471719561974759,0.6052631578947368,0.24494602735163348,-1.0477912660466753,0.044560695280935786,-0.02237381978311692,0.3142857142857143,-0.057081170033309654,-0.029378772520350958,-0.02551048802536272,-0.018788161560038603,-0.0030363656920239673,64,93,100,45,36,56,41,4,2.5820599600607848,13
2026,3,California,ACC,https://a.espncdn.com/i/teamlogos/ncaa/500/25.png,3,0.49410588440130926,-2.8755704258428683,-0.31809151799061886,-2.5574789078522495,90,70,104,2.1150188777404964,0.160870639905691,-0.017194824463640426,0.5,0.17896867589281706,-0.7368899662778038,-0.14577479630432771,0.20405483263211885,0.47368421052631576,0.1384828138094614,-0.05821916544375237,0.02300544524693965,-0.03153774611170742,-0.03580385517449719,100,84,127,82,67,18,119,71,-0.14249364060988512,-4
2026,3,Utah State,Pac-12,https://a.espncdn.com/i/teamlogos/ncaa/500/328.png,3,0.49410588440130926,-2.919867832180557,-1.9581758840152752,-0.9616919481652817,91,93,78,0.7513843389241477,-0.09459411310080475,-0.20740683934551535,0.2631578947368421,-0.1057045183576901,-1.2570516133990854,0.1635987188020472,0.018624390417130602,0.5142857142857142,0.1637424724409476,-0.10876181061675552,-0.02079126563830625,-0.1215669822576263,-0.0015805250876355379,134,123,138,137,20,92,52,86,0.6907118733885858,0
2026,3,Western Michigan,Mid-American,https://a.espncdn.com/i/teamlogos/ncaa/500/2711.png,3,0.49410588440130926,-2.9612856802875793,-3.86397336887161,0.9026876885840305,92,120,54,2.3520910689989205,0.10433454896327884,0.19688810894326456,0.47058823529411764,0.12161178828382115,0.28877958571684736,0.04846523147919132,0.05826919962789029,0.4,0.041982515421585265,0.02562099592855698,-0.003023135841398975,-0.02213131693533899,-0.0015844811223265501,91,97,60,101,132,58,63,34,1.0302797609678676,0
2026,3,Louisiana Tech,Sun Belt,https://a.espncdn.com/i/teamlogos/ncaa/500/2348.png,3,0.49410588440130926,-3.0120457294764447,-1.9215991884763042,-1.0904465410001405,93,91,83,2.5018492978904883,0.038723705375869166,0.018651541677257494,0.4473684210526316,0.04875581349555993,-1.6890135788551528,0.036758102494804046,0.026059218447629606,0.55,0.168665917917571,-0.03628895083235379,-0.018510529683556116,-0.03707358857150147,-0.023969419218839678,85,109,123,114,5,55,55,105,0.45547598058259053,-3
2026,3,Kennesaw State,Conference USA,https://a.espncdn.com/i/teamlogos/ncaa/500/338.png,3,0.49410588440130926,-3.431286439758601,-1.7161608121187117,-1.7151256276398896,94,89,90,3.3708369074923374,0.08755397123087473,0.26584693725358877,0.47368421052631576,0.12462936666205192,-0.3332720652298683,0.11362580189872612,0.1974061983132776,0.47058823529411764,0.11576003163180512,0.007088370954373148,0.024664410152515467,-0.05087971395222585,0.0022568111280034794,46,100,36,99,104,83,115,69,1.661912037614643,7
2026,3,Sacramento State,Mid-American,https://a.espncdn.com/combiner/i?img=/i/teamlogos/ncaa/500/16.png&h=200&w=200,4,0.3535533905932738,-3.6254072126043133,-2.194650717030478,-1.4307564955738354,95,96,88,1.6551238009022637,-0.010608385919939916,0.04614391157093532,0.36538461538461536,0.013055793160049924,-0.986610338076568,0.27750694992709735,-0.05420001944509799,0.43137254901960786,0.09574970065244166,-0.042549534819033175,-0.033206954274728646,-0.09692091760926357,0.03324835660061903,114,117,118,131,45,113,31,50,1.087689988424517,2
2026,3,Stanford,ACC,https://a.espncdn.com/i/teamlogos/ncaa/500/24.png,3,0.49410588440130926,-3.810420562787532,-3.4854351359290914,-0.32498542685844045,96,118,71,1.9058760156245593,0.05730189966868619,0.08650014536194292,0.4594594594594595,0.13614398879493897,-0.7080524308883966,0.5043453644070046,0.1812567581052641,0.48717948717948717,0.16305444826443669,-0.018435067418088365,0.01380993643970856,-0.0559741525578269,0.05993943909299374,106,105,109,109,72,134,111,78,0.203424204237999,-3
2026,3,Florida International,Conference USA,https://a.espncdn.com/i/teamlogos/ncaa/500/2229.png,3,0.49410588440130926,-3.8120638088014323,-2.029233232974817,-1.7828305758266156,97,94,93,1.2672709169126235,0.09746693264120507,-0.06853006130426442,0.47058823529411764,0.10322280127025278,-1.904103294057263,0.0852719701075283,-0.0974170233696759,0.3870967741935484,0.015159945047673026,-0.05315693612781431,-0.05648953330161532,-0.024798507419102875,-0.01418337431853739,129,99,133,101,3,75,15,30,1.2758498040530517,3
2026,3,Florida Atlantic,American Athletic,https://a.espncdn.com/i/teamlogos/ncaa/500/2226.png,3,0.49410588440130926,-3.9402303353387875,1.8800492703899392,-5.820279605728727,98,46,131,2.2577261623288276,0.18002821223566579,0.009102829831292026,0.5405405405405406,0.16510180173442218,-0.5954986149220819,0.1810323633049359,0.2805397705063193,0.631578947368421,0.2663287223634256,-0.03745382293390273,0.03785915286799957,-0.0018134999940669482,0.004295243295798699,93,80,126,67,80,97,128,127,0.2954447635436317,-4
2026,3,North Carolina,ACC,https://a.espncdn.com/i/teamlogos/ncaa/500/153.png,3,0.49410588440130926,-4.1032075565900215,-3.1814390197596154,-0.921768536830406,99,111,77,1.9137181349697847,0.08626843966525034,0.24777354844177282,0.47058823529411764,0.11927866482999784,0.018170230740959793,-0.04224773122183924,0.1280185070793604,0.3793103448275862,0.02085212692680517,0.026918803160111228,0.018246294364037068,-0.0439571570851905,-0.023069234263410444,105,101,42,101,127,39,94,26,0.5802115805612535,-4
2026,3,Louisiana,Sun Belt,https://a.espncdn.com/i/teamlogos/ncaa/500/309.png,3,0.49410588440130926,-4.178086906147773,-0.4423669579100281,-3.7357199482377452,100,74,114,2.5253961479303766,0.21536330061814224,0.31230337350759757,0.5172413793103449,0.14231899400843728,-1.2203173192147765,0.06678245501227471,-0.036698656111718415,0.40625,0.0446870583086453,0.03577462911069606,-0.027904460658078077,-0.015858223393318445,-0.0037163927020303768,84,69,23,77,22,67,37,38,0.8071364638977956,-2
2026,3,Ohio,Mid-American,https://a.espncdn.com/i/teamlogos/ncaa/500/195.png,3,0.49410588440130926,-4.286233850552736,-3.48319367995603,-0.8030401705967056,101,117,76,2.6200383170664066,0.06560539604226703,0.24539276136515992,0.46875,0.10353436184005839,0.11509484550959011,0.5898740202369217,0.3160235196841891,0.75,0.3860450675857094,0.044592323673083696,0.05015370843573039,-0.004266821813799463,0.0467057240372307,79,104,44,106,129,137,133,136,1.2924736738020792,3
2026,3,Arkansas State,Sun Belt,https://a.espncdn.com/i/teamlogos/ncaa/500/2032.png,3,0.49410588440130926,-4.378690767852604,-2.5642303114908285,-1.8144604563617759,102,102,96,2.822101295997082,-0.07075376752213546,0.30788573808546854,0.46875,0.12666974841644899,-0.42507476383051324,0.4957145049116475,0.10195905220490166,0.5555555555555556,0.21614668196375783,0.03843098157999424,-0.013190077928768558,-0.08078658860164903,0.05134348097532143,72,122,26,106,93,132,79,110,1.2389528621057506,3
2026,3,Delaware,Conference USA,https://a.espncdn.com/i/teamlogos/ncaa/500/48.png,3,0.49410588440130926,-4.535656979370475,0.7988623442530771,-5.334519323623552,103,55,128,3.010259122717729,0.19152407327366952,0.11776672988914634,0.5,0.12764996039843737,-0.7236346352054529,0.10047720310062899,0.10011382136109444,0.4634146341463415,0.10566962514757225,-0.022559417460757396,0.005431919540401997,-0.026713415389383918,0.01184292783119571,67,77,96,82,69,80,77,68,1.6482849250772844,4
2026,3,Boston College,ACC,https://a.espncdn.com/i/teamlogos/ncaa/500/103.png,3,0.49410588440130926,-4.591488419069594,-2.792474138248646,-1.7990142808209482,104,108,95,1.406482912333549,-0.042721699711243476,0.08338774586951703,0.4444444444444444,0.09346063719927462,-0.35686419808441483,0.0772822781046421,0.009910507494251217,0.5,0.1397016985033356,-0.050859685043710114,-0.016443973415945987,-0.10623272542242548,0.012753073642139488,123,119,111,117,99,72,50,79,0.4703100802047837,-5
2026,3,Hawai'i,Mountain West,https://a.espncdn.com/i/teamlogos/ncaa/500/62.png,3,0.49410588440130926,-4.647217138269462,-1.9539479939555677,-2.6932691443138945,105,92,106,1.60507975646454,0.13038521844459663,0.044870475055426205,0.525,0.17748491997404683,-0.7423271745787958,0.06632919889165467,0.2906236567090418,0.475,0.12801401076595342,-0.027227195880828673,0.05174613487207527,-0.03774895817104655,-0.007392502921330422,118,88,119,76,66,65,131,73,0.04122218830862856,-9
2026,3,Eastern Michigan,Mid-American,https://a.espncdn.com/i/teamlogos/ncaa/500/2199.png,4,0.3535533905932738,-4.777863683328658,-2.611788298731448,-2.1660753845972103,106,104,100,1.2915434911030874,-0.1441611070922883,0.07577188311852555,0.26,-0.06791696200155821,-0.8814581404551834,0.23219511448487318,0.17789070568889453,0.45098039215686275,0.11540420741014969,-0.012076752408662673,0.023736425248697537,-0.16538399141796753,0.03199651114983092,128,129,112,138,49,106,110,61,0.4445626464119208,-3
2026,3,Tulsa,American Athletic,https://a.espncdn.com/i/teamlogos/ncaa/500/202.png,3,0.49410588440130926,-4.825251857537885,-3.4583870136510537,-1.3668648438868312,107,116,87,1.4110014070103598,0.014215711635323768,0.29669014937346666,0.47058823529411764,0.11400936303036611,-0.852640261521845,-0.10327965071206996,-0.08518976308808479,0.43243243243243246,0.07957888133552704,0.03273272217932889,-0.023983224993752113,-0.07523173409724833,-0.03990169568275457,122,112,29,101,54,23,20,51,1.6095199707783507,1
2026,3,App State,Sun Belt,https://a.espncdn.com/i/teamlogos/ncaa/500/2026.png,3,0.49410588440130926,-5.0451441211574055,-1.7669433950901183,-3.278200726067287,108,90,112,4.216610054829024,0.5242934097208876,0.0910338922092191,0.65625,0.34479509509109785,-1.0464771803654458,0.03593209777450367,-0.047346199673292164,0.4473684210526316,0.1326258724487495,-0.04171507772392296,-0.021118248492361578,0.11291177037504292,-1.789885418300569e-4,23,17,105,23,37,54,35,58,2.8137039501459773,9
2026,3,South Alabama,Sun Belt,https://a.espncdn.com/i/teamlogos/ncaa/500/6.png,3,0.49410588440130926,-5.276292643572104,0.2461681073204517,-5.522460750892556,109,64,129,3.453018461358931,0.3840444119708437,0.20943841542839628,0.6451612903225806,0.27311181341695795,1.0232335689846044,0.309250040959016,0.19288467247511396,0.45161290322580644,0.07685798080633838,-0.004654531760421947,0.02171011030250681,0.057492399264408994,0.03586777902861942,42,34,54,26,137,117,114,62,0.564520380603228,-3
2026,3,Temple,American Athletic,https://a.espncdn.com/i/teamlogos/ncaa/500/218.png,3,0.49410588440130926,-5.351212092450664,-1.5864222530448995,-3.7647898394057653,110,87,115,3.048207865644076,0.10701005372975264,0.2809365709080547,0.53125,0.1655684915950698,-0.30897108185837263,0.31269795599648137,0.11070319249867462,0.5483870967741935,0.1780782758769727,0.033948165604834074,0.012425102630012206,-0.030151489104292835,0.028459133276334644,62,95,30,71,107,118,83,104,1.7269797262473565,1
2026,3,Troy,Sun Belt,https://a.espncdn.com/i/teamlogos/ncaa/500/2653.png,3,0.49410588440130926,-5.351481878377434,-3.6065837484184344,-1.744898129958999,111,119,92,2.5530118671068527,0.14017457273581693,0.10067025252757965,0.46153846153846156,0.12947097407858413,-1.0700998580349808,0.03343065390464656,-0.07723873585684352,0.3142857142857143,-0.01701238290861201,-0.034239531005335964,-0.023012100192186084,-0.029229804425336733,-0.013825235478867,83,86,102,108,34,53,22,4,1.1396916542742153,-2
2026,3,Central Michigan,Mid-American,https://a.espncdn.com/i/teamlogos/ncaa/500/2117.png,3,0.49410588440130926,-5.718569592350024,-5.30268631858508,-0.4158832737649443,112,130,72,0.7439171190586535,-0.5703777293614438,0.2582354184700441,0.41935483870967744,0.07728618259273703,-1.1915045423515451,-0.055214275130390664,0.2015448103392586,0.6129032258064516,0.2859337203410998,0.023670301681320935,0.03471374133821257,-0.21044519498604247,-0.008986859633873632,135,138,39,122,23,36,117,125,2.1059966238210865,4
2026,3,Nevada,Mountain West,https://a.espncdn.com/i/teamlogos/ncaa/500/2440.png,3,0.49410588440130926,-6.01403492841079,-4.77391625366217,-1.2401186747486197,113,126,84,1.4943528608015881,-0.10704679576364837,0.20639802315916164,0.4411764705882353,0.06772268500598223,-0.6645694109641452,0.1842141158174214,0.07701214874187869,0.5454545454545454,0.1752780192444723,-0.011075967350553132,0.013133410251365345,-0.13719146359594062,0.02530309742123644,121,126,59,118,74,99,71,103,1.3672033088585431,-1
2026,3,UAB,American Athletic,https://a.espncdn.com/i/teamlogos/ncaa/500/5.png,3,0.49410588440130926,-6.292030745413626,-0.2539819847465199,-6.038048760667106,114,68,133,2.9828568833283757,-0.09482427059296525,0.153659293860473,0.5862068965517241,0.22507459630013,-0.4735140619012433,0.06443471589356767,0.14137134335345508,0.5357142857142857,0.16974677049743944,0.005102290327821891,-0.003817361486507393,-0.08234150276286213,-0.01012757867203139,68,124,76,52,92,64,99,97,2.250224668849139,5
2026,3,Wyoming,Mountain West,https://a.espncdn.com/i/teamlogos/ncaa/500/2751.png,3,0.49410588440130926,-6.5468455946139015,-6.5536233021529675,0.006777707539066091,115,134,63,2.3839808240471863,-0.022306612074607702,0.13920940800468762,0.5454545454545454,0.21525900635839268,-1.1016504993133958,0.17455949257724565,0.12743124857296848,0.5161290322580645,0.17652074904434312,-0.01254666877041786,0.0028977443100578135,-0.07096931073897932,0.011227843682287362,90,118,87,64,30,95,92,89,1.2278791505769666,0
2026,3,Northern Illinois,Mountain West,https://a.espncdn.com/i/teamlogos/ncaa/500/2459.png,3,0.49410588440130926,-6.575655738607411,-4.755204262518435,-1.820451476088976,116,125,97,1.7307719312623788,-0.006893751967927606,-0.07538122719508715,0.3333333333333333,-0.033636351081406106,-1.3191257242473373,0.11585714159065325,0.16240628691515172,0.6388888888888888,0.27711137016440507,-0.05799806279947135,0.012837438633575513,-0.07114582646125052,-0.0017411948323716635,113,116,134,134,15,85,107,129,1.5737185955423296,2
2026,3,Western Kentucky,Conference USA,https://a.espncdn.com/i/teamlogos/ncaa/500/98.png,3,0.49410588440130926,-6.595078268387997,-2.7326482871463535,-3.862429981241643,117,106,117,1.176596715594217,-0.15349181986540186,-0.14472094078705594,0.4146341463414634,0.060693521355564765,-0.48679047097952094,0.5588889411989948,0.4160915100130654,0.6153846153846154,0.27427178501062077,-0.056717103332560644,0.054465569034440185,-0.10019955203124163,0.02646676987761729,130,133,136,123,91,136,138,126,0.9590925258586154,-3
2026,3,New Mexico State,Conference USA,https://a.espncdn.com/i/teamlogos/ncaa/500/166.png,3,0.49410588440130926,-6.87261384070514,-3.4303660061714467,-3.442247834533693,118,115,113,2.8614092073639625,0.2745586665612037,0.17618047013356525,0.48717948717948717,0.1323736629087115,-1.1644954839345791,0.14579357088007508,0.0665326747408027,0.5897435897435898,0.22175995981679683,-0.004508602074485161,-0.011751325744490173,0.04554135422762259,0.0026968401930686932,71,58,68,89,25,91,66,120,-0.1709962280181161,-8
2026,3,Colorado State,Pac-12,https://a.espncdn.com/i/teamlogos/ncaa/500/36.png,3,0.49410588440130926,-6.875613225620205,-4.140972143043917,-2.734641082576288,119,121,108,3.0715534454620412,0.2570728176806531,0.26268481168890184,0.6388888888888888,0.3049784091104602,0.7145108602582758,-0.15800435091221846,0.2904740449565068,0.5909090909090909,0.27999314288569105,0.0074307451763244246,0.07265700340221418,-0.03349865507979353,-0.014672233402940498,59,63,37,28,136,15,130,121,0.5168719633153467,-6
2026,3,Coastal Carolina,Sun Belt,https://a.espncdn.com/i/teamlogos/ncaa/500/324.png,3,0.49410588440130926,-6.964146013782188,-0.6911135658986931,-6.273032447883495,120,75,135,2.1960918188769285,0.2145152839412728,0.22405422985667722,0.45,0.1060234513668706,-1.0345616249591802,0.17610054379155363,0.07298171753039147,0.425,0.07399256976650945,0.017648389779457138,-0.013288137750874946,0.01695372250368574,0.0033112144230153665,97,70,49,113,38,96,70,46,1.7432833387775029,0
2026,3,Georgia Southern,Sun Belt,https://a.espncdn.com/i/teamlogos/ncaa/500/290.png,3,0.49410588440130926,-7.1107887648777215,-2.527503008617226,-4.583285756260496,121,101,121,-0.0912717914554858,0.05076303545276,0.13576116898529397,0.5,0.15187383410841723,-1.0274534397254118,0.010140215621799726,-0.0028997215645182877,0.3684210526315789,0.01310678556643996,-0.006302548623313701,-0.021623962093287746,-0.05821379498946261,-0.016628333075491487,138,106,88,82,40,45,47,17,2.03119197116132,1
2026,3,Missouri State,Conference USA,https://a.espncdn.com/i/teamlogos/ncaa/500/2623.png,3,0.49410588440130926,-7.381316106153772,-3.3667311943696414,-4.01458491178413,122,114,118,2.6084333310005774,0.4224242745031377,0.09196945714391815,0.59375,0.2198967469952021,-0.33327797100247886,0.2806171926371593,0.21644780543030803,0.71875,0.34374954056650503,-0.04240428060769811,0.04675502930252654,0.05264792526635565,0.03310103207582194,80,27,104,49,103,114,121,135,1.7525482073992684,-1
2026,3,Oregon State,Pac-12,https://a.espncdn.com/i/teamlogos/ncaa/500/204.png,3,0.49410588440130926,-7.42864601712226,-4.270215653144142,-3.1584303639781184,123,122,111,3.3949580694504164,0.3658273258309801,-0.031277824626711234,0.4878048780487805,0.1413793586366365,-0.2796361729995318,0.2624199092035247,0.15958401627534127,0.5277777777777778,0.15026834639055425,-0.05894176297894308,0.018152314050776944,0.07396479452673026,0.033549339303768896,44,38,129,88,108,110,106,94,2.254142842237135,0
2026,3,Sam Houston,Conference USA,https://a.espncdn.com/i/teamlogos/ncaa/500/2534.png,3,0.49410588440130926,-8.049474540523207,-3.186860678766466,-4.86261386175674,124,112,122,3.567032071583113,0.3560336614727889,0.09410876351705032,0.4594594594594595,0.12097546597998225,-0.8605716947530506,-0.2792302412318589,0.14913284694257478,0.46153846153846156,0.10969525213800704,-0.03333053558238039,0.02634905554441009,0.07345295708611531,-0.052426171944429896,37,43,103,109,52,4,103,66,3.724775614870124,7
2026,3,Georgia State,Sun Belt,https://a.espncdn.com/i/teamlogos/ncaa/500/2247.png,3,0.49410588440130926,-8.345217867527538,-0.797090182020003,-7.548127685507534,125,77,138,3.973641902632512,0.28042927223286057,0.2552422261739542,0.7352941176470589,0.36497515390474183,0.016362413448246547,-0.09860519892479375,0.24111733287300463,0.5,0.13691276553060053,0.03828503283569645,0.02395104182472418,0.046248770581185705,-0.02862723595119911,27,57,40,4,126,25,125,79,2.9347701598833087,2
2026,3,San José State,Mountain West,https://a.espncdn.com/i/teamlogos/ncaa/500/23.png,4,0.3535533905932738,-8.475581798522121,-4.419368506190091,-4.05621329233203,126,123,119,2.412477758616591,0.1933654205139498,0.0185380809008058,0.4339622641509434,0.07571437808874926,-0.9550571071489131,0.07666755638675583,0.1062655869841613,0.4166666666666667,0.06047440992439872,-0.057177606842639894,0.006462037782356874,-0.019254399225019828,-0.008518891667042243,88,76,124,121,46,71,82,43,1.7303743788357018,-2
2026,3,Rice,American Athletic,https://a.espncdn.com/i/teamlogos/ncaa/500/242.png,3,0.49410588440130926,-8.647025007248072,-4.862507665328266,-3.7845173419198064,127,127,116,2.416966895979109,0.0478550062849691,0.146489144500896,0.5333333333333333,0.19123421502071414,-0.5744581705539449,0.0731689828031282,0.13467291493889935,0.5555555555555556,0.20845429596780568,-0.03158849065186242,0.024674975905220605,-0.041311457265739086,-0.00730046487538375,87,108,80,70,83,69,97,110,2.0367409868147774,-2
2026,3,Southern Miss,Sun Belt,https://a.espncdn.com/i/teamlogos/ncaa/500/2572.png,3,0.49410588440130926,-8.879600659090684,-3.0404137722667035,-5.839186886823981,128,110,132,1.775204497411481,-0.16186141742869986,0.2404637007414687,0.3888888888888889,0.04934740015626715,-0.6155225755648983,0.2059898686251118,0.2631799493602317,0.47368421052631576,0.13611691658152086,-0.001526366827113421,0.05696926149279901,-0.18502832209489026,0.019781231174754357,109,134,46,124,78,104,127,71,1.830284569815067,-2
2026,3,Akron,Mid-American,https://a.espncdn.com/i/teamlogos/ncaa/500/2006.png,3,0.49410588440130926,-9.116986271021307,-5.0138043121051385,-4.103181958916169,129,128,120,2.89309291496929,0.06715822693804828,0.17703309531960493,0.45714285714285713,0.1060414459762022,-1.2742393753454406,0.40744493617104127,0.10121578123496898,0.5789473684210527,0.2203821455154211,8.101361721537674e-4,-0.006457883518683834,-0.0554681841475489,0.044129889626372626,70,103,67,111,18,128,78,118,3.0612029620039003,3
2026,3,Bowling Green,Mid-American,https://a.espncdn.com/i/teamlogos/ncaa/500/189.png,3,0.49410588440130926,-9.495663392108538,-6.681259654187042,-2.8144037379214963,130,135,109,0.9234828076029922,0.18716759628566393,-0.20319943264716178,0.3783783783783784,0.023018302046713044,-0.1235839735370735,0.39755128960084746,0.35216740011475794,0.7058823529411765,0.35801699610354654,-0.09816798298295304,0.06367758837398578,-0.009096730608436746,0.028581666102196836,132,78,137,128,119,126,135,134,1.8576123759076264,-2
2026,3,Buffalo,Mid-American,https://a.espncdn.com/i/teamlogos/ncaa/500/2084.png,3,0.49410588440130926,-9.651085584276474,-6.95136725409297,-2.6997183301835044,131,136,107,0.6052874349264632,0.04866734422471473,-0.045605069586546615,0.38636363636363635,0.02245318729184065,-1.0823602239021186,0.3166029019663468,0.060853696343040546,0.5405405405405406,0.17815775372385503,-0.04912785167092595,-0.006877728312697277,-0.06298583761620757,0.03288716794254611,137,107,131,127,32,120,65,100,1.7592106435061776,-2
2026,3,UTEP,Mountain West,https://a.espncdn.com/i/teamlogos/ncaa/500/2638.png,3,0.49410588440130926,-9.825535279996567,-4.50689404467576,-5.318641235320807,132,124,127,1.3478913235772996,-0.15011492366421744,0.10229540203338008,0.3888888888888889,0.034296178892278914,-0.14549822539850282,0.4875755305631882,0.15897177290138623,0.5517241379310345,0.1905294332902438,-0.011983864539346505,0.020323387232656785,-0.09426465331035727,0.04620644298637914,126,132,101,124,117,131,105,107,1.7168406520945556,-2
2026,3,Middle Tennessee,Conference USA,https://a.espncdn.com/i/teamlogos/ncaa/500/2393.png,3,0.49410588440130926,-10.119868153086038,-5.123779133750343,-4.996089019335696,133,129,124,1.7625878268249924,0.2531131398419637,0.2093706919416117,0.6333333333333333,0.2782556681963638,-0.10111207297802544,0.25010887893970135,0.11993410514074804,0.4375,0.08012879584433868,6.006159484491445e-4,0.011013125216998765,0.005861036293550869,0.02682674131494038,110,65,55,34,121,108,87,54,2.415337029553834,0
2026,3,Charlotte,American Athletic,https://a.espncdn.com/i/teamlogos/ncaa/500/2429.png,3,0.49410588440130926,-10.900458004905072,-5.589474633527961,-5.310983371377112,134,131,126,1.7581335433385412,0.015531974974295887,0.057410426555645475,0.48484848484848486,0.12327359517317968,-0.16787002716148822,0.38750654887977937,0.1869865216600608,0.6,0.24992505127261624,-0.03425434981251293,0.012469153573892082,-0.09055782244805057,0.015870446206291928,111,111,114,92,116,125,112,123,2.387033167970536,1
2026,3,UL Monroe,Sun Belt,https://a.espncdn.com/i/teamlogos/ncaa/500/2433.png,3,0.49410588440130926,-11.412714418296332,-5.709328844419054,-5.703385573877279,135,133,130,1.376536846459252,-0.2703190457618929,0.14408898631787814,0.5,0.14374995761493356,-0.34977819889365613,0.34440014466912205,0.3226746732241931,0.65625,0.29314601703127663,0.01206278274381877,0.0466033139861101,-0.220472605018462,0.02103031579282619,124,137,83,82,101,121,134,132,1.613304462113824,-1
2026,3,Kent State,Mid-American,https://a.espncdn.com/i/teamlogos/ncaa/500/2309.png,3,0.49410588440130926,-11.747976165428849,-5.601274976403964,-6.146701189024884,136,132,134,1.5254694127773551,-0.14973721483960595,-0.02369336656943232,0.3055555555555556,-0.05549942488405783,-1.0296115906536545,0.28444162419111185,0.23144912476376206,0.5263157894736842,0.16762450210236288,-0.05628408520895803,0.016080872950595355,-0.11900385335481303,0.01784844543789412,119,131,128,136,39,115,123,91,2.7223019333435623,0
2026,3,Ball State,Mid-American,https://a.espncdn.com/i/teamlogos/ncaa/500/2050.png,3,0.49410588440130926,-12.626842425948382,-7.715088586100234,-4.911753839848148,137,138,123,2.139083521811367,0.02790774132974264,0.15606256892442294,0.5263157894736842,0.17522704721059781,-1.2738209385880097,0.36507022564074904,0.37203447462358136,0.575,0.22925255724237323,0.005451458041091444,0.06872663942028742,-0.05244591884312851,0.03308938284489282,99,110,75,75,19,123,137,116,2.9280115621339373,0
2026,3,Massachusetts,Mid-American,https://a.espncdn.com/i/teamlogos/ncaa/500/113.png,3,0.49410588440130926,-13.665075952490678,-7.0830985085360965,-6.581977443954582,138,137,136,3.0772339383083227,0.3922243371938073,0.3042168672806394,0.48,0.12360410662755458,-1.1285423145282132,0.030522108992790356,-0.2714728840720863,0.4594594594594595,0.10321862053355385,0.01932349563827358,-0.052349247647030826,0.017948017364470523,0.002191235135770232,58,33,28,97,29,51,1,65,4.042136009906521,0
2026,4,Oregon,Big Ten,https://a.espncdn.com/i/teamlogos/ncaa/500/2483.png,4,0.3535533905932738,14.983569717437938,9.97499598776025,5.008573729677687,1,1,10,5.446934280742562,0.41432368193718383,0.27726435710739267,0.6136363636363636,0.23522397136813106,-0.8801300057059013,-0.03757905553209384,0.041052275697262434,0.4807692307692308,0.10175842412713909,0.03959959190841162,-0.025609928566370635,0.11577843922006247,-0.08900592346242103,3,23,28,36,52,36,49,65,-0.5717686737962371,1
2026,4,Notre Dame,FBS Independents,https://a.espncdn.com/i/teamlogos/ncaa/500/87.png,4,0.3535533905932738,13.83747449907301,7.389249586668739,6.448224912404273,2,2,4,3.979051417152132,0.5555402642000824,0.1450954159149186,0.6153846153846154,0.2959705004511189,-1.0746149366627502,-0.035284305961304704,-0.11119312451396061,0.525,0.1878532821635684,-0.006600734750918837,-0.07228372028585482,0.1638436572774944,-0.060953719758264586,30,8,78,34,34,37,12,95,-2.288700711026621,-1
2026,4,Ohio State,Big Ten,https://a.espncdn.com/i/teamlogos/ncaa/500/194.png,4,0.3535533905932738,13.04539664201086,6.2425295166758765,6.802867125334984,3,4,2,4.997141848586903,0.6094886086380424,0.1746897931100351,0.6122448979591837,0.2571906557347155,0.5018167190845185,-0.16439216564725734,0.05605535184910804,0.47058823529411764,0.11970422004936354,0.005597255059034577,0.002625350923889682,0.18950727722526828,-0.09086227653893793,6,4,69,38,134,8,54,53,-2.3523054051872485,0
2026,4,Georgia,SEC,https://a.espncdn.com/i/teamlogos/ncaa/500/61.png,4,0.3535533905932738,10.689227812567122,5.577703008323409,5.111524804243714,4,10,9,4.411785734116603,0.5225470734632104,0.414645949847038,0.5714285714285714,0.21787183193428336,-1.1240234046485922,-0.015199324305972395,-0.22182897404074564,0.5098039215686274,0.14812726760029113,0.07665887277266933,-0.07813762589036916,0.10919703560474764,-0.03056324326969636,15,9,5,50,30,42,1,79,-3.177733337551711,0
2026,4,Indiana,Big Ten,https://a.espncdn.com/i/teamlogos/ncaa/500/84.png,4,0.3535533905932738,10.267138174708247,4.238332031059454,6.028806143648792,5,19,5,4.362891189873122,0.6554924010011237,0.2691621895781972,0.7272727272727273,0.40990189097017066,-0.4631893575336439,-0.006288414997591492,-0.1633269780970143,0.3617021276595745,0.041725908922705245,0.01210023422158757,-0.06738646702800735,0.1267762108161119,-0.024141410169690677,16,2,30,4,95,46,7,12,-2.332055984356554,1
2026,4,Miami,ACC,https://a.espncdn.com/i/teamlogos/ncaa/500/2390.png,4,0.3535533905932738,10.250150335615366,6.987078871041233,3.263071464574133,6,3,23,5.612133980235419,0.8090306072727032,0.28984054777091306,0.6923076923076923,0.3556605251211093,-0.24677868722050983,0.023517499504388154,-0.15680920949634583,0.3541666666666667,0.015488868764066112,0.04519214727446557,-0.059456638233568636,0.27206609432185636,-0.033998917530153265,2,1,24,6,114,54,8,11,0.7623378694301941,6
2026,4,Texas Tech,Big 12,https://a.espncdn.com/i/teamlogos/ncaa/500/2641.png,4,0.3535533905932738,10.122959010730302,4.246064276365323,5.876894734364978,7,18,6,3.444204925228647,0.3356144530785244,0.22834512842501312,0.5208333333333334,0.17392312749039526,-0.9486779137072089,-0.011382773233027143,0.057857585600871723,0.5,0.14779826755403397,0.024152459188843355,0.0010657612899958328,0.04518238200396592,-0.06960953636184994,40,37,45,81,42,44,56,74,-2.668707810135576,-2
2026,4,Alabama,SEC,https://a.espncdn.com/i/teamlogos/ncaa/500/333.png,4,0.3535533905932738,10.114998200362969,5.78548471294125,4.3295134874217185,8,8,12,4.781374235066863,0.4299327780843327,0.2671649471114753,0.6326530612244898,0.2940124132987238,-0.8974395759155275,-0.07438275765540008,-0.07884648729181153,0.38181818181818183,0.0510901629101149,0.04483293336430438,-0.07264270435868243,0.11030997660534621,-0.05206070865785117,11,22,31,23,50,24,19,20,-0.33523032821638665,2
2026,4,Penn State,Big Ten,https://a.espncdn.com/i/teamlogos/ncaa/500/213.png,4,0.3535533905932738,9.227194577310042,3.5231155830702505,5.704078994239792,9,22,7,2.8893466675951327,0.39100587351896643,0.12322648126041819,0.5227272727272727,0.1610539521671844,-0.5766611030459252,-0.2409966458821203,0.11147829384697659,0.30612244897959184,-0.05633224094129152,-0.016265307880391773,0.017611192852072105,0.042893213727396476,-0.09228788572828685,64,29,88,76,85,3,84,3,-3.2418427187651186,-2
2026,4,Texas,SEC,https://a.espncdn.com/i/teamlogos/ncaa/500/251.png,4,0.3535533905932738,8.703965648141416,3.2007895571286515,5.503176091012765,10,27,8,2.822062644176674,0.2145850502266505,0.08993573014422412,0.5454545454545454,0.19989156332852315,-0.6701813111646129,-0.07584888380013308,-0.024761759140660033,0.3673469387755102,0.028657038438765135,-0.0356341646653599,-0.05580169546271042,0.008885615455041396,-0.09814417244122484,70,65,104,65,71,23,31,13,-1.7482336442189528,-1
2026,4,Ole Miss,SEC,https://a.espncdn.com/i/teamlogos/ncaa/500/145.png,4,0.3535533905932738,8.625068516144369,5.5379811896955164,3.0870873264488523,11,11,24,3.1340264262499247,0.30503576332667504,0.31883035843615376,0.6041666666666666,0.24449088354612444,-0.20694354136701523,0.3018953141395375,0.20636115511340392,0.5957446808510638,0.22301463564299542,0.07045915810917985,0.03496434579651189,0.07611276731805036,0.04102826999080871,54,45,17,41,116,121,117,122,-3.1851227651100036,-3
2026,4,SMU,ACC,https://a.espncdn.com/i/teamlogos/ncaa/500/2567.png,4,0.3535533905932738,8.461576893127793,5.950745395879679,2.5108314972481147,12,7,31,4.7382874164388005,0.5010922638602658,0.028686049120803296,0.6595744680851063,0.2922184597676422,-0.4163771125223045,0.004637623535654439,0.06532245992841995,0.4807692307692308,0.1291525417836503,-0.055480316116159244,-0.013586601896879949,0.12027460863773162,-0.026790048937285357,12,11,122,11,99,50,60,65,-0.12121802081859379,4
2026,4,Michigan,Big Ten,https://a.espncdn.com/i/teamlogos/ncaa/500/130.png,4,0.3535533905932738,7.665266390661984,3.0417872913754893,4.623479099286494,13,30,11,3.2176802254232246,0.37532031677950195,0.05731396304758755,0.5111111111111111,0.15546938672663013,-1.1697766554566948,-0.12150476897043226,-0.07388471713829628,0.4090909090909091,0.056163984030172226,-0.0443229685815452,-0.05056390880242857,0.060719760014421975,-0.03553542293329512,49,31,114,86,23,16,20,30,-1.4052461629020936,1
2026,4,BYU,Big 12,https://a.espncdn.com/i/teamlogos/ncaa/500/252.png,3,0.49410588440130926,7.579473447833495,3.2642226998399657,4.315250747993529,14,24,13,4.792433363265094,0.37967836376174047,0.4785367682318138,0.5757575757575758,0.25829306342496977,-0.7637817834004044,-0.0568744321993214,-0.006683092185964949,0.47058823529411764,0.13396809323366662,0.09164453512018172,-0.022460197575640346,0.037929099784160314,-0.042895840668090095,10,30,2,49,62,28,38,53,0.41977659881684115,6
2026,4,Utah,Big 12,https://a.espncdn.com/i/teamlogos/ncaa/500/254.png,4,0.3535533905932738,7.1528001028877775,3.3226217556405557,3.8301783472472213,15,23,19,3.6966618649432283,0.39669626396950347,0.29437830586852026,0.6444444444444445,0.27665407841919865,-0.7186120833758992,-0.08515347834391333,-0.09183848354135428,0.40425531914893614,0.039763513330499115,0.03550764611541347,-0.044546780652127596,0.07831223462303552,-0.04443352753961583,34,28,21,17,66,22,16,27,-1.5230071955035847,0
2026,4,Oklahoma,SEC,https://a.espncdn.com/i/teamlogos/ncaa/500/201.png,4,0.3535533905932738,6.947464882843558,-0.11569161593156485,7.063156498775123,16,69,1,1.7793497390950663,0.12922356530066317,-0.052376100930809834,0.38636363636363635,0.04223900763275594,-1.7062402465464455,-0.2063376392973841,0.038615507591109675,0.38636363636363635,0.02048085245656576,-0.06631825405796352,-0.03225171616446449,0.00363719164652871,-0.08869431332397565,112,85,136,133,3,5,47,22,-1.2845322654153541,1
2026,4,Texas A&M,SEC,https://a.espncdn.com/i/teamlogos/ncaa/500/245.png,4,0.3535533905932738,6.232318580659603,2.247416585690898,3.9849019949687055,17,40,18,2.0193286136421285,-0.04533516686476159,0.1339038392877925,0.5116279069767442,0.13577995751680735,-0.6344523750977897,0.15492042291862562,0.04660509993196793,0.3877551020408163,0.03087809267888259,-0.012285143313999753,-0.019029255025789216,-0.11751564362146924,0.020208903201783448,102,123,83,85,79,87,50,23,-3.4419783364703793,-6
2026,4,USC,Big Ten,https://a.espncdn.com/i/teamlogos/ncaa/500/30.png,5,0.22963966338592295,6.205992528369548,5.405916681644192,0.8000758467253565,18,13,54,4.18880532321773,0.5017025575431221,0.13974936691630735,0.7777777777777778,0.4073688283618277,-0.2549715787874913,0.3879299230126017,0.09009695115647358,0.5098039215686274,0.14335482701530808,-0.001107074309544227,0.007139288263524606,0.17768270432106312,0.09149102640469345,21,10,82,1,112,131,72,79,-1.4076576610528315,0
2026,4,Florida,SEC,https://a.espncdn.com/i/teamlogos/ncaa/500/57.png,4,0.3535533905932738,6.17023197657049,3.1612405516881417,3.0089914248823475,19,28,26,5.275523833588881,0.5579328906570848,0.34086061565749337,0.7346938775510204,0.3737208721738945,-0.47775835175264936,0.017657647529859263,0.15624744564309184,0.42857142857142855,0.055833394369105026,0.07798116043181859,0.027089955886727978,0.11208882779841542,-0.019725056401807956,5,7,13,3,93,52,102,41,0.645907442401624,6
2026,4,Nebraska,Big Ten,https://a.espncdn.com/i/teamlogos/ncaa/500/158.png,4,0.3535533905932738,6.107544124058624,2.570574920298533,3.5369692037600906,20,33,20,4.28033727632598,0.4965527670748584,0.3593514496864525,0.675,0.32050573511813174,-0.9087604667774642,-0.18657274358598136,0.05234705714802245,0.42857142857142855,0.0663376962460714,0.05344238378020574,0.007390216599928142,0.10811422861734865,-0.06585754317555949,17,12,10,9,48,6,53,41,-0.45539576126694303,1
2026,4,Pittsburgh,ACC,https://a.espncdn.com/i/teamlogos/ncaa/500/221.png,4,0.3535533905932738,5.813192580263068,4.421807934210588,1.3913846460524795,21,17,44,4.0924530219241415,0.4773039119845496,0.11746853367603774,0.64,0.28602605166073564,-1.4408092325222792,-0.02960484419096972,-0.13218593612237564,0.43137254901960786,0.07933689086028378,-0.029825024968758575,-0.048634131002688256,0.09063160156059766,-0.019632449019672506,25,17,90,20,10,39,9,43,1.6195100528889101,13
2026,4,LSU,SEC,https://a.espncdn.com/i/teamlogos/ncaa/500/99.png,4,0.3535533905932738,5.704319681206494,-0.8523735304454872,6.556693211651981,22,79,3,2.5891062863750927,0.29093110460575505,0.1867165348136923,0.625,0.2510947177278621,-1.7376302137129185,-0.24080988030365186,-0.06844201187319669,0.2857142857142857,-0.0697535812372418,0.013699172549247051,-0.048482287470961144,0.05447428016543642,-0.11534288581614431,80,49,63,30,2,4,21,2,-1.8778709353018295,-3
2026,4,Houston,Big 12,https://a.espncdn.com/i/teamlogos/ncaa/500/248.png,4,0.3535533905932738,5.532223130503189,6.0593085255440045,-0.5270853950408155,23,6,76,6.12603490630739,0.6272577884278894,0.35574508288153045,0.775,0.40229539928555413,-0.417939704698278,0.23481096776153687,-0.020801021397992822,0.5192307692307693,0.1689090130258648,0.08813004077901558,-0.0314879454254316,0.21086831073483642,0.03058171816991505,1,3,11,2,98,105,32,87,2.267335868598507,18
2026,4,Tennessee,SEC,https://a.espncdn.com/i/teamlogos/ncaa/500/2633.png,4,0.3535533905932738,5.290740254181154,4.48858453529811,0.8021557188830442,24,15,53,2.4782827630867126,0.1409643991310108,0.3786256746019147,0.5416666666666666,0.21879561387865615,-0.5189149504397441,-0.14227252276249067,0.10859641871652939,0.40384615384615385,0.08001824878446354,0.08420656710206115,0.01806466523299315,-0.06013519835254865,-0.05569176683855519,83,79,7,68,90,11,81,26,-4.185830757820392,-11
2026,4,Missouri,SEC,https://a.espncdn.com/i/teamlogos/ncaa/500/142.png,4,0.3535533905932738,5.237296179321796,3.2404270347008803,1.996869144620916,25,25,38,3.043911979732766,0.4040839659368973,0.12736104129933035,0.5555555555555556,0.18837367357497695,-1.085566169956953,0.025049579890239152,0.09134471693687642,0.42,0.06368851500829731,-0.00871658334894738,-0.008170470209458458,0.09541193868191399,-0.03651841581280251,57,26,85,56,32,56,73,36,-0.43968805229450947,-1
2026,4,Cincinnati,Big 12,https://a.espncdn.com/i/teamlogos/ncaa/500/2132.png,4,0.3535533905932738,5.1661971237747615,4.637036521895312,0.5291606018794492,26,14,56,5.291587070173839,0.3709697837307405,0.3649841904594049,0.627906976744186,0.2664811867256101,-0.31109115378655144,0.07186796237201876,0.1971133287107521,0.5319148936170213,0.16986662146040485,0.06415766561573075,0.05489724576287989,0.03137547413435543,0.019037190924858602,4,32,9,28,110,67,114,100,0.748033178990859,4
2026,4,South Florida,American Athletic,https://a.espncdn.com/i/teamlogos/ncaa/500/58.png,4,0.3535533905932738,4.521234510602573,5.643830950761808,-1.1225964401592345,27,9,88,4.480413003779049,0.13205235989655548,0.3554419886842657,0.45,0.08171249622663711,-0.7926037403637931,0.12274307562506888,-0.11626617738039126,0.4146341463414634,0.05577188939547483,0.07846132376693336,-0.08504636380120009,-0.054975966810495935,0.025794391192367993,14,83,12,114,59,82,10,32,0.6125369045697528,9
2026,4,Air Force,Mountain West,https://a.espncdn.com/i/teamlogos/ncaa/500/2005.png,3,0.49410588440130926,4.48928781864084,3.0675026823913814,1.4217851362494587,28,29,43,3.207838309084446,0.19607808575884186,0.3356429142271722,0.6129032258064516,0.27597323021431963,-1.388802694137604,-0.08982325652301923,0.13527775228937788,0.4482758620689655,0.10654655916408123,0.06758913199511975,0.037945321467913046,0.0062133905297950395,-0.028154475745150422,50,69,14,37,12,20,96,47,-0.576243919660266,0
2026,4,Arizona,Big 12,https://a.espncdn.com/i/teamlogos/ncaa/500/12.png,4,0.3535533905932738,4.481472433755688,2.2371062264014285,2.24436620735426,29,41,35,3.1699979492664188,0.255024690702661,0.252748393724554,0.5227272727272727,0.17240373661232458,-1.1330110208276647,-0.006821602002251382,0.07302218416489928,0.4222222222222222,0.066710969788901,0.03418811495522791,-0.012975113423924512,0.04162611501355998,-0.018553085483234227,52,55,36,76,28,45,65,39,0.3406155980116514,6
2026,4,Mississippi State,SEC,https://a.espncdn.com/i/teamlogos/ncaa/500/344.png,4,0.3535533905932738,4.3918796162887634,4.475156590068644,-0.08327697377988064,30,16,67,4.9170550307043115,0.4888430430494179,0.33051234084700754,0.6458333333333334,0.30353816132675393,-0.9210570272324523,0.06717038110495137,-0.0077761184503230855,0.4791666666666667,0.1252022221928284,0.07790057252809653,-0.047133740954337915,0.1310040432109735,-0.024193351173127698,8,14,15,16,45,66,37,60,1.5760591760633447,12
2026,4,Iowa,Big Ten,https://a.espncdn.com/i/teamlogos/ncaa/500/2294.png,4,0.3535533905932738,4.3681037677781855,0.8968863936862557,3.4712173740919297,31,55,21,2.669390842151607,0.1601307996464752,0.23200822844265204,0.5416666666666666,0.1576234164233303,-1.279287068951906,0.03589163036867367,-0.2057104474403249,0.23636363636363636,-0.12382729050857887,0.016638930573170053,-0.09233684115292741,-0.013814377653689754,0.0028550224441489655,78,75,44,68,17,59,2,1,-1.5381937378369344,-8
2026,4,Kansas State,Big 12,https://a.espncdn.com/i/teamlogos/ncaa/500/2306.png,4,0.3535533905932738,4.231475583759141,3.2031766421912247,1.0282989415679165,32,26,51,2.762334791866683,0.2708659206418169,0.40288313647371243,0.6444444444444445,0.27451810578654434,-0.767853628200813,-0.12948369701042842,0.12515438720440444,0.4222222222222222,0.04778540892874642,0.08389616400919156,0.02508581366439223,0.018684363781260302,-0.027431114778384606,73,51,6,17,61,15,90,39,-0.8671649412086406,-5
2026,4,Louisville,ACC,https://a.espncdn.com/i/teamlogos/ncaa/500/97.png,4,0.3535533905932738,3.9913850816827603,2.7669303721983867,1.2244547094843736,33,31,48,4.715934277531725,0.48671667209206926,0.23662166958634154,0.5555555555555556,0.19582097555983752,-0.3802906534300338,0.26533372086873747,0.056202767926183284,0.5370370370370371,0.16904709077355584,0.012530574616076266,-0.0023784746044583052,0.09134419398534252,0.05161063557943039,13,15,43,56,102,114,55,103,-0.23894132011142322,-1
2026,4,South Carolina,SEC,https://a.espncdn.com/i/teamlogos/ncaa/500/2579.png,4,0.3535533905932738,3.923639647243546,0.8825603769771871,3.041079270266359,34,56,25,2.9021381835797064,0.10877684302643119,0.36888120239277483,0.6041666666666666,0.2827123328731163,-1.1244556268925878,0.387063970244581,-0.051788437959461725,0.42,0.08666261496329662,0.08558237130076282,-0.043062789601752534,-0.06351566705846438,0.09906035429391508,63,92,8,41,29,130,24,36,-1.45422614697156,-8
2026,4,Memphis,American Athletic,https://a.espncdn.com/i/teamlogos/ncaa/500/235.png,4,0.3535533905932738,3.9141933267714575,4.054983532785757,-0.1407902060142992,35,21,68,4.793195943746166,0.44809530673457965,0.2209537899139051,0.6470588235294118,0.29342276622727553,0.6765894107549734,0.07927892600127152,0.2897168242052636,0.5,0.14321474417697155,0.015248769633997534,0.06733764453215736,0.09634576534259873,-0.0024686188437507183,9,20,50,15,135,71,131,74,0.544529977449157,4
2026,4,North Texas,American Athletic,https://a.espncdn.com/i/teamlogos/ncaa/500/249.png,4,0.3535533905932738,3.7621124677876954,5.429693649231675,-1.6675811814439796,36,12,100,4.92911371675789,0.46684021103598167,0.1972682455188533,0.6808510638297872,0.3243257011095936,0.2207826454179596,0.30108956465614306,0.07606392257392089,0.6,0.237871094319916,0.027412335537595256,-0.004667575512431674,0.1425851769498449,0.04084930431611408,7,18,57,7,132,120,66,123,1.3033808790533072,8
2026,4,Vanderbilt,SEC,https://a.espncdn.com/i/teamlogos/ncaa/500/238.png,4,0.3535533905932738,3.646183193946044,2.350140442191294,1.2960427517547501,37,37,46,2.623004960936759,0.13784062604082542,0.21815508983043774,0.4782608695652174,0.11362059724696613,-1.4341470875717282,-0.052903258987809676,0.11963983176776685,0.40816326530612246,0.04996568817128166,0.017843775840538124,0.004889712909109633,-0.05226097147731377,-0.028952449019502103,79,80,51,104,11,31,87,29,-0.8320205242154044,-8
2026,4,Arizona State,Big 12,https://a.espncdn.com/i/teamlogos/ncaa/500/9.png,3,0.49410588440130926,3.2631193118299775,-0.7548698933086702,4.017989205138647,38,76,16,1.803184341630625,0.12425430345423272,0.16370076652384463,0.5128205128205128,0.13537971743191202,-0.6220368102320883,0.053835988074167285,0.017007511805086476,0.38461538461538464,0.008687523454463194,-0.003252156224494809,-0.01940429006124953,-0.054081023191017395,0.001178845581826239,111,87,71,83,81,63,41,21,-0.41624720094307266,0
2026,4,Washington,Big Ten,https://a.espncdn.com/i/teamlogos/ncaa/500/264.png,4,0.3535533905932738,2.9901596770766066,-0.0030170025442797233,2.9931766796208863,39,67,27,1.8796812324795147,0.23891054056365285,0.06777669610767227,0.46808510638297873,0.10785171928743657,-1.4480775775786405,-0.09030029180248542,-0.18224394571051405,0.37735849056603776,0.02095156617778169,-0.04737056873836539,-0.06457424363605184,-0.018111172326768888,-0.005552621365582814,109,59,109,108,9,19,3,18,-3.055337004733877,-17
2026,4,Virginia,ACC,https://a.espncdn.com/i/teamlogos/ncaa/500/258.png,4,0.3535533905932738,2.892641832776644,0.4680096449541734,2.4246321878224704,40,59,33,2.883579420541852,0.4821046593466587,0.18569983311874522,0.5106382978723404,0.17778839395984572,-0.7455916583291188,-0.2563996834509573,-0.008842479163489696,0.3137254901960784,-0.022132731061460378,-0.011816709962731669,-0.025295482078390864,0.08659484992613509,-0.07168301971374368,66,16,66,87,65,1,36,4,-1.3655861540069592,-9
2026,4,UCF,Big 12,https://a.espncdn.com/i/teamlogos/ncaa/500/2116.png,4,0.3535533905932738,2.808235473861469,-0.6434582577970123,3.451693731658481,41,75,22,3.5372357380196977,0.005466238296986275,0.30001222781286846,0.5238095238095238,0.1500517947594346,-1.1762369469552583,0.025031938920916923,-0.10667989075074867,0.4444444444444444,0.0780220384298923,0.02949015628124354,-0.057563010169355035,-0.06819996570139006,-0.036242973857104246,37,112,19,75,22,55,13,45,0.4266003817737931,4
2026,4,Liberty,Conference USA,https://a.espncdn.com/i/teamlogos/ncaa/500/2335.png,4,0.3535533905932738,2.5105126920703547,2.319952869708202,0.19055982236215263,42,39,60,4.058656051130154,0.2993305710373444,0.1871494389049609,0.6382978723404256,0.2924928060020519,-0.6888215193820848,-0.02769923964776654,0.11460953916998054,0.52,0.18191858302515793,0.01562810977464319,0.009973137413094345,0.04429256778033536,-0.032931081589923666,27,47,62,21,68,40,86,88,2.2887745368215655,27
2026,4,Auburn,SEC,https://a.espncdn.com/i/teamlogos/ncaa/500/2.png,4,0.3535533905932738,2.469302968596363,-1.5396041594981311,4.008907128094494,43,88,17,1.6411041260256503,0.11102974949543115,0.22287446977700517,0.4791666666666667,0.1190556102455256,-1.254331679507624,0.09174421421899147,0.04049418467616251,0.52,0.15655413866200255,0.021948828800539978,-0.023374614901552133,-0.04259141347315539,0.008642529957668278,114,91,48,101,19,74,48,88,-1.7586361009504152,-10
2026,4,James Madison,Sun Belt,https://a.espncdn.com/i/teamlogos/ncaa/500/256.png,4,0.3535533905932738,2.4224227954720368,2.4706877894051327,-0.04826499393309569,44,35,66,2.7978541704385074,0.36839479908788,0.2807907342746812,0.6304347826086957,0.2661067255948743,-1.1957692240627724,-0.14675897771888677,-0.08536985115935414,0.41509433962264153,0.04198503687759582,0.0640089985346733,-0.05181875601014846,0.0843572121838517,-0.07136904181691463,71,34,27,26,20,10,18,33,-0.9303170945008326,-4
2026,4,Kentucky,SEC,https://a.espncdn.com/i/teamlogos/ncaa/500/96.png,4,0.3535533905932738,2.3966494303326877,0.7033158510663393,1.6933335792663486,45,57,41,4.034367902070735,0.25971548659490173,0.3040942875166252,0.5319148936170213,0.17111616947905472,-0.3363543310685034,-0.08676079312408604,0.18870513318140072,0.5581395348837209,0.17980163695392706,0.05573321063887404,0.0398521367248179,-7.201109633393706e-4,-0.057540314098603364,28,53,18,71,108,21,112,114,1.163359893185387,15
2026,4,Army,American Athletic,https://a.espncdn.com/i/teamlogos/ncaa/500/349.png,3,0.49410588440130926,2.3537219032044554,0.2253536534593934,2.128368249745062,46,63,36,4.103300362719543,0.12075728186784071,0.4516804309690068,0.6785714285714286,0.31813591717676654,1.1141519447601755,0.236832601153062,0.1583895840638134,0.53125,0.17818292811569578,0.11766295714478352,0.020058148414924967,-0.025648266272819423,0.046486928914218136,24,89,4,8,137,107,104,99,0.1754346725800202,3
2026,4,Kansas,Big 12,https://a.espncdn.com/i/teamlogos/ncaa/500/2305.png,3,0.49410588440130926,2.3382795887208694,1.078411555122116,1.259868033598753,47,52,47,3.3515051330617833,0.20859432304175274,0.2075820919974586,0.5641025641025641,0.20392154658557055,-1.6760503589820313,0.2751188106198202,-0.06802809012961418,0.5277777777777778,0.16055190367632563,-0.00352216990600619,-0.03738878796634098,-0.019700555858581197,0.04303712319594399,45,66,53,53,5,116,22,97,0.054200901666416,-1
2026,4,Boise State,Pac-12,https://a.espncdn.com/i/teamlogos/ncaa/500/68.png,4,0.3535533905932738,2.213492596999722,2.008100686657561,0.20539191034216125,48,43,59,3.664498367302984,0.3350131167722725,0.24818780462142212,0.5102040816326531,0.1700636594303786,0.011353873178769831,0.10451178958029718,0.016618214674599202,0.5227272727272727,0.16505113701151922,0.029548332812570934,-0.026816735429979886,0.06737307464754884,-0.015179633020804665,35,38,38,89,126,79,40,94,0.6494022404370345,6
2026,4,Colorado,Big 12,https://a.espncdn.com/i/teamlogos/ncaa/500/38.png,4,0.3535533905932738,2.0980715725937107,0.3186587614149077,1.779412811178803,49,62,40,2.352868619195425,0.10697208695026009,0.041251116538155636,0.3958333333333333,0.039623926180911796,-1.0233010392792652,0.09306900570661275,-0.055745168994689065,0.48,0.10200337098713422,-0.042373192888565864,-0.07002638450423733,-0.029769731886851912,-0.0011480861817323323,89,94,116,129,37,75,23,64,0.2136540265748479,2
2026,4,Clemson,ACC,https://a.espncdn.com/i/teamlogos/ncaa/500/228.png,4,0.3535533905932738,1.8811169763217714,-2.3041356487622027,4.185252625083974,50,98,15,0.8906146561294045,-0.04950907690899267,0.13311474187957076,0.32653061224489793,-0.022916141396331947,-1.3009431509992053,-0.0682401452933974,0.20317462970651148,0.54,0.1925449831851297,0.00876869053420227,0.024518469274848034,-0.07727990739321947,-0.08045050124572876,137,125,84,137,16,26,116,105,-1.9273171288056963,-13
2026,4,NC State,ACC,https://a.espncdn.com/i/teamlogos/ncaa/500/152.png,4,0.3535533905932738,1.817171257139071,4.131363397560701,-2.31419214042163,51,20,107,3.9807296404432955,0.17915150830788948,0.32895905355635197,0.5283018867924528,0.17501324967707138,-0.23502540655621626,0.17745187628628895,0.1750942075302011,0.54,0.17643802063368705,0.06746277914736533,0.027946845489509476,0.012100466196030482,0.017643568627091995,29,72,16,74,115,94,109,105,0.563607550860898,8
2026,4,Florida State,ACC,https://a.espncdn.com/i/teamlogos/ncaa/500/52.png,4,0.3535533905932738,1.776564080440509,2.3602113416172927,-0.5836472611767838,52,36,78,3.449545010147915,0.24771516700555465,0.22404399930902924,0.6086956521739131,0.2643742735332318,-0.42503986688929773,0.29592248142777305,0.13214744681872626,0.6382978723404256,0.29058830642274397,0.024864637617733696,0.036577058152405355,0.01959452312345627,0.057445625996204445,38,56,47,40,97,118,95,133,-0.4244629383116769,-4
2026,4,Toledo,Mid-American,https://a.espncdn.com/i/teamlogos/ncaa/500/2649.png,4,0.3535533905932738,1.7535032963656196,-0.7649110571629201,2.5184143535285397,53,77,30,4.25066215447932,0.44023701744353155,0.10593780043559356,0.5833333333333334,0.21817474001892945,-1.0945977621247291,0.11694718745940598,-0.09070131500261175,0.4791666666666667,0.1108669939991539,-0.046055814470779464,-0.07532470074332062,0.0759232093576933,0.04129393337842686,19,21,95,47,31,81,17,60,1.753077201300891,17
2026,4,UCLA,Big Ten,https://a.espncdn.com/i/teamlogos/ncaa/500/26.png,4,0.3535533905932738,1.7464161040405715,2.1320646954801967,-0.3856485914396252,54,42,72,3.3835161654320203,0.07678409479392213,0.4838056806054884,0.6521739130434783,0.30229026262858527,-1.0810856426881474,-0.16053142680365134,-0.09492248835868121,0.37037037037037035,0.04656147457781361,0.1492624038059549,-0.06562091705281428,-0.04377402068077539,-0.10670820367733275,43,101,1,12,33,9,15,15,-0.051349105256008665,-2
2026,4,Iowa State,Big 12,https://a.espncdn.com/i/teamlogos/ncaa/500/66.png,4,0.3535533905932738,1.6909748273895029,-0.7926955832055076,2.4836704105950105,55,78,32,2.3242596789797907,0.15973864024045964,0.1089478915466515,0.5,0.16033565438034178,-0.9133347859375506,0.0022292767638276696,0.019671038401192116,0.37254901960784315,0.022214291496503315,-0.03237455708791246,-4.944139460251359e-4,-0.027531946782169154,-0.012934003049025929,91,76,93,91,46,49,43,16,-0.9692022828916436,-12
2026,4,Duke,ACC,https://a.espncdn.com/i/teamlogos/ncaa/500/150.png,4,0.3535533905932738,1.6108037522487022,2.5949586547871535,-0.9841549025384513,56,32,84,3.585981152735432,0.40866187542100396,0.2876909715735057,0.627906976744186,0.2838778099105554,-0.6592381528220065,-0.0021797639692908532,-0.16923307239840885,0.3137254901960784,-0.02248426503373988,0.03939673043320668,-0.0757679395126049,0.07845467287228544,-0.022197623376609067,36,25,25,28,73,47,5,4,0.2505124640357397,1
2026,4,Navy,American Athletic,https://a.espncdn.com/i/teamlogos/ncaa/500/2426.png,3,0.49410588440130926,1.579381306123344,1.531056808294442,0.04832449782890191,57,49,64,4.169000515028996,-0.3763147573068902,0.4698202699146048,0.6176470588235294,0.24561903468031754,-0.7833359875513284,0.4199849064561364,-0.015334354457067628,0.5454545454545454,0.16386104484974456,0.11816366377234797,-0.036911853286571365,-0.12378524679128593,0.0618827709901142,22,138,3,33,60,134,33,109,-0.051692321252019946,-4
2026,4,Oklahoma State,Big 12,https://a.espncdn.com/i/teamlogos/ncaa/500/197.png,4,0.3535533905932738,1.4747188979630175,2.349483284917445,-0.8747643869544275,58,38,80,4.269030716271825,0.2468607345151002,0.11387311906509136,0.6326530612244898,0.271079494510138,-0.6299138771618336,-0.13828828663902887,0.08551352223815183,0.3695652173913043,8.5348656687332e-4,-0.017138869063444494,-0.014863949080220172,0.06867488796058674,-0.08246445521714052,18,57,91,23,80,13,69,14,4.0597626263911355,31
2026,4,Wisconsin,Big Ten,https://a.espncdn.com/i/teamlogos/ncaa/500/275.png,4,0.3535533905932738,1.3724099054214882,-2.942512820851335,4.314922726272823,59,107,14,2.032659905004135,0.11161258800794727,0.18576007496950567,0.5581395348837209,0.20641572056463367,-0.5908666341492432,-0.05381627097303312,0.05107054871735988,0.32558139534883723,-0.025313329394828353,0.012238025474675484,-0.0026059347969224606,-0.02727224814758723,-0.05911044697936302,101,90,65,55,84,30,52,7,-0.7011058125061256,-9
2026,4,UTSA,American Athletic,https://a.espncdn.com/i/teamlogos/ncaa/500/2636.png,4,0.3535533905932738,1.1855464394397652,2.494065678065197,-1.3085192386254316,60,34,95,2.9113007032409617,0.2944593501305,0.24831840571007993,0.52,0.1452234379085898,-0.3737389986853273,0.0013206242172377524,0.2507008306214774,0.6,0.2311532972053499,0.02704454279165636,0.06421404926164792,0.04461448645509524,-0.03469945243081369,62,48,37,82,104,48,126,123,0.36647355615502497,3
2026,4,Wake Forest,ACC,https://a.espncdn.com/i/teamlogos/ncaa/500/154.png,4,0.3535533905932738,0.9864406440679625,-0.9448229533566077,1.9312635974245702,61,81,39,3.1996000185791775,0.39966281784547625,0.15626678399965444,0.5531914893617021,0.2120795735499209,-0.6577776637795565,0.25167182404250327,0.0830119601549361,0.5217391304347826,0.18325049682211564,0.005859493875926394,-0.022587807053665268,0.07407135011136143,-0.006483639311693049,51,27,74,60,74,110,68,93,1.0453651963818875,12
2026,4,Northwestern,Big Ten,https://a.espncdn.com/i/teamlogos/ncaa/500/77.png,3,0.49410588440130926,0.9609009057883273,-1.6325199545174158,2.593420860305743,62,91,29,3.373457978059775,0.48933574151942716,0.19461648989664174,0.5882352941176471,0.24781256897482193,0.2286767635543717,0.03452793009148375,0.11193485737684247,0.5454545454545454,0.20959242460355,0.014454629801534934,0.021875470303318226,0.10709852859382832,-0.009932936925784761,44,13,58,45,133,58,85,109,-0.20453617415143,-1
2026,4,Georgia Tech,ACC,https://a.espncdn.com/i/teamlogos/ncaa/500/59.png,4,0.3535533905932738,0.922006823327211,1.4000838499356514,-0.47807702660844037,63,50,74,3.8724821022320146,0.13382440690478858,0.15735414118281385,0.5869565217391305,0.23533562767071606,-0.6368443967305596,0.30277414077672316,0.12547925706900057,0.5121951219512195,0.16721446526901632,-0.010380504256275043,0.02990788538293444,-0.04039765152364647,0.06655678381570405,31,81,73,46,78,122,91,85,0.5017311377312499,3
2026,4,Texas State,Pac-12,https://a.espncdn.com/i/teamlogos/ncaa/500/326.png,4,0.3535533905932738,0.806618820213453,6.138390263969986,-5.331771443756533,64,5,135,4.213313552948922,0.5681740638914843,0.19818401319740317,0.6122448979591837,0.25186031187190705,-0.3913497099224177,0.3201801656285898,-0.013378680190756317,0.6666666666666666,0.29748001678575037,0.0022110565042743925,-0.03339975623196766,0.16889227705368773,0.08945357047912411,20,5,56,38,100,125,34,136,1.3494696166570295,12
2026,4,UConn,FBS Independents,https://a.espncdn.com/i/teamlogos/ncaa/500/41.png,4,0.3535533905932738,0.3243257758083493,1.8880406586732577,-1.5637148828649083,65,45,96,2.936038508538289,0.3019020305599956,0.24514277032382434,0.4791666666666667,0.12304302254818099,-0.6429503318807605,0.06234340576527146,-0.009251681556941204,0.5208333333333334,0.1664967651441199,0.026462505315215486,-0.027595929025466075,0.03551974474350334,-0.009039466192938616,61,46,40,101,77,64,35,90,-0.10699823632537497,0
2026,4,Minnesota,Big Ten,https://a.espncdn.com/i/teamlogos/ncaa/500/135.png,4,0.3535533905932738,0.20953449824806158,-2.615870397397177,2.8254048956452387,66,104,28,1.6270769141363246,0.21725269952074533,0.06143201413168232,0.6511627906976745,0.2715381488728373,-1.163318133540751,0.13448055607876375,0.0882337350881797,0.4807692307692308,0.13173809513780138,-0.04369868447298293,0.005844478671005188,-0.013998324347985959,0.011092958322999173,115,63,112,14,24,84,71,65,-1.1969534336101513,-10
2026,4,UNLV,Mountain West,https://a.espncdn.com/i/teamlogos/ncaa/500/2439.png,4,0.3535533905932738,0.20692879284095178,1.1417264059583032,-0.9347976131173514,67,51,83,2.0344417411302436,0.05744697563264227,0.15306898944351352,0.4897959183673469,0.1179685292153777,-0.6523367681824437,0.01871648833804117,0.15362732664300013,0.5102040816326531,0.14851385966639763,0.0083987375113858,-9.185719334337978e-4,-0.027425923125711224,-0.06645984157889281,100,106,75,99,75,53,100,82,-0.027988580031183208,1
2026,4,TCU,Big 12,https://a.espncdn.com/i/teamlogos/ncaa/500/2628.png,4,0.3535533905932738,0.20529901337804157,-0.38985761008511177,0.5951566234631533,68,73,55,2.1652073180737266,0.28451222292719813,0.11771649645130983,0.5813953488372093,0.23305647908113852,-1.3387668969503694,-0.039687014939023005,-0.11272434492566846,0.4,0.047838412854648446,-0.02693224368200803,-0.07580154641446106,0.04024764325861538,-0.021375428979474753,96,50,89,48,15,35,11,24,-1.1128183763977666,-10
2026,4,Jacksonville State,Conference USA,https://a.espncdn.com/i/teamlogos/ncaa/500/55.png,5,0.22963966338592295,0.1399724643047292,0.4836441128756504,-0.3436716485709212,69,58,71,3.072709783858021,0.3422162205657499,0.20025025377064376,0.5555555555555556,0.20746446937212565,-0.3881330500066136,-0.012880839403793991,0.12085794125422397,0.5510204081632653,0.20063133211180387,0.028212976285151056,0.0261257019260903,0.04472161088797153,-0.02771328744288719,56,36,55,56,101,43,88,113,-0.12397881824209778,-2
2026,4,New Mexico,Mountain West,https://a.espncdn.com/i/teamlogos/ncaa/500/167.png,4,0.3535533905932738,-0.002876116438725429,-1.0371786721953211,1.0343025557565957,70,83,50,1.9764818335159435,-0.03901904727478589,0.27307878827998944,0.6666666666666666,0.2790526520509736,-0.7565278497424256,-0.1785338799361359,-0.03763982031300771,0.37254901960784315,0.01334015879730555,0.041127284832138004,-0.04044404996178662,-0.07690939399563895,-0.07555580255729702,103,121,29,10,63,7,29,16,1.0608539614702661,12
2026,4,Fresno State,Pac-12,https://a.espncdn.com/i/teamlogos/ncaa/500/278.png,4,0.3535533905932738,-0.04647781613618607,-1.5625765955353157,1.5160987793991296,71,89,42,2.8782603851782262,0.32317049845868456,0.034525810346045516,0.5,0.13948972631326792,-0.09079945029579577,-0.05270311489964127,0.09574820209801213,0.4897959183673469,0.14886122448963737,-0.03496711487073636,0.012878081103131933,0.0602878569879766,-0.07518132500890307,67,41,120,91,122,32,76,70,0.45629660583293763,4
2026,4,Arkansas,SEC,https://a.espncdn.com/i/teamlogos/ncaa/500/8.png,4,0.3535533905932738,-0.1395775501815355,1.7211115555707468,-1.8606891057522823,72,47,102,1.4314797933767374,0.12923947504762898,-0.015450055226233068,0.5106382978723404,0.17314999520681773,-0.4480907953300909,0.09696861189355618,0.26906437228535285,0.3404255319148936,0.01011957279747966,-0.07153271010734534,0.052722577778276256,-0.019690143060300223,0.0030799326811784275,122,84,133,87,96,76,128,9,-2.3822636044932874,-25
2026,4,East Carolina,American Athletic,https://a.espncdn.com/i/teamlogos/ncaa/500/151.png,4,0.3535533905932738,-0.22689361175718736,-1.359147460035027,1.1322538482778397,73,85,49,2.5872322495856657,0.13380266225245185,0.07994923511059503,0.39285714285714285,0.06021415399397971,-1.6210015446889032,-0.055678302976293594,0.07287515776723724,0.42,0.0801390355867679,-0.007693562251021806,-0.005969796930194186,-0.04329994264503026,-0.05624692767821951,81,82,107,130,6,29,64,36,2.092472593829809,14
2026,4,Rutgers,Big Ten,https://a.espncdn.com/i/teamlogos/ncaa/500/164.png,4,0.3535533905932738,-0.47442001322805094,1.8792507743377036,-2.3536707875657545,74,46,108,3.3069126404526745,0.22340093593766158,0.03492231480758053,0.6521739130434783,0.276345094338311,-0.11038019139363815,0.1954795703264252,0.24609908586914597,0.47619047619047616,0.10712045571722208,-0.057373758351073806,0.0703539284537647,-0.005449914340838331,0.021508417229570444,47,61,119,12,121,99,125,57,0.5165757203762129,6
2026,4,Syracuse,ACC,https://a.espncdn.com/i/teamlogos/ncaa/500/183.png,3,0.49410588440130926,-0.4847003961859381,0.130740385154704,-0.6154407813406421,75,65,79,2.7358677593233884,-0.0024854205926595325,0.14145024705104506,0.5454545454545454,0.17695364232085717,-0.8369524718838496,-0.2510599924268269,0.12944574308061702,0.5,0.1410445360759746,-0.017368807788471538,0.031739206872795966,-0.09951957387589808,-0.07092534499369521,76,113,81,65,55,2,93,74,0.4521406553850841,3
2026,4,Illinois,Big Ten,https://a.espncdn.com/i/teamlogos/ncaa/500/356.png,4,0.3535533905932738,-0.6572640719513902,0.9906700851219892,-1.6479341570733794,76,53,99,3.326902968596166,0.3231500965711414,0.2609645460413418,0.7045454545454546,0.3628456949301536,-0.15249767060663588,0.26236127021830674,0.15500503966999438,0.6410256410256411,0.29425453356026254,0.04597332793444596,0.029701576992940827,0.05741524734774507,0.057734677037129624,46,42,33,5,118,112,101,134,-0.6004530917199558,-4
2026,4,Miami (OH),Mid-American,https://a.espncdn.com/i/teamlogos/ncaa/500/193.png,4,0.3535533905932738,-0.698563841642428,0.178442537376869,-0.877006379019297,77,64,81,3.72695258904598,0.5636604552133264,-0.004987701662582167,0.6190476190476191,0.2512067447426653,-0.05372439584558762,0.33604153085857996,0.08779252438619516,0.5333333333333333,0.16827169412393359,-0.0718471549419403,-0.00753580900521847,0.18306312210048714,0.04917182288119953,33,6,130,31,123,126,70,101,1.4071236323394671,8
2026,4,Baylor,Big 12,https://a.espncdn.com/i/teamlogos/ncaa/500/239.png,4,0.3535533905932738,-0.7083094191971601,-0.15579606558730763,-0.5525133536098524,78,70,77,1.3287819200578646,0.14716159450407829,0.12654024110902978,0.5,0.12129437467913552,-0.7560235479744244,-0.0579748501179075,-0.16881074128476187,0.3333333333333333,-0.04436768075592717,-0.021762117681644336,-0.07740000825637731,-0.06023441803872722,-0.02711238916800679,127,77,86,91,64,27,6,8,-2.1611434406194148,-23
2026,4,Virginia Tech,ACC,https://a.espncdn.com/i/teamlogos/ncaa/500/259.png,4,0.3535533905932738,-0.7191113530470175,-1.524297276267468,0.8051859232204506,79,87,52,1.8751062893359383,0.31144106792456644,0.22563130756780886,0.5454545454545454,0.1814088980930234,-0.8280845769761825,0.10734159861563435,-0.04003375280070596,0.4583333333333333,0.10407484392792035,0.03251242340790534,-0.02248298696138455,0.06482623529566947,0.01502379812327646,110,43,46,65,57,80,28,50,-1.73778185626758,-17
2026,4,Old Dominion,Sun Belt,https://a.espncdn.com/i/teamlogos/ncaa/500/295.png,4,0.3535533905932738,-0.8863981463240185,-3.2636668921524383,2.37726874582842,80,112,34,1.423455024968753,-0.16237960521547865,0.10985684480082886,0.38,0.017072187631140216,-1.545845544799734,0.0916175223177646,-0.03295083037000268,0.4888888888888889,0.12449085449914987,-0.0316282727943496,-0.04622168542208745,-0.15294885258407462,-0.013467354866928306,123,136,92,134,8,73,30,69,0.5281105082727375,3
2026,4,Maryland,Big Ten,https://a.espncdn.com/i/teamlogos/ncaa/500/120.png,4,0.3535533905932738,-1.573474644862892,-1.989381237783121,0.4159065929202291,81,93,57,2.4014359754206773,0.1215507305257868,0.14776153845365694,0.5306122448979592,0.20791909632135885,-0.924868667592368,0.06317503241326322,0.06620753026054316,0.4166666666666667,0.08033610023242521,-0.017912106092693263,-0.013188326466714828,-0.06754665715646242,3.426155501137797e-4,87,88,77,72,44,65,61,34,-1.5395726297946828,-10
2026,4,West Virginia,Big 12,https://a.espncdn.com/i/teamlogos/ncaa/500/277.png,4,0.3535533905932738,-1.5764558212260869,0.9499366706482957,-2.5263924918743825,82,54,110,3.449246446879721,0.3070751121913507,0.21379806642136848,0.49056603773584906,0.14165566154277207,0.17318961035399366,0.23548106496481114,0.06496857341596712,0.5,0.13523528985548977,0.014679704564338576,0.015925338633907795,0.01200748840806926,0.06371630101754445,39,44,52,98,131,106,59,74,-1.3901258887251413,-8
2026,4,North Dakota State,Mountain West,https://a.espncdn.com/combiner/i?img=/i/teamlogos/ncaa/500/2449.png&h=200&w=200,4,0.3535533905932738,-1.595400757910446,-1.7046797538033058,0.1092789958928598,83,92,62,1.6162160964202743,0.33288432743337504,0.040096910324399763,0.5952380952380952,0.28267850647991594,-0.5227754838361742,-0.07253321006517836,-0.05009820814836479,0.40425531914893614,0.06629831068608734,-0.05923845384305763,-0.06618867590612186,0.05215618858129797,-0.03135426884634712,117,39,117,43,89,25,25,27,-0.742183586886991,-6
2026,4,San Diego State,Pac-12,https://a.espncdn.com/i/teamlogos/ncaa/500/21.png,4,0.3535533905932738,-1.8229852458616427,-3.885699289429347,2.0627140435677043,84,122,37,1.183793601071828,-0.1474749965642182,-0.0025324395218825294,0.4375,0.07522113120575942,-0.8072081446049368,0.21929178312660527,0.02808397996766659,0.5882352941176471,0.21488185826927084,-0.06156592174743883,-0.05523918037655786,-0.12977926620237815,0.05247978712686257,131,134,128,117,58,103,45,118,-2.2791223633131987,-20
2026,4,App State,Sun Belt,https://a.espncdn.com/i/teamlogos/ncaa/500/2026.png,4,0.3535533905932738,-2.052793486398083,-0.015400083702857836,-2.0373934026952254,85,68,106,4.10354992733158,0.4616354965744579,0.05972169088155003,0.6304347826086957,0.29816848215025415,-0.8647266742616442,0.07893193544979232,0.05941879632336203,0.46153846153846156,0.1320276501210711,-0.05603507390539106,-0.015047598098135244,0.12735841423057523,0.0059245933479058896,23,19,113,26,54,70,57,52,2.9923506347593225,23
2026,4,Kennesaw State,Conference USA,https://a.espncdn.com/i/teamlogos/ncaa/500/338.png,4,0.3535533905932738,-2.177172749446968,-0.877780392728247,-1.299392356718721,86,80,94,3.2840634710056986,0.0737298712740646,0.22149663888208423,0.46808510638297873,0.12765750810343734,-0.3648532365444804,0.20403657293338978,0.17720808122453915,0.5116279069767442,0.1595313835342234,0.012060945337764691,0.020666552043997397,-0.049891212469058026,0.03655692412290389,48,102,49,108,105,101,110,83,1.254113690311633,8
2026,4,Michigan State,Big Ten,https://a.espncdn.com/i/teamlogos/ncaa/500/127.png,4,0.3535533905932738,-2.1797163629988536,-0.9590627529743769,-1.2206536100244767,87,82,89,2.4601430606137757,0.012501973676739261,0.09055577882970504,0.6190476190476191,0.294748072217952,-0.2676652112110165,0.18496611899524082,0.08036644415446445,0.4772727272727273,0.16338633407429587,-0.011359915943243822,-0.014878853922925173,-0.09450267039559132,0.01242067983316504,84,110,103,31,111,97,67,59,-0.014847192335507575,-1
2026,4,Tulane,American Athletic,https://a.espncdn.com/i/teamlogos/ncaa/500/2655.png,4,0.3535533905932738,-2.201080408947921,-2.0169108598256145,-0.18416954912230651,88,96,69,2.4081158162424265,-0.0110895715858585,0.19451112351060082,0.42857142857142855,0.07388788014255122,-0.9490282538041255,0.3003557110638774,0.15703078997992978,0.5208333333333334,0.15988502481994846,0.010943700617130915,-0.0011090509604826466,-0.06830481020655658,0.06107268060767502,86,114,59,120,41,119,103,90,-1.1470425682250598,-7
2026,4,Purdue,Big Ten,https://a.espncdn.com/i/teamlogos/ncaa/500/2509.png,4,0.3535533905932738,-2.478210491740665,0.3942709064959232,-2.872481398236588,89,60,112,4.074124270158922,0.4120840198508832,0.08326358925623735,0.6428571428571429,0.2751271515347529,0.12415335816318356,0.4116838040046137,0.329700167041203,0.7272727272727273,0.3642603136190461,-0.035577346242657876,0.0790929387447027,0.09678201898606983,0.07964871136983705,26,24,106,19,130,133,135,138,-0.5145590705328293,-5
2026,4,Washington State,Pac-12,https://a.espncdn.com/i/teamlogos/ncaa/500/265.png,4,0.3535533905932738,-2.5183894990873963,-3.8348239770579235,1.3164344779705273,90,120,45,1.4009379968185918,-0.09503635815416538,0.10323555426706146,0.3877551020408163,0.0233894836664689,-1.2758615493948002,0.08634027761187145,0.11083584527303436,0.41304347826086957,0.05215314458911413,-0.026878762864656305,0.0010396707979356597,-0.12068800978666962,-0.01130192723774769,124,130,96,131,18,72,83,31,-1.5286636747407059,-11
2026,4,Florida Atlantic,American Athletic,https://a.espncdn.com/i/teamlogos/ncaa/500/2226.png,4,0.3535533905932738,-2.610510159658707,1.931050041608478,-4.541560201267185,91,44,130,2.751086402757749,0.21628839954981763,0.09536283890479434,0.5510204081632653,0.18338725484270418,-0.6059561403227177,0.24059406844469047,0.20660351305693905,0.6078431372549019,0.2504226695454052,-0.012327139845709253,0.013030624476556299,0.033285651144336924,0.046856858539273426,74,64,99,61,82,108,118,126,1.3297201756800807,7
2026,4,Marshall,Sun Belt,https://a.espncdn.com/i/teamlogos/ncaa/500/276.png,4,0.3535533905932738,-2.9354678739386504,1.6609226660170437,-4.596390539955694,92,48,132,2.394875658561004,0.2582918570828232,0.08632243529743139,0.5217391304347826,0.1874390981797479,-0.5928223724131507,0.5330509168139206,0.10176353439566617,0.5416666666666666,0.21196517974859685,-0.03634178930903417,0.012590113868527089,0.016501923171134365,0.1509247682836706,88,54,105,78,83,138,77,107,-0.5624103477574516,-4
2026,4,Louisiana,Sun Belt,https://a.espncdn.com/i/teamlogos/ncaa/500/309.png,4,0.3535533905932738,-3.1554578720186583,-1.5714172183704616,-1.5840406536481968,93,90,98,1.9379868496270227,0.1750834485126656,0.2387309344613351,0.47368421052631576,0.09925488400966478,-1.3568284014735985,-0.050716037185366866,-0.1007156880605164,0.3409090909090909,-0.023135417861734852,0.024843494067126604,-0.06226286413367634,-0.01463342682160158,-0.046869616433701834,106,73,42,106,14,33,14,10,1.0226290341291149,7
2026,4,Western Michigan,Mid-American,https://a.espncdn.com/i/teamlogos/ncaa/500/2711.png,4,0.3535533905932738,-3.396742139387377,-3.7608434843948912,0.36410134500751457,94,117,58,2.0828769454971026,-0.04801341364656872,0.18782349797315048,0.45454545454545453,0.09653375935366897,0.0034413555236965055,0.16306807653742078,0.09338236720854354,0.4318181818181818,0.074322523685025,0.021616601590809324,0.004711495852867018,-0.10780238089271026,0.03649058796988576,98,124,61,112,125,90,75,44,-0.4354564590997976,-2
2026,4,Utah State,Pac-12,https://a.espncdn.com/i/teamlogos/ncaa/500/328.png,4,0.3535533905932738,-3.4578161616384246,-3.6367008183265495,0.1788846566881248,95,115,61,0.9672605919274397,-0.05659116831464189,-0.10748030179039904,0.28,-0.08996405827057963,-0.9102072169875379,0.043508409481614274,0.04708185752227191,0.5208333333333334,0.167294259158126,-0.09537314562236156,-0.011704154934034266,-0.1173110427729027,-0.02617672904725646,135,127,137,138,47,61,51,90,-0.5379483294578677,-4
2026,4,Louisiana Tech,Sun Belt,https://a.espncdn.com/i/teamlogos/ncaa/500/2348.png,3,0.49410588440130926,-3.507570755431553,-2.221497374045602,-1.2860733813859513,96,97,93,2.5018492978904883,0.038723705375869166,0.018651541677257494,0.4473684210526316,0.04875581349555993,-1.6890135788551528,0.036758102494804046,0.026059218447629606,0.55,0.168665917917571,-0.03631548202135535,-0.01561377946330381,-0.028542432751017383,-0.02996682469451445,82,108,123,115,4,60,44,111,-0.4955250259551085,-3
2026,4,Arkansas State,Sun Belt,https://a.espncdn.com/i/teamlogos/ncaa/500/2032.png,4,0.3535533905932738,-3.557971667615452,-1.9932148871528959,-1.5647567804625564,97,94,97,2.885290091665196,0.07341790557809647,0.25887208138816914,0.5121951219512195,0.17018147233699024,-0.1575111006526375,0.37893009193768384,0.10545250835611564,0.5333333333333333,0.20100594440886366,0.027781210623882793,-0.005337112719304885,-0.04277454164646427,0.07710447138502151,65,103,35,84,117,128,78,101,0.8207191002371523,5
2026,4,Ohio,Mid-American,https://a.espncdn.com/i/teamlogos/ncaa/500/195.png,4,0.3535533905932738,-3.625886106712027,-2.381118598040366,-1.2447675086716612,98,100,92,3.114110834445792,0.10435743255074381,0.2919274536014147,0.5476190476190477,0.19023282329296476,-0.35130369911875203,0.4904003325042087,0.20085438831862037,0.631578947368421,0.2777873490026048,0.04086346464579281,0.02258005861645182,-0.00923417385320381,0.08660662536072404,55,95,23,63,106,137,115,131,0.6603477438407088,3
2026,4,Tulsa,American Athletic,https://a.espncdn.com/i/teamlogos/ncaa/500/202.png,4,0.3535533905932738,-3.707378971436545,-3.793166018497401,0.08578704706085616,99,119,63,1.518040746589004,-0.031129343419833,0.2648768979464719,0.41304347826086957,0.06707504329221005,-1.0392444529242773,-0.029721806325414605,-0.04906415881053462,0.47058823529411764,0.12647049310125144,0.02607879034744979,-0.0355799264154414,-0.08264298621936504,-0.047024968284711026,120,117,32,123,36,38,26,53,1.11787288610134,8
2026,4,Temple,American Athletic,https://a.espncdn.com/i/teamlogos/ncaa/500/218.png,4,0.3535533905932738,-3.8734054234901283,-0.3431463586436855,-3.530259064846443,100,72,118,3.3945138192624555,0.1805671379803299,0.28644442251383356,0.5952380952380952,0.23945567504491252,0.07816905634847232,0.3062266899127152,0.20753184494942029,0.55,0.18273202755475398,0.04855522769914572,0.04810843327217111,-0.007155930423465474,0.04949304937322744,42,71,26,43,129,123,119,111,1.477806668960536,10
2026,4,Stanford,ACC,https://a.espncdn.com/i/teamlogos/ncaa/500/24.png,4,0.3535533905932738,-3.9582272207408,-2.939122751156687,-1.0191044695841127,101,106,85,2.3480450219532556,0.22106577805002087,0.008522613031135344,0.5217391304347826,0.19794486488306764,-0.525679626640624,0.38417710888870316,0.2275063617951002,0.5098039215686274,0.18730797674413038,-0.06249972181679659,0.04432765405667657,0.022699079490723115,0.07676792276315371,90,62,126,78,88,129,123,79,-0.14780665795326797,-5
2026,4,California,ACC,https://a.espncdn.com/i/teamlogos/ncaa/500/25.png,4,0.3535533905932738,-4.030268470493486,-2.0118241287378087,-2.0184443417556777,102,95,105,1.6212327911814193,0.05019589174803044,-0.008399194519549605,0.5217391304347826,0.2013118970356282,-0.5394264638342443,-0.13387801718190293,0.2115440882377383,0.44680851063829785,0.11403805781317489,-0.06758871166803272,0.04357757372123727,-0.07245554061016293,-0.0478812530068427,116,107,131,78,87,14,122,46,-1.154698044650618,-12
2026,4,UAB,American Athletic,https://a.espncdn.com/i/teamlogos/ncaa/500/5.png,4,0.3535533905932738,-4.25762056703076,0.3213493785319538,-4.578969945562714,103,61,131,3.1415424908736402,-0.020627895748920117,0.14226584615267707,0.5384615384615384,0.16973984198051315,-0.5028311730928422,-0.10256710749469443,0.21139425251062,0.525,0.15798264552297916,-0.00320936212700564,0.027805865573074136,-0.07559188224373646,-0.04977187362162323,53,116,80,70,91,18,121,95,2.034410178382866,11
2026,4,Western Kentucky,Conference USA,https://a.espncdn.com/i/teamlogos/ncaa/500/98.png,4,0.3535533905932738,-4.268509906280219,-1.1360947142401825,-3.1324151920400363,104,84,115,1.941048752435336,0.08567181319387304,-0.01729813866356226,0.5,0.14264973451792426,-0.127508196283224,0.24598645971121053,0.3785351993455558,0.62,0.26899704958567366,-0.0518407947973185,0.08424068783445075,-0.018512113916023896,0.033651282152279784,105,99,134,91,120,109,137,129,2.3265683621077784,13
2026,4,Florida International,Conference USA,https://a.espncdn.com/i/teamlogos/ncaa/500/2229.png,4,0.3535533905932738,-4.2729026626706625,-3.9804943215545996,-0.29240834111606295,105,123,70,1.024386013966472,0.08534828800292654,-0.002532180488923914,0.5,0.1372996974948514,-1.794932942460901,0.03361199155507772,-0.04442294466599488,0.4,0.03007193661383243,-0.06707494459019848,-0.03963851485722797,-0.06315057895008405,-0.008342334627756177,133,100,127,91,1,57,27,24,-0.4608388538692303,-8
2026,4,Boston College,ACC,https://a.espncdn.com/i/teamlogos/ncaa/500/103.png,4,0.3535533905932738,-4.293513148477878,-3.7672229013219685,-0.5262902471559092,106,118,75,1.3986891169125315,-0.06603968183360139,0.10152443215412571,0.3877551020408163,0.036810152500210754,-0.3447682306351276,0.014524206405413104,0.030864949940300195,0.47619047619047616,0.11260669300153112,-0.05140774321548826,-0.02017498451998047,-0.12951972587608687,-0.012690926882299152,126,128,98,131,107,51,46,57,0.29797527059171625,-2
2026,4,Delaware,Conference USA,https://a.espncdn.com/i/teamlogos/ncaa/500/48.png,4,0.3535533905932738,-4.333139832604247,-0.5699025977343507,-3.763237234869896,107,74,124,2.28292140552311,0.06492569311725253,0.09176556064059926,0.43137254901960786,0.07159177037514912,-0.8367887675276885,0.2550291205383716,0.09190417162515878,0.5185185185185185,0.16917841105665146,-0.026834727465934804,-0.003582937163747543,-0.0709157164803617,0.06306069769086259,94,105,102,119,56,111,74,86,0.2025171467662279,-4
2026,4,Northern Illinois,Mountain West,https://a.espncdn.com/i/teamlogos/ncaa/500/2459.png,4,0.3535533905932738,-4.376730097129703,-3.1499486548151197,-1.2267814423145833,108,110,90,2.314592344950738,-0.038087905167269454,-0.0026576891045712466,0.41304347826086957,0.04669527335691985,-1.3639831651366028,0.1899172384416615,0.11049453925654841,0.5714285714285714,0.21678814286786136,-0.04302038989613704,-0.0066350600007628255,-0.07819561654568134,0.014726271754236906,92,120,129,123,13,98,82,117,2.1989256414777083,8
2026,4,Wyoming,Mountain West,https://a.espncdn.com/i/teamlogos/ncaa/500/2751.png,4,0.3535533905932738,-4.455826714043158,-4.495609541754496,0.039782827711338176,109,128,65,3.027681292026889,0.10720653393939651,0.18629223693804364,0.5476190476190477,0.209303322382361,-0.8686528677848329,0.09799751791013905,0.14767185698208246,0.5609756097560976,0.21656001181465898,-0.01089150485918549,0.02380480143578805,-0.03225784920936371,0.006642274864629709,58,93,64,63,53,77,98,116,2.0910188805707435,6
2026,4,North Carolina,ACC,https://a.espncdn.com/i/teamlogos/ncaa/500/153.png,3,0.49410588440130926,-4.496405536969458,-3.4669757609877507,-1.0294297759817082,110,114,87,1.9137181349697847,0.08626843966525034,0.24777354844177282,0.47058823529411764,0.11927866482999784,0.018170230740959793,-0.04224773122183924,0.1280185070793604,0.3793103448275862,0.02085212692680517,0.030659425501262844,0.02172911382229248,-0.031886286399331866,-0.025797932533188184,107,98,39,107,127,34,92,19,-0.393197980379437,-11
2026,4,Oregon State,Pac-12,https://a.espncdn.com/i/teamlogos/ncaa/500/204.png,4,0.3535533905932738,-4.502009242238547,-2.6091144140380975,-1.8928948282004496,111,103,104,3.416428496562262,0.3686194648210765,0.03733756217852911,0.5294117647058824,0.18769757058974904,-0.6600621575016407,0.169225651172267,0.06879431041927543,0.5306122448979592,0.16098174206541102,-0.04398000210006435,-0.02317916518065512,0.09821685449613661,0.019558874038606143,41,33,118,73,72,92,63,98,2.926636774883713,12
2026,4,Central Michigan,Mid-American,https://a.espncdn.com/i/teamlogos/ncaa/500/2117.png,4,0.3535533905932738,-4.584755598157544,-4.112027719584939,-0.4727278785726061,112,125,73,1.5624192553220286,-0.33253023540925725,0.18163880945016622,0.43902439024390244,0.08623896797903156,-0.9705329469126546,0.14157949959634436,0.2867124336596834,0.6585365853658537,0.3175531107112114,0.001040641181608606,0.07002937018751973,-0.15452216453944848,-5.126549270255042e-4,119,137,67,116,39,85,130,135,1.1338139941924794,0
2026,4,Sacramento State,Mid-American,https://a.espncdn.com/combiner/i?img=/i/teamlogos/ncaa/500/16.png&h=200&w=200,5,0.22963966338592295,-4.598442892094477,-3.7027234658395587,-0.8957194262549181,113,116,82,1.3992086257053729,-0.04140997958448278,0.05412472392042168,0.3968253968253968,0.04317856045216525,-0.9321402974579225,0.27360057149610956,0.01901785172938179,0.45161290322580644,0.11113893015087145,-0.04817210126800432,-0.014538629919824643,-0.12848176917335713,0.0571366493574862,125,122,115,128,43,115,42,48,-0.9730356794901636,-18
2026,4,Troy,Sun Belt,https://a.espncdn.com/i/teamlogos/ncaa/500/2653.png,4,0.3535533905932738,-4.699727612907032,-3.461915809269974,-1.237811803637058,114,113,91,2.0418492386079174,0.008035248483138377,0.10798639753193816,0.4807692307692308,0.1413174210234935,-1.0475540684815208,0.045081592958971434,-0.0036932640189330586,0.3191489361702128,-0.02291201314336549,-0.02493273778884993,-0.010788863148057727,-0.07281212493417892,-0.009819736190616803,99,111,94,100,35,62,39,6,0.6517542654704016,-3
2026,4,Hawai'i,Mountain West,https://a.espncdn.com/i/teamlogos/ncaa/500/62.png,4,0.3535533905932738,-5.272216524341271,-2.910234278792718,-2.3619822455485533,115,105,109,1.4457004144963814,0.09584208048952121,0.0944994215908964,0.56,0.2101242812597651,-0.6451643508566892,0.16146129332544443,0.2966350894268451,0.4897959183673469,0.13893372981368043,-0.01423376484255617,0.0766211067437062,-0.035414995460930854,0.007978219254042112,121,96,101,54,76,89,132,70,-0.624999386071809,-10
2026,4,South Alabama,Sun Belt,https://a.espncdn.com/i/teamlogos/ncaa/500/6.png,4,0.3535533905932738,-5.527732524357415,-0.2578325448180133,-5.269899979539401,116,71,134,2.9550573732674676,0.20825491491020945,0.2059502905065345,0.5555555555555556,0.18214693445522578,1.2648391198775513,0.18021440379868833,0.4206969494568811,0.5116279069767442,0.14033392153141958,0.008583725563303057,0.1089197937029929,0.012583888699624428,0.017597772781958412,59,67,54,56,138,95,138,83,-0.2514398807853109,-7
2026,4,Sam Houston,Conference USA,https://a.espncdn.com/i/teamlogos/ncaa/500/2534.png,4,0.3535533905932738,-5.796848556160171,-2.4216720779747543,-3.3751764781854168,117,101,117,2.943616994317505,0.14586596862039483,0.0799308273961441,0.46153846153846156,0.11581710360034078,-0.8997220562951858,-0.13980143822310978,0.2093883488822213,0.4807692307692308,0.13660133109918657,-0.03496684976466686,0.051021985018613145,-0.012593083540228466,-0.0648163424458548,60,78,108,110,49,12,120,65,2.2526259843630356,7
2026,4,Georgia State,Sun Belt,https://a.espncdn.com/i/teamlogos/ncaa/500/2247.png,4,0.3535533905932738,-5.930411739820711,0.07686534723790062,-6.007277087058611,118,66,138,3.8511077753126375,0.33019240641275616,0.18937551543211373,0.6382978723404256,0.2777822320716563,0.07355990428236905,-0.10270407188514748,0.23946766105447148,0.5434782608695652,0.18016849505327287,0.009854182011106473,0.053200993332734495,0.06878979944660674,-0.04594475846440722,32,40,60,21,128,17,124,108,2.414806127706827,7
2026,4,New Mexico State,Conference USA,https://a.espncdn.com/i/teamlogos/ncaa/500/166.png,4,0.3535533905932738,-6.044493113228635,-2.4350759614585504,-3.6094171517700846,119,102,122,2.745254524165499,0.20745716332727812,0.14376559289961868,0.5,0.1431892930364957,-0.9851955618849182,0.16030131327320493,0.17959328249967593,0.6170212765957447,0.24628941944067315,-0.01975312901048731,0.03483457935396545,0.009441462238062092,0.024096802727268093,75,68,79,91,38,88,111,128,0.828120727476505,-1
2026,4,Nevada,Mountain West,https://a.espncdn.com/i/teamlogos/ncaa/500/2440.png,4,0.3535533905932738,-6.099436161023029,-5.071002001486718,-1.0284341595363113,120,132,86,1.5634480711482905,-0.10103037777217912,0.2590542808265191,0.4772727272727273,0.10604938258677185,-0.4808022105646159,0.16479238958466874,0.1695681556626393,0.5581395348837209,0.18752066552671556,0.016476654806790118,0.0479490372838206,-0.15267865411138398,0.03128534008696177,118,131,34,105,92,91,106,114,-0.08540123261223975,-7
2026,4,Southern Miss,Sun Belt,https://a.espncdn.com/i/teamlogos/ncaa/500/2572.png,4,0.3535533905932738,-6.118037490646737,-2.3513893678936784,-3.766648122753058,121,99,125,2.3003069408809624,-0.017383504322859497,0.18158418447808317,0.4,0.05394496931291961,-0.47505501359294444,0.14461077388657165,0.25087604269207076,0.4909090909090909,0.1504305059546445,-0.007929715974904217,0.06362970106876595,-0.10140751378428332,0.013146718233452037,93,115,68,125,94,86,127,73,2.7615631684439474,7
2026,4,Eastern Michigan,Mid-American,https://a.espncdn.com/i/teamlogos/ncaa/500/2199.png,5,0.22963966338592295,-6.152979246019566,-4.471978282775901,-1.6810009632436642,122,127,101,1.1802724782252907,-0.03780570997248497,0.10234305588035415,0.35,0.022827120839906682,-0.8914612233305778,0.18216423127504644,0.10635110695532,0.45901639344262296,0.12306986179645138,-0.027244316669658816,0.017250503743178495,-0.13234524552806318,0.053527377122031115,132,119,97,136,51,96,80,51,-1.3751155626909082,-16
2026,4,Rice,American Athletic,https://a.espncdn.com/i/teamlogos/ncaa/500/242.png,4,0.3535533905932738,-6.187256000913919,-2.965940076143061,-3.2213159247708587,123,108,116,2.8566076996144347,-0.13115161976929599,0.2422311870649477,0.5714285714285714,0.23096363672369427,-0.327624584065728,0.1267673970691334,0.17189914384672025,0.5945945945945946,0.24204059538347386,0.037770938846193605,0.042214815630681204,-0.08629393368670105,-0.008266172222049088,68,133,41,50,109,83,107,121,2.4597690063341524,4
2026,4,Colorado State,Pac-12,https://a.espncdn.com/i/teamlogos/ncaa/500/36.png,4,0.3535533905932738,-6.273563821735453,-3.184817653036542,-3.0887461686989113,124,111,113,2.781045847955799,0.2660434820101172,0.29921043471815784,0.6326530612244898,0.28532156949736465,0.7120694085358946,0.0777493178528605,0.3008488363742264,0.603448275862069,0.2732996906002,0.039912184691363574,0.08903264398897257,0.02889085541677104,0.008234091473523586,72,52,20,23,136,69,133,125,0.6020494038847515,-5
2026,4,Georgia Southern,Sun Belt,https://a.espncdn.com/i/teamlogos/ncaa/500/290.png,4,0.3535533905932738,-6.766878366958043,-3.1020531232014408,-3.664825243756602,125,109,123,0.9499832900704746,0.1664538762802191,0.12541516409360157,0.5490196078431373,0.20394617932431142,-0.6718360766510666,0.19954376572403126,0.0625878696902102,0.45652173913043476,0.09739847807331448,-0.013510422241784427,-0.0175828521184973,0.0016587669247348504,0.03564457681733201,136,74,87,62,70,100,58,49,0.3439103979196787,-4
2026,4,Akron,Mid-American,https://a.espncdn.com/i/teamlogos/ncaa/500/2006.png,4,0.3535533905932738,-7.163504265503715,-4.045864622233799,-3.1176396432699165,126,124,114,2.6852733757360454,-0.03312925341113262,0.1601049870147024,0.45652173913043476,0.10164176079431211,-1.1452003639274322,0.47526017414279936,0.12346633170202626,0.5918367346938775,0.22859666069939588,-0.0060476809653545,0.012047261957539015,-0.1137748703138004,0.11426390429509364,77,118,72,111,27,136,89,120,1.9534820055175928,3
2026,4,Coastal Carolina,Sun Belt,https://a.espncdn.com/i/teamlogos/ncaa/500/324.png,4,0.3535533905932738,-7.263498490870897,-1.4895097929375076,-5.773988697933389,127,86,137,2.174068933354195,0.12446920280313953,0.17389917000304295,0.45098039215686275,0.10520306694947959,-0.6842427710856552,0.21164304448033408,0.15074312852547156,0.47058823529411764,0.11901901645742403,-0.0037043882157975637,0.026850712967608763,-0.05021235232723973,0.034093952405367375,95,86,70,113,69,102,99,53,-0.2993524770887088,-7
2026,4,Middle Tennessee,Conference USA,https://a.espncdn.com/i/teamlogos/ncaa/500/2393.png,4,0.3535533905932738,-7.710374884365505,-4.13692467991303,-3.5734502044524743,128,126,121,2.165007617649351,0.23934804961816233,0.15295602488490057,0.6153846153846154,0.25976455605662724,-0.04664236472064401,0.1734904800651625,0.19149743846768014,0.5,0.14442641313670157,-0.01577740177942942,0.03311304047865134,0.009868858320177006,0.016369442110156958,97,58,76,34,124,93,113,74,2.4094932687205333,5
2026,4,Missouri State,Conference USA,https://a.espncdn.com/i/teamlogos/ncaa/500/2623.png,4,0.3535533905932738,-7.805354331509758,-3.8482084458992634,-3.957145885610494,129,121,127,1.9748988625034591,0.22493754191248128,0.06369975601217037,0.5681818181818182,0.20131987523383812,-0.3751807082842752,0.2899295383716673,0.1694642528935376,0.7045454545454546,0.33443574687411076,-0.052467276644031294,0.03985393139248818,1.4675829782215098e-4,0.045908287410054247,104,60,111,52,103,117,105,137,-0.4240382253559858,-7
2026,4,Buffalo,Mid-American,https://a.espncdn.com/i/teamlogos/ncaa/500/2084.png,4,0.3535533905932738,-8.086275298935067,-6.198803307222374,-1.887471991712694,130,135,103,1.2376285935678375,-0.053080028032248656,0.034495898973344465,0.42857142857142855,0.06618028736458441,-1.1463564135450195,0.2325726280499428,0.06674899062938773,0.49019607843137253,0.12916378329654696,-0.08657986288683517,0.013651594786372163,-0.15221700175926722,0.06905510215443207,129,126,121,120,25,104,62,72,1.564810285341407,1
2026,4,San José State,Mountain West,https://a.espncdn.com/i/teamlogos/ncaa/500/23.png,4,0.3535533905932738,-9.071277821966694,-4.988063754735847,-4.0832140672308475,131,131,128,2.412477758616591,0.1933654205139498,0.0185380809008058,0.4339622641509434,0.07571437808874926,-0.9550571071489131,0.07666755638675583,0.1062655869841613,0.4166666666666667,0.06047440992439872,-0.0663820831547721,0.008439658739194347,-0.018108092954315945,-0.007310305636287079,85,70,124,118,40,68,79,34,-0.5956960234445727,-5
2026,4,Massachusetts,Mid-American,https://a.espncdn.com/i/teamlogos/ncaa/500/113.png,4,0.3535533905932738,-9.355542817377394,-5.439296282814245,-3.9162465345631485,132,133,126,2.8248099184915016,0.36163721778988855,0.29410638033701253,0.5,0.1415967111602325,-1.1461255103916874,-0.023906783611381533,-0.18073461716616795,0.4791666666666667,0.12209243799802723,0.04029315693639482,-0.06038673925392331,0.024558839985358093,-0.026634842312193624,69,35,22,91,26,41,4,60,4.309533135113284,6
2026,4,UTEP,Mountain West,https://a.espncdn.com/i/teamlogos/ncaa/500/2638.png,4,0.3535533905932738,-9.703991457651938,-4.939727817102434,-4.764263640549505,133,129,133,1.200389946856568,-0.15733160257114012,0.01764606984209682,0.42857142857142855,0.07577770063810668,-0.13602706522670355,0.4537975444646872,0.17382725608465371,0.5897435897435898,0.23849681952287627,-0.05475097327008332,0.05097243180786419,-0.13389608559993102,0.08488039464397908,130,135,125,120,119,135,108,119,0.1215438223446288,-1
2026,4,Ball State,Mid-American,https://a.espncdn.com/i/teamlogos/ncaa/500/2050.png,4,0.3535533905932738,-9.968905197719051,-6.413912033565399,-3.5549931641536516,134,136,119,1.910467237136738,0.06678544494108839,0.0642065519173122,0.4791666666666667,0.13170535166938505,-1.5697164363815177,0.4049624728024566,0.2691595174672041,0.6122448979591837,0.2664247267553928,-0.029628613160707713,0.06071918682625711,-0.02661999931020825,0.07535811660967122,108,104,110,101,7,132,129,127,2.657937228229331,3
2026,4,Charlotte,American Athletic,https://a.espncdn.com/i/teamlogos/ncaa/500/2429.png,4,0.3535533905932738,-10.096153985875246,-6.525399173950126,-3.5707548119251205,135,137,120,0.9809240177441062,-0.08093550776822597,-0.019820206271700114,0.4,0.03600187530937658,-0.5754032274409534,0.30897454552939685,0.1452022221528708,0.5384615384615384,0.18313298216156584,-0.07499902755900645,0.008719695795967087,-0.15366288456023644,0.02769365013983869,134,129,135,125,86,124,97,104,0.8043040190298267,-1
2026,4,Bowling Green,Mid-American,https://a.espncdn.com/i/teamlogos/ncaa/500/189.png,4,0.3535533905932738,-10.259096719547497,-7.712529118302161,-2.546567601245336,136,138,111,0.39894908027482723,0.09154589710536107,-0.23306241107919023,0.37777777777777777,0.016853120287315598,-0.247350017393717,0.10009867229884306,0.36895941649523795,0.6222222222222222,0.26665764539686365,-0.1424622179030065,0.10973378726019185,-0.061672013636397544,-0.022240526373153362,138,97,138,135,113,78,136,130,-0.7634333274389586,-6
2026,4,UL Monroe,Sun Belt,https://a.espncdn.com/i/teamlogos/ncaa/500/2433.png,4,0.3535533905932738,-10.337544088612962,-4.96167360596241,-5.3758704826505515,137,130,136,1.714336894466324,-0.10574417183251064,0.09523853460310026,0.5098039215686274,0.1590894722818229,-0.7019676288437505,0.33919023104278573,0.31123502652830487,0.6363636363636364,0.27858821291181224,-0.02178789455391437,0.08680981850145487,-0.1594728264130408,0.0626342101877668,113,132,100,90,67,127,134,132,1.0751703296833703,-2
2026,4,Kent State,Mid-American,https://a.espncdn.com/i/teamlogos/ncaa/500/2309.png,4,0.3535533905932738,-10.515959144069798,-6.177392031314702,-4.338567112755096,138,134,129,1.2406665816919495,0.0351747960522721,-0.011027348195002647,0.4,0.04192733389984968,-1.1790983212136394,0.2641000449688452,0.1321080895207435,0.4791666666666667,0.12568667012536572,-0.08757385962065829,-0.006587318675800538,-0.06891354809446086,0.04078292527475086,128,109,132,125,21,113,94,60,1.2320170213590504,-2
