run_date,keyword,sport,volume,latest_month_volume,mom_change,three_month_vs_prior,six_month_vs_prior,api_trend,opportunity_score
2026-08-09,nfl 2026 draft,NFL,655000.0,72100.0,-0.4537878787878788,4.1990764063811925,17.805654610290375,3.05,72.3
2026-08-09,nfl power rankings 2026,NFL,1900.0,7900.0,0.0,6.5,6.321167883211679,19.26,70.8
2026-08-09,nfl picks draft,NFL,32400.0,1900.0,-0.6415094339622641,9.909747292418771,12.861344537815128,-0.34,70.1
2026-08-09,nfl 2026 draft picks,NFL,580.0,110.0,-0.5769230769230769,3.0964912280701755,5.384615384615385,4.5,66.5
2026-08-09,nfl power rankings,NFL,197000.0,17800.0,-0.17972350230414746,-0.40498442367601245,-0.9386311878221263,-0.33,64.7
2026-08-09,nfl power rankings post draft,NFL,660.0,260.0,-0.8916666666666667,264.33333333333337,21.194444444444446,0.24,62.5
2026-08-09,cfb rankings,CFB,360000.0,3500.0,-0.33962264150943394,-0.8245363766048502,-0.9797647405515582,-0.64,61.9
2026-08-09,nfl game today,NFL,3276000.0,11900.0,-0.45161290322580644,-0.9955964892228285,-0.3893176398297026,-0.87,59.4
2026-08-09,nfl hall of fame game 2026,NFL,850.0,4300.0,0.7916666666666666,2.318965517241379,9.547368421052632,15.54,59.3
2026-08-09,cfb rankings 2026,CFB,470.0,850.0,-0.2916666666666667,1.89010989010989,0.6388888888888888,0.81,59.0
2026-08-09,nfl 2026 schedule,NFL,11900.0,9700.0,-0.8,0.8269230769230769,8.074074074074074,13.7,58.6
2026-08-09,nfl picks today,NFL,32400.0,210.0,-0.19230769230769232,-0.9092778793418647,-0.8464779671920232,-0.83,58.0
2026-08-09,college football picks,CFB,26500.0,310.0,0.0,-0.9148936170212766,-0.949,-0.69,58.0
2026-08-09,nfl picks,NFL,48500.0,1200.0,-0.5,-0.7514518002322881,-0.7834407735697018,-0.37,57.4
2026-08-09,nfl predictions,NFL,32400.0,7900.0,-0.18556701030927836,-0.704895104895105,-0.6789181692094313,-0.34,57.3
2026-08-09,nfl power rankings 2025,NFL,14500.0,140.0,-0.3333333333333333,-0.8497109826589595,-0.974037834311807,-0.99,57.1
2026-08-09,'nfl,NFL,24370000.0,1795000.0,-0.18223234624145787,-0.913893945849634,-0.6411201556340552,-0.45,56.8
2026-08-09,nfl,NFL,24370000.0,1795000.0,-0.18223234624145787,-0.913893945849634,-0.6411201556340552,-0.45,56.8
2026-08-09,nfl's,NFL,24370000.0,1795000.0,-0.18223234624145787,-0.913893945849634,-0.6411201556340552,-0.45,56.8
2026-08-09,draft nfl 2026,NFL,1900.0,210.0,-0.5531914893617021,1.9333333333333333,13.927710843373493,6.0,56.5
2026-08-09,2026 nfl win totals,NFL,70.0,70.0,-0.36363636363636365,-0.5370370370370371,12.166666666666666,6.0,56.1
2026-08-09,college football spreads,CFB,7900.0,310.0,-0.20512820512820512,-0.8614540466392319,-0.8962629671291088,0.0,56.0
2026-08-09,nfl power rankings update,NFL,260.0,60.0,1.0,0.25,-0.8981132075471698,1.0,55.9
2026-08-09,nfl spreads,NFL,26500.0,310.0,-0.20512820512820512,-0.9845234446828072,-0.7262475214805023,-0.47,55.8
2026-08-09,nfl odds,NFL,88400.0,2400.0,0.0,-0.9697653429602888,-0.7065552699228792,-0.44,55.6
2026-08-09,nfl power rankings week 2,NFL,3500.0,10.0,-0.5,-0.6666666666666666,-0.9951495553759094,0.0,55.4
2026-08-09,cfb rankings today,CFB,2400.0,30.0,0.5,-0.8461538461538461,-0.985289310232102,0.5,55.2
2026-08-09,nfl picks tonight,NFL,850.0,50.0,4.0,-0.4307692307692308,-0.8957055214723927,-0.29,55.0
2026-08-09,nfl power rankings week 16,NFL,2400.0,20.0,-0.3333333333333333,-0.7037037037037036,-0.986886474334957,0.0,54.7
2026-08-09,nfl news,NFL,983000.0,655000.0,0.0,-0.41237113402061853,0.05792796138135908,0.0,54.6
2026-08-09,nfl g,NFL,5988000.0,59300.0,-0.32918552036199095,-0.9861492432242168,-0.6639946338997551,-0.8,54.3
2026-08-09,nfl game,NFL,5988000.0,59300.0,-0.32918552036199095,-0.9861492432242168,-0.6639946338997551,-0.8,54.3
2026-08-09,nfl predictions today,NFL,9700.0,60.0,-0.5714285714285714,-0.9805167301990683,-0.7675743530320588,-0.91,53.9
2026-08-09,cfb rankings 2025,CFB,6500.0,140.0,-0.17647058823529413,-0.5909090909090909,-0.9787087912087912,-0.95,53.9
2026-08-09,college football,CFB,3276000.0,132000.0,0.0,-0.9338624338624338,-0.794831097268807,-0.55,53.8
2026-08-09,college football odds,CFB,17800.0,850.0,0.0,-0.9031847133757962,-0.8736919315403423,-0.47,53.5
2026-08-09,nfl power rankings week 15,NFL,1600.0,10.0,-0.5,-0.6923076923076923,-0.9904974846282839,0.0,53.3
2026-08-09,nfl win totals,NFL,850.0,470.0,-0.4470588235294118,1.144736842105263,-0.6943734015345269,-0.71,52.7
2026-08-09,topps nfl 2026,NFL,390.0,260.0,-0.44680851063829785,2.597701149425287,39.0,25.0,52.7
2026-08-09,cfb predictions,CFB,2400.0,470.0,0.5161290322580645,-0.4858490566037736,-0.8851520572450805,-0.45,51.7
2026-08-09,new cfb rankings,CFB,1200.0,10.0,0.0,-0.625,-0.9931634555624611,0.0,51.7
2026-08-09,college football games,CFB,132000.0,5300.0,0.0,-0.9374015748031496,-0.8024881083058909,-0.63,51.6
2026-08-09,nfl hall of fame,NFL,21700.0,11900.0,0.0,-0.6574642126789367,0.1487314085739282,-0.55,51.5
2026-08-09,cfb picks,CFB,3500.0,50.0,0.6666666666666666,-0.9458128078817735,-0.9496114904638568,-0.71,51.4
2026-08-09,college football betting,CFB,3500.0,580.0,0.48717948717948717,-0.5414012738853503,-0.8811932555123217,-0.32,51.3
2026-08-09,nfl 2026 playoff predictions,NFL,140.0,110.0,-0.21428571428571427,-0.5633802816901408,0.728813559322034,0.0,51.3
2026-08-09,nfl predictions 2025,NFL,2900.0,20.0,-0.3333333333333333,-0.7317073170731708,-0.9838659633881476,-0.99,51.1
2026-08-09,cfb rankings prediction,CFB,660.0,20.0,1.0,-0.6428571428571428,-0.9756722151088347,-0.6,51.0
2026-08-09,playoffs nfl 2026,NFL,1200.0,170.0,0.0,-0.9480415667466028,4.222222222222222,4.67,50.5
2026-08-09,nfl bad bunny,NFL,4300.0,210.0,-0.19230769230769232,-0.9678082191780821,0.4574468085106383,20.0,50.2
2026-08-09,nfl 2026 season,NFL,660.0,850.0,-0.46875,0.013888888888888952,4.534351145038167,5.07,49.9
2026-08-09,updated cfb rankings,CFB,850.0,20.0,0.0,-0.5454545454545454,-0.9838872104733132,-0.6,49.7
2026-08-09,sunflower,NFL,360000.0,360000.0,-0.1836734693877551,0.06976744186046512,0.02780153977758763,-0.18,49.6
2026-08-09,cfb rankings preseason,CFB,70.0,90.0,0.0,4.25,-0.5535714285714286,-0.57,49.4
2026-08-09,nfl team,NFL,197000.0,108000.0,-0.18181818181818182,-0.2765072765072766,-0.38318452380952384,0.0,49.3
2026-08-09,nfl 2026 super bowl,NFL,580.0,310.0,0.47619047619047616,-0.7897574123989218,1.5224719101123596,1.21,49.2
2026-08-09,early cfb rankings,CFB,60.0,70.0,0.0,-0.08695652173913049,1.0952380952380951,-0.22,48.9
2026-08-09,nfl 2026 week 1,NFL,170.0,210.0,-0.6818181818181818,0.47945205479452047,5.241379310344827,9.5,48.8
2026-08-09,nfl 2026 mock draft,NFL,14500.0,310.0,-0.46551724137931033,-0.7275510204081633,0.1455380577427822,-0.87,48.7
2026-08-09,nfl betting,NFL,6500.0,660.0,-0.34,-0.8505617977528089,-0.6490566037735849,-0.81,47.5
2026-08-09,cfb rankings all teams,CFB,90.0,10.0,0.0,-0.4,-0.9175257731958762,0.0,47.5
2026-08-09,nfl players,NFL,295000.0,21700.0,-0.1811320754716981,-0.871517027863777,-0.775346687211094,-0.55,47.2
2026-08-09,nfl futures,NFL,2400.0,1000.0,0.0,-0.48846153846153845,-0.5751351351351351,-0.47,47.2
2026-08-09,nfl 2026,NFL,3500.0,3500.0,-0.46153846153846156,-0.3222748815165876,4.299401197604791,5.03,47.1
2026-08-09,nfl football,NFL,295000.0,14500.0,-0.3317972350230415,-0.949243349938904,-0.5854409256100274,-0.63,47.0
2026-08-09,nfl on cbs,NFL,21700.0,1900.0,0.0,-0.9383116883116883,-0.42865463016889926,-0.93,47.0
2026-08-09,cfb rankings espn,CFB,140.0,10.0,0.0,-0.25000000000000006,-0.9548387096774194,0.0,46.9
2026-08-09,nfl futures bets,NFL,660.0,310.0,-0.20512820512820512,0.054945054945055014,-0.6759098786828424,-0.74,46.3
2026-08-09,nfl picks 1,NFL,50.0,10.0,-0.5,0.6999999999999998,0.22727272727272735,-0.67,46.2
2026-08-09,cfb rankings by week,CFB,50.0,10.0,0.0,-0.5714285714285714,-0.7777777777777777,0.0,45.9
2026-08-09,cbs college football,CFB,9700.0,1200.0,0.0,-0.6936936936936938,-0.8759623609923011,-0.25,45.8
2026-08-09,combine nfl 2026,NFL,1200.0,20.0,-0.3333333333333333,-0.9860671310956302,122.15384615384616,0.0,45.5
2026-08-09,nfl kansas city,NFL,7900.0,1000.0,-0.16666666666666666,-0.4035087719298246,-0.882882882882883,-0.38,45.3
2026-08-09,nfl 2026 preseason,NFL,60.0,90.0,-0.5714285714285714,0.7826086956521737,20.333333333333336,2.0,45.0
2026-08-09,nfl power rankings 2024,NFL,110.0,10.0,-0.5,-0.5833333333333333,-0.8349514563106796,-0.93,44.9
2026-08-09,what is a nfl,NFL,1200.0,660.0,-0.2235294117647059,-0.3723404255319149,-0.18832891246684355,0.14,44.8
2026-08-09,cfb rankings week 1,CFB,60.0,0.0,-1.0,-0.5,-0.9154929577464789,0.0,44.2
2026-08-09,nfl george pickens,NFL,170.0,60.0,0.0,-0.42222222222222217,-0.43200000000000005,-0.14,43.9
2026-08-09,espn nfl football,NFL,3500.0,470.0,0.0,-0.7703927492447129,-0.7337258750408897,0.0,43.8
2026-08-09,nfl career simulator,NFL,1200.0,850.0,-0.15,-0.34146341463414637,-0.15632754342431762,0.29,43.3
2026-08-09,nfl t shirt,NFL,2900.0,1000.0,0.0,-0.5675675675675675,-0.5431034482758621,-0.47,43.1
2026-08-09,nfl 2026 schedules,NFL,90.0,50.0,-0.8387096774193549,-0.02083333333333339,7.636363636363637,1.5,42.8
2026-08-09,pro bowl nfl 2026,NFL,140.0,10.0,0.0,-0.9793103448275862,4.481481481481481,0.0,42.6
2026-08-09,nfl 2026 game,NFL,210.0,210.0,-0.5531914893617021,-0.13265306122448992,1.1279069767441858,0.91,42.3
2026-08-09,nfl funny moments,NFL,1900.0,850.0,0.0,-0.49056603773584906,-0.5,-0.55,42.1
2026-08-09,nfl spreadsheet,NFL,90.0,10.0,0.0,-0.6666666666666666,-0.8222222222222222,-0.67,41.3
2026-08-09,ultimate cfb rankings,CFB,50.0,0.0,,-1.0,-0.9622641509433962,0.0,41.3
2026-08-09,nfl cowboys,NFL,17800.0,2900.0,-0.32558139534883723,-0.25149700598802394,-0.8309206716850028,-0.45,40.9
2026-08-09,nfl 2026 combine,NFL,210.0,10.0,-0.5,-0.909502262443439,39.16666666666667,0.0,40.7
2026-08-09,nfl giants,NFL,9700.0,2400.0,-0.1724137931034483,-0.22627737226277375,-0.7293986636971047,-0.17,40.4
2026-08-09,best nfl moments,NFL,660.0,390.0,-0.1702127659574468,-0.3364055299539171,-0.24159663865546227,-0.33,40.3
2026-08-09,nfl best moments,NFL,660.0,390.0,-0.1702127659574468,-0.3364055299539171,-0.24159663865546227,-0.33,40.3
2026-08-09,eagles nfl,NFL,11900.0,2400.0,-0.1724137931034483,-0.6796875,-0.6519052523171988,-0.17,40.2
2026-08-09,nfl cards,NFL,6500.0,3500.0,-0.18604651162790697,-0.39069767441860465,-0.11282051282051278,-0.19,40.2
2026-08-09,nfl 2026 opponents,NFL,310.0,10.0,-0.9411764705882353,-0.8227272727272728,1.5643564356435644,0.0,40.1
2026-08-09,nfl best celebration,NFL,850.0,310.0,-0.20512820512820512,-0.4784688995215311,-0.534407027818448,-0.47,39.7
2026-08-09,nfl edits,NFL,9700.0,2900.0,0.0,-0.5809128630705394,-0.5263157894736842,-0.7,39.4
2026-08-09,nflbradzone,NFL,90.0,260.0,0.8571428571428571,0.46153846153846156,6.384615384615385,2.71,39.3
2026-08-09,nfl injuries,NFL,17800.0,1000.0,-0.16666666666666666,-0.7518248175182483,-0.9080150618612157,-0.85,39.2
2026-08-09,nfl helmets,NFL,7900.0,2900.0,-0.5538461538461539,-0.3287671232876712,-0.4512743628185907,-0.45,38.9
2026-08-09,nfl flag,NFL,6500.0,2900.0,-0.17142857142857143,-0.6514657980456027,-0.04608294930875572,-0.63,38.9
2026-08-09,nfl 2026 hall of fame,NFL,90.0,10.0,-0.5,-0.9210526315789473,1.8275862068965512,-0.67,38.7
2026-08-09,nfl 2026 logo,NFL,90.0,30.0,0.0,-0.8253968253968255,1.4666666666666666,0.0,38.6
2026-08-09,nfl h,NFL,3500.0,1600.0,-0.15789473684210525,-0.5354330708661417,-0.2762645914396887,0.0,38.4
2026-08-09,nflonfox,NFL,32400.0,660.0,-0.34,-0.9489443378119001,-0.8138048282896975,-0.65,38.1
2026-08-09,nfl gear,NFL,6500.0,1200.0,0.0,-0.75,-0.6836555360281196,-0.5,38.0
2026-08-09,nfl jaguars,NFL,5300.0,850.0,-0.15,-0.6980198019801981,-0.7044943820224718,-0.15,38.0
2026-08-09,college football app,CFB,470.0,110.0,0.0,-0.3095238095238095,-0.8599605522682445,-0.58,38.0
2026-08-09,nfl is back,NFL,310.0,50.0,0.6666666666666666,-0.13333333333333328,-0.9202279202279203,-0.91,37.8
2026-08-09,nfl career filter,NFL,110.0,140.0,0.2727272727272727,-0.11428571428571437,-0.07042253521126757,-0.18,37.6
2026-08-09,nfl lee,NFL,4300.0,1200.0,-0.25,-0.4817518248175183,-0.25714285714285723,-0.72,37.4
2026-08-09,the nfl,NFL,3500.0,850.0,-0.15,-0.6980198019801981,-0.512962962962963,-0.15,37.3
2026-08-09,nfl 2026 qb draft class,NFL,60.0,10.0,0.0,-0.6333333333333333,0.20588235294117643,0.0,37.3
2026-08-09,nfl dolphins,NFL,3500.0,1200.0,-0.3684210526315789,-0.28571428571428575,-0.6521739130434783,-0.25,37.2
2026-08-09,woman nfl,NFL,1600.0,1000.0,0.17647058823529413,-0.36666666666666664,-0.3717948717948718,-0.17,36.8
2026-08-09,nfl kendrick lamar,NFL,210.0,60.0,0.0,-0.8429752066115703,0.28440366972477077,-0.71,36.8
2026-08-09,nflacademy,NFL,1600.0,1000.0,0.17647058823529413,0.6507177033492824,-0.6166089965397924,0.18,36.7
2026-08-09,nfl song,NFL,3500.0,1200.0,-0.25,-0.5319148936170213,-0.5106382978723404,-0.59,36.5
2026-08-09,nfl karol g,NFL,260.0,10.0,-0.5,-0.3333333333333333,-0.9482758620689655,0.0,36.3
2026-08-09,nfl d,NFL,580.0,170.0,0.0,0.4264705882352941,0.018518518518518517,-0.19,36.2
2026-08-09,c nfl logo,NFL,70.0,50.0,0.6666666666666666,-0.56,-0.4,0.0,36.0
2026-08-09,nfl dances,NFL,580.0,580.0,-0.12121212121212122,0.21951219512195122,-0.22662889518413604,0.23,35.9
2026-08-09,nfl jersey for cheap,NFL,5300.0,2400.0,0.0,-0.3628318584070796,-0.6482889733840304,-0.17,35.7
2026-08-09,nfl joe burrow,NFL,260.0,60.0,-0.14285714285714285,-0.5652173913043478,-0.7306122448979592,-0.65,35.7
2026-08-09,sf nfl,NFL,1200.0,390.0,0.25806451612903225,-0.6955307262569833,-0.5399014778325123,0.0,35.6
2026-08-09,nfl card breaks,NFL,90.0,50.0,0.0,-0.6388888888888888,0.02083333333333339,-0.29,35.4
2026-08-09,nfl highlights,NFL,295000.0,11900.0,-0.1793103448275862,-0.8593155893536122,-0.8931331177727846,-0.63,35.1
2026-08-09,nfl dynasty,NFL,390.0,390.0,0.0,0.06837606837606842,0.18048780487804866,0.0,35.1
2026-08-09,nfl celebrations,NFL,1600.0,580.0,-0.3176470588235294,-0.40731707317073174,-0.5162962962962964,-0.52,34.7
2026-08-09,nfl gloves,NFL,850.0,470.0,0.0,-0.3380281690140845,-0.4139072847682119,-0.19,34.7
2026-08-09,nflfans,NFL,210.0,260.0,0.8571428571428571,-0.27027027027027023,-0.03759398496240593,1.36,34.5
2026-08-09,nfl 2026 qb class,NFL,60.0,10.0,0.0,-0.6875000000000001,-0.5333333333333333,-0.67,34.3
2026-08-09,nfl 2026 awards,NFL,310.0,30.0,-0.4,-0.9632768361581922,,-0.95,34.1
2026-08-09,c nfl,NFL,1000.0,260.0,-0.16129032258064516,-0.6231884057971013,-0.5550351288056206,-0.33,33.6
2026-08-09,nfl c,NFL,1000.0,260.0,-0.16129032258064516,-0.6231884057971013,-0.5550351288056206,-0.33,33.6
2026-08-09,nfl fl,NFL,580.0,260.0,-0.3333333333333333,-0.3333333333333333,-0.401496259351621,0.0,33.4
2026-08-09,a nfl,NFL,390.0,140.0,0.5555555555555556,-0.7043478260869566,-0.556547619047619,0.0,33.2
2026-08-09,nfl a,NFL,390.0,140.0,0.5555555555555556,-0.7043478260869566,-0.556547619047619,0.0,33.2
2026-08-09,nfl filter,NFL,310.0,260.0,0.23809523809523808,-0.5555555555555555,0.08900523560209436,-0.16,33.2
2026-08-09,nfl live,NFL,3500.0,70.0,-0.9960674157303371,-0.8294117647058824,-0.6768286242408239,-1.0,33.1
2026-08-09,nfl 2k26,NFL,660.0,310.0,-0.20512820512820512,-0.46829268292682935,-0.4097744360902255,-0.34,33.0
2026-08-09,nfl clips,NFL,850.0,310.0,-0.20512820512820512,-0.4776785714285714,-0.5163120567375886,-0.64,32.9
2026-08-09,nfl figures,NFL,580.0,210.0,-0.19230769230769232,-0.3676470588235293,-0.5033557046979866,-0.32,32.8
2026-08-09,nfl jersey,NFL,48500.0,14500.0,-0.3317972350230415,-0.3966480446927374,-0.6813235620697312,-0.45,32.6
2026-08-09,nfl jerseys,NFL,48500.0,14500.0,-0.3317972350230415,-0.3966480446927374,-0.6813235620697312,-0.45,32.6
2026-08-09,nfl blanket,NFL,660.0,170.0,0.0,-0.5416666666666666,-0.680073126142596,-0.45,32.5
2026-08-09,nfl breaks,NFL,170.0,110.0,0.8333333333333334,-0.5185185185185185,-0.30434782608695643,-0.21,32.0
2026-08-09,f nfl,NFL,470.0,60.0,-0.14285714285714285,-0.5488721804511278,-0.4061538461538461,-0.45,31.9
2026-08-09,nfl f,NFL,470.0,60.0,-0.14285714285714285,-0.5488721804511278,-0.4061538461538461,-0.45,31.9
2026-08-09,nfl 2026 uniforms,NFL,70.0,20.0,-0.3333333333333333,-0.8313253012048193,,-0.6,31.7
2026-08-09,nfl family,NFL,260.0,140.0,0.2727272727272727,-0.5185185185185185,-0.375,-0.33,31.6
2026-08-09,nfl juke,NFL,470.0,170.0,-0.34615384615384615,-0.36697247706422015,-0.4622356495468277,-0.64,31.3
2026-08-09,nfl jersey for women,NFL,1000.0,260.0,-0.16129032258064516,-0.5944700460829494,-0.6640969162995595,-0.55,31.1
2026-08-09,e nfl,NFL,210.0,70.0,0.16666666666666666,-0.5789473684210527,-0.4295774647887324,-0.22,30.8
2026-08-09,nfl e,NFL,210.0,70.0,0.16666666666666666,-0.5789473684210527,-0.4295774647887324,-0.22,30.8
2026-08-09,nfl jefferson,NFL,390.0,110.0,-0.35294117647058826,-0.4246575342465754,-0.6266233766233767,-0.48,30.7
2026-08-09,b nfl,NFL,260.0,60.0,-0.14285714285714285,-0.752808988764045,-0.41578947368421054,-0.33,30.1
2026-08-09,nfl b,NFL,260.0,60.0,-0.14285714285714285,-0.752808988764045,-0.41578947368421054,-0.33,30.1
2026-08-09,nfl interviews,NFL,390.0,70.0,-0.36363636363636365,-0.7368421052631579,-0.4125874125874126,-0.73,30.0
2026-08-09,nfl blue,NFL,90.0,60.0,0.0,-0.2962962962962963,-0.2580645161290322,0.2,30.0
2026-08-09,i nfl,NFL,140.0,50.0,-0.16666666666666666,-0.42857142857142855,-0.43298969072164945,-0.17,29.4
2026-08-09,nfl i,NFL,140.0,50.0,-0.16666666666666666,-0.42857142857142855,-0.43298969072164945,-0.17,29.4
2026-08-09,nfl intros,NFL,210.0,70.0,0.0,-0.6111111111111112,-0.609375,-0.67,29.1
2026-08-09,nfl bag,NFL,110.0,70.0,-0.2222222222222222,-0.28125,-0.3452380952380952,-0.36,28.8
2026-08-09,nfl items,NFL,60.0,30.0,0.0,-0.5,-0.52,0.0,27.6
2026-08-09,nfl hotel,NFL,50.0,20.0,0.0,-0.45454545454545453,-0.5,0.0,27.2
2026-08-09,nfl kelce,NFL,90.0,20.0,0.0,-0.7391304347826088,-0.6777777777777777,-0.6,26.6
2026-08-09,nfl baseball jersey,NFL,110.0,60.0,-0.14285714285714285,0.0,-0.6116504854368932,-0.45,26.5
2026-08-09,g nfl,NFL,50.0,10.0,0.0,-0.5833333333333333,-0.46875000000000006,-0.5,26.0
2026-08-09,nfl j,NFL,60.0,10.0,-0.5,-0.6666666666666666,-0.45454545454545453,-0.67,24.9
2026-08-09,nfl k,NFL,50.0,10.0,-0.5,-0.6428571428571428,-0.5249999999999999,-0.5,24.7
2026-08-09,nfl 2026 highlights,NFL,50.0,50.0,0.0,-0.5294117647058824,,-0.71,24.2
2026-08-09,nfl 2026 draft,NFL,655000.0,72100.0,-0.4537878787878788,4.1990764063811925,17.805654610290375,3.05,72.3
2026-08-09,nfl power rankings 2026,NFL,1900.0,7900.0,0.0,6.5,6.321167883211679,19.26,70.8
2026-08-09,nfl picks draft,NFL,32400.0,1900.0,-0.6415094339622641,9.909747292418771,12.861344537815128,-0.34,70.1
2026-08-09,nfl 2026 draft picks,NFL,580.0,110.0,-0.5769230769230769,3.0964912280701755,5.384615384615385,4.5,66.5
2026-08-09,nfl power rankings,NFL,197000.0,17800.0,-0.17972350230414746,-0.40498442367601245,-0.9386311878221263,-0.33,64.7
2026-08-09,nfl power rankings post draft,NFL,660.0,260.0,-0.8916666666666667,264.33333333333337,21.194444444444446,0.24,62.5
2026-08-09,cfb rankings,CFB,360000.0,3500.0,-0.33962264150943394,-0.8245363766048502,-0.9797647405515582,-0.64,61.9
2026-08-09,nfl game today,NFL,3276000.0,11900.0,-0.45161290322580644,-0.9955964892228285,-0.3893176398297026,-0.87,59.4
2026-08-09,nfl hall of fame game 2026,NFL,850.0,4300.0,0.7916666666666666,2.318965517241379,9.547368421052632,15.54,59.3
2026-08-09,cfb rankings 2026,CFB,470.0,850.0,-0.2916666666666667,1.89010989010989,0.6388888888888888,0.81,59.0
2026-08-09,nfl 2026 schedule,NFL,11900.0,9700.0,-0.8,0.8269230769230769,8.074074074074074,13.7,58.6
2026-08-09,nfl picks today,NFL,32400.0,210.0,-0.19230769230769232,-0.9092778793418647,-0.8464779671920232,-0.83,58.0
2026-08-09,college football picks,CFB,26500.0,310.0,0.0,-0.9148936170212766,-0.949,-0.69,58.0
2026-08-09,nfl picks,NFL,48500.0,1200.0,-0.5,-0.7514518002322881,-0.7834407735697018,-0.37,57.4
2026-08-09,nfl predictions,NFL,32400.0,7900.0,-0.18556701030927836,-0.704895104895105,-0.6789181692094313,-0.34,57.3
2026-08-09,nfl power rankings 2025,NFL,14500.0,140.0,-0.3333333333333333,-0.8497109826589595,-0.974037834311807,-0.99,57.1
2026-08-09,'nfl,NFL,24370000.0,1795000.0,-0.18223234624145787,-0.913893945849634,-0.6411201556340552,-0.45,56.8
2026-08-09,nfl,NFL,24370000.0,1795000.0,-0.18223234624145787,-0.913893945849634,-0.6411201556340552,-0.45,56.8
2026-08-09,nfl's,NFL,24370000.0,1795000.0,-0.18223234624145787,-0.913893945849634,-0.6411201556340552,-0.45,56.8
2026-08-09,draft nfl 2026,NFL,1900.0,210.0,-0.5531914893617021,1.9333333333333333,13.927710843373493,6.0,56.5
2026-08-09,2026 nfl win totals,NFL,70.0,70.0,-0.36363636363636365,-0.5370370370370371,12.166666666666666,6.0,56.1
2026-08-09,college football spreads,CFB,7900.0,310.0,-0.20512820512820512,-0.8614540466392319,-0.8962629671291088,0.0,56.0
2026-08-09,nfl power rankings update,NFL,260.0,60.0,1.0,0.25,-0.8981132075471698,1.0,55.9
2026-08-09,nfl spreads,NFL,26500.0,310.0,-0.20512820512820512,-0.9845234446828072,-0.7262475214805023,-0.47,55.8
2026-08-09,nfl odds,NFL,88400.0,2400.0,0.0,-0.9697653429602888,-0.7065552699228792,-0.44,55.6
2026-08-09,nfl power rankings week 2,NFL,3500.0,10.0,-0.5,-0.6666666666666666,-0.9951495553759094,0.0,55.4
2026-08-09,cfb rankings today,CFB,2400.0,30.0,0.5,-0.8461538461538461,-0.985289310232102,0.5,55.2
2026-08-09,nfl picks tonight,NFL,850.0,50.0,4.0,-0.4307692307692308,-0.8957055214723927,-0.29,55.0
2026-08-09,nfl power rankings week 16,NFL,2400.0,20.0,-0.3333333333333333,-0.7037037037037036,-0.986886474334957,0.0,54.7
2026-08-09,nfl news,NFL,983000.0,655000.0,0.0,-0.41237113402061853,0.05792796138135908,0.0,54.6
2026-08-09,nfl g,NFL,5988000.0,59300.0,-0.32918552036199095,-0.9861492432242168,-0.6639946338997551,-0.8,54.3
2026-08-09,nfl game,NFL,5988000.0,59300.0,-0.32918552036199095,-0.9861492432242168,-0.6639946338997551,-0.8,54.3
2026-08-09,nfl predictions today,NFL,9700.0,60.0,-0.5714285714285714,-0.9805167301990683,-0.7675743530320588,-0.91,53.9
2026-08-09,cfb rankings 2025,CFB,6500.0,140.0,-0.17647058823529413,-0.5909090909090909,-0.9787087912087912,-0.95,53.9
2026-08-09,college football,CFB,3276000.0,132000.0,0.0,-0.9338624338624338,-0.794831097268807,-0.55,53.8
2026-08-09,college football odds,CFB,17800.0,850.0,0.0,-0.9031847133757962,-0.8736919315403423,-0.47,53.5
2026-08-09,nfl power rankings week 15,NFL,1600.0,10.0,-0.5,-0.6923076923076923,-0.9904974846282839,0.0,53.3
2026-08-09,nfl win totals,NFL,850.0,470.0,-0.4470588235294118,1.144736842105263,-0.6943734015345269,-0.71,52.7
2026-08-09,topps nfl 2026,NFL,390.0,260.0,-0.44680851063829785,2.597701149425287,39.0,25.0,52.7
2026-08-09,cfb predictions,CFB,2400.0,470.0,0.5161290322580645,-0.4858490566037736,-0.8851520572450805,-0.45,51.7
2026-08-09,new cfb rankings,CFB,1200.0,10.0,0.0,-0.625,-0.9931634555624611,0.0,51.7
2026-08-09,college football games,CFB,132000.0,5300.0,0.0,-0.9374015748031496,-0.8024881083058909,-0.63,51.6
2026-08-09,nfl hall of fame,NFL,21700.0,11900.0,0.0,-0.6574642126789367,0.1487314085739282,-0.55,51.5
2026-08-09,cfb picks,CFB,3500.0,50.0,0.6666666666666666,-0.9458128078817735,-0.9496114904638568,-0.71,51.4
2026-08-09,college football betting,CFB,3500.0,580.0,0.48717948717948717,-0.5414012738853503,-0.8811932555123217,-0.32,51.3
2026-08-09,nfl 2026 playoff predictions,NFL,140.0,110.0,-0.21428571428571427,-0.5633802816901408,0.728813559322034,0.0,51.3
2026-08-09,nfl predictions 2025,NFL,2900.0,20.0,-0.3333333333333333,-0.7317073170731708,-0.9838659633881476,-0.99,51.1
2026-08-09,cfb rankings prediction,CFB,660.0,20.0,1.0,-0.6428571428571428,-0.9756722151088347,-0.6,51.0
2026-08-09,playoffs nfl 2026,NFL,1200.0,170.0,0.0,-0.9480415667466028,4.222222222222222,4.67,50.5
2026-08-09,nfl bad bunny,NFL,4300.0,210.0,-0.19230769230769232,-0.9678082191780821,0.4574468085106383,20.0,50.2
2026-08-09,nfl 2026 season,NFL,660.0,850.0,-0.46875,0.013888888888888952,4.534351145038167,5.07,49.9
2026-08-09,updated cfb rankings,CFB,850.0,20.0,0.0,-0.5454545454545454,-0.9838872104733132,-0.6,49.7
2026-08-09,sunflower,NFL,360000.0,360000.0,-0.1836734693877551,0.06976744186046512,0.02780153977758763,-0.18,49.6
2026-08-09,cfb rankings preseason,CFB,70.0,90.0,0.0,4.25,-0.5535714285714286,-0.57,49.4
2026-08-09,nfl team,NFL,197000.0,108000.0,-0.18181818181818182,-0.2765072765072766,-0.38318452380952384,0.0,49.3
2026-08-09,nfl 2026 super bowl,NFL,580.0,310.0,0.47619047619047616,-0.7897574123989218,1.5224719101123596,1.21,49.2
2026-08-09,early cfb rankings,CFB,60.0,70.0,0.0,-0.08695652173913049,1.0952380952380951,-0.22,48.9
2026-08-09,nfl 2026 week 1,NFL,170.0,210.0,-0.6818181818181818,0.47945205479452047,5.241379310344827,9.5,48.8
2026-08-09,nfl 2026 mock draft,NFL,14500.0,310.0,-0.46551724137931033,-0.7275510204081633,0.1455380577427822,-0.87,48.7
2026-08-09,nfl betting,NFL,6500.0,660.0,-0.34,-0.8505617977528089,-0.6490566037735849,-0.81,47.5
2026-08-09,cfb rankings all teams,CFB,90.0,10.0,0.0,-0.4,-0.9175257731958762,0.0,47.5
2026-08-09,nfl players,NFL,295000.0,21700.0,-0.1811320754716981,-0.871517027863777,-0.775346687211094,-0.55,47.2
2026-08-09,nfl futures,NFL,2400.0,1000.0,0.0,-0.48846153846153845,-0.5751351351351351,-0.47,47.2
2026-08-09,nfl 2026,NFL,3500.0,3500.0,-0.46153846153846156,-0.3222748815165876,4.299401197604791,5.03,47.1
2026-08-09,nfl football,NFL,295000.0,14500.0,-0.3317972350230415,-0.949243349938904,-0.5854409256100274,-0.63,47.0
2026-08-09,nfl on cbs,NFL,21700.0,1900.0,0.0,-0.9383116883116883,-0.42865463016889926,-0.93,47.0
2026-08-09,cfb rankings espn,CFB,140.0,10.0,0.0,-0.25000000000000006,-0.9548387096774194,0.0,46.9
2026-08-09,nfl futures bets,NFL,660.0,310.0,-0.20512820512820512,0.054945054945055014,-0.6759098786828424,-0.74,46.3
2026-08-09,nfl picks 1,NFL,50.0,10.0,-0.5,0.6999999999999998,0.22727272727272735,-0.67,46.2
2026-08-09,cfb rankings by week,CFB,50.0,10.0,0.0,-0.5714285714285714,-0.7777777777777777,0.0,45.9
2026-08-09,cbs college football,CFB,9700.0,1200.0,0.0,-0.6936936936936938,-0.8759623609923011,-0.25,45.8
2026-08-09,combine nfl 2026,NFL,1200.0,20.0,-0.3333333333333333,-0.9860671310956302,122.15384615384616,0.0,45.5
2026-08-09,nfl kansas city,NFL,7900.0,1000.0,-0.16666666666666666,-0.4035087719298246,-0.882882882882883,-0.38,45.3
2026-08-09,nfl 2026 preseason,NFL,60.0,90.0,-0.5714285714285714,0.7826086956521737,20.333333333333336,2.0,45.0
2026-08-09,nfl power rankings 2024,NFL,110.0,10.0,-0.5,-0.5833333333333333,-0.8349514563106796,-0.93,44.9
2026-08-09,what is a nfl,NFL,1200.0,660.0,-0.2235294117647059,-0.3723404255319149,-0.18832891246684355,0.14,44.8
2026-08-09,cfb rankings week 1,CFB,60.0,0.0,-1.0,-0.5,-0.9154929577464789,0.0,44.2
2026-08-09,nfl george pickens,NFL,170.0,60.0,0.0,-0.42222222222222217,-0.43200000000000005,-0.14,43.9
2026-08-09,espn nfl football,NFL,3500.0,470.0,0.0,-0.7703927492447129,-0.7337258750408897,0.0,43.8
2026-08-09,nfl career simulator,NFL,1200.0,850.0,-0.15,-0.34146341463414637,-0.15632754342431762,0.29,43.3
2026-08-09,nfl t shirt,NFL,2900.0,1000.0,0.0,-0.5675675675675675,-0.5431034482758621,-0.47,43.1
2026-08-09,nfl 2026 schedules,NFL,90.0,50.0,-0.8387096774193549,-0.02083333333333339,7.636363636363637,1.5,42.8
2026-08-09,pro bowl nfl 2026,NFL,140.0,10.0,0.0,-0.9793103448275862,4.481481481481481,0.0,42.6
2026-08-09,nfl 2026 game,NFL,210.0,210.0,-0.5531914893617021,-0.13265306122448992,1.1279069767441858,0.91,42.3
2026-08-09,nfl funny moments,NFL,1900.0,850.0,0.0,-0.49056603773584906,-0.5,-0.55,42.1
2026-08-09,nfl spreadsheet,NFL,90.0,10.0,0.0,-0.6666666666666666,-0.8222222222222222,-0.67,41.3
2026-08-09,ultimate cfb rankings,CFB,50.0,0.0,,-1.0,-0.9622641509433962,0.0,41.3
2026-08-09,nfl cowboys,NFL,17800.0,2900.0,-0.32558139534883723,-0.25149700598802394,-0.8309206716850028,-0.45,40.9
2026-08-09,nfl 2026 combine,NFL,210.0,10.0,-0.5,-0.909502262443439,39.16666666666667,0.0,40.7
2026-08-09,nfl giants,NFL,9700.0,2400.0,-0.1724137931034483,-0.22627737226277375,-0.7293986636971047,-0.17,40.4
2026-08-09,best nfl moments,NFL,660.0,390.0,-0.1702127659574468,-0.3364055299539171,-0.24159663865546227,-0.33,40.3
2026-08-09,nfl best moments,NFL,660.0,390.0,-0.1702127659574468,-0.3364055299539171,-0.24159663865546227,-0.33,40.3
2026-08-09,eagles nfl,NFL,11900.0,2400.0,-0.1724137931034483,-0.6796875,-0.6519052523171988,-0.17,40.2
2026-08-09,nfl cards,NFL,6500.0,3500.0,-0.18604651162790697,-0.39069767441860465,-0.11282051282051278,-0.19,40.2
2026-08-09,nfl 2026 opponents,NFL,310.0,10.0,-0.9411764705882353,-0.8227272727272728,1.5643564356435644,0.0,40.1
2026-08-09,nfl best celebration,NFL,850.0,310.0,-0.20512820512820512,-0.4784688995215311,-0.534407027818448,-0.47,39.7
2026-08-09,nfl edits,NFL,9700.0,2900.0,0.0,-0.5809128630705394,-0.5263157894736842,-0.7,39.4
2026-08-09,nflbradzone,NFL,90.0,260.0,0.8571428571428571,0.46153846153846156,6.384615384615385,2.71,39.3
2026-08-09,nfl injuries,NFL,17800.0,1000.0,-0.16666666666666666,-0.7518248175182483,-0.9080150618612157,-0.85,39.2
2026-08-09,nfl helmets,NFL,7900.0,2900.0,-0.5538461538461539,-0.3287671232876712,-0.4512743628185907,-0.45,38.9
2026-08-09,nfl flag,NFL,6500.0,2900.0,-0.17142857142857143,-0.6514657980456027,-0.04608294930875572,-0.63,38.9
2026-08-09,nfl 2026 hall of fame,NFL,90.0,10.0,-0.5,-0.9210526315789473,1.8275862068965512,-0.67,38.7
2026-08-09,nfl 2026 logo,NFL,90.0,30.0,0.0,-0.8253968253968255,1.4666666666666666,0.0,38.6
2026-08-09,nfl h,NFL,3500.0,1600.0,-0.15789473684210525,-0.5354330708661417,-0.2762645914396887,0.0,38.4
2026-08-09,nflonfox,NFL,32400.0,660.0,-0.34,-0.9489443378119001,-0.8138048282896975,-0.65,38.1
2026-08-09,nfl gear,NFL,6500.0,1200.0,0.0,-0.75,-0.6836555360281196,-0.5,38.0
2026-08-09,nfl jaguars,NFL,5300.0,850.0,-0.15,-0.6980198019801981,-0.7044943820224718,-0.15,38.0
2026-08-09,college football app,CFB,470.0,110.0,0.0,-0.3095238095238095,-0.8599605522682445,-0.58,38.0
2026-08-09,nfl is back,NFL,310.0,50.0,0.6666666666666666,-0.13333333333333328,-0.9202279202279203,-0.91,37.8
2026-08-09,nfl career filter,NFL,110.0,140.0,0.2727272727272727,-0.11428571428571437,-0.07042253521126757,-0.18,37.6
2026-08-09,nfl lee,NFL,4300.0,1200.0,-0.25,-0.4817518248175183,-0.25714285714285723,-0.72,37.4
2026-08-09,the nfl,NFL,3500.0,850.0,-0.15,-0.6980198019801981,-0.512962962962963,-0.15,37.3
2026-08-09,nfl 2026 qb draft class,NFL,60.0,10.0,0.0,-0.6333333333333333,0.20588235294117643,0.0,37.3
2026-08-09,nfl dolphins,NFL,3500.0,1200.0,-0.3684210526315789,-0.28571428571428575,-0.6521739130434783,-0.25,37.2
2026-08-09,woman nfl,NFL,1600.0,1000.0,0.17647058823529413,-0.36666666666666664,-0.3717948717948718,-0.17,36.8
2026-08-09,nfl kendrick lamar,NFL,210.0,60.0,0.0,-0.8429752066115703,0.28440366972477077,-0.71,36.8
2026-08-09,nflacademy,NFL,1600.0,1000.0,0.17647058823529413,0.6507177033492824,-0.6166089965397924,0.18,36.7
2026-08-09,nfl song,NFL,3500.0,1200.0,-0.25,-0.5319148936170213,-0.5106382978723404,-0.59,36.5
2026-08-09,nfl karol g,NFL,260.0,10.0,-0.5,-0.3333333333333333,-0.9482758620689655,0.0,36.3
2026-08-09,nfl d,NFL,580.0,170.0,0.0,0.4264705882352941,0.018518518518518517,-0.19,36.2
2026-08-09,c nfl logo,NFL,70.0,50.0,0.6666666666666666,-0.56,-0.4,0.0,36.0
2026-08-09,nfl dances,NFL,580.0,580.0,-0.12121212121212122,0.21951219512195122,-0.22662889518413604,0.23,35.9
2026-08-09,nfl jersey for cheap,NFL,5300.0,2400.0,0.0,-0.3628318584070796,-0.6482889733840304,-0.17,35.7
2026-08-09,nfl joe burrow,NFL,260.0,60.0,-0.14285714285714285,-0.5652173913043478,-0.7306122448979592,-0.65,35.7
2026-08-09,sf nfl,NFL,1200.0,390.0,0.25806451612903225,-0.6955307262569833,-0.5399014778325123,0.0,35.6
2026-08-09,nfl card breaks,NFL,90.0,50.0,0.0,-0.6388888888888888,0.02083333333333339,-0.29,35.4
2026-08-09,nfl highlights,NFL,295000.0,11900.0,-0.1793103448275862,-0.8593155893536122,-0.8931331177727846,-0.63,35.1
2026-08-09,nfl dynasty,NFL,390.0,390.0,0.0,0.06837606837606842,0.18048780487804866,0.0,35.1
2026-08-09,nfl celebrations,NFL,1600.0,580.0,-0.3176470588235294,-0.40731707317073174,-0.5162962962962964,-0.52,34.7
2026-08-09,nfl gloves,NFL,850.0,470.0,0.0,-0.3380281690140845,-0.4139072847682119,-0.19,34.7
2026-08-09,nflfans,NFL,210.0,260.0,0.8571428571428571,-0.27027027027027023,-0.03759398496240593,1.36,34.5
2026-08-09,nfl 2026 qb class,NFL,60.0,10.0,0.0,-0.6875000000000001,-0.5333333333333333,-0.67,34.3
2026-08-09,nfl 2026 awards,NFL,310.0,30.0,-0.4,-0.9632768361581922,,-0.95,34.1
2026-08-09,c nfl,NFL,1000.0,260.0,-0.16129032258064516,-0.6231884057971013,-0.5550351288056206,-0.33,33.6
2026-08-09,nfl c,NFL,1000.0,260.0,-0.16129032258064516,-0.6231884057971013,-0.5550351288056206,-0.33,33.6
2026-08-09,nfl fl,NFL,580.0,260.0,-0.3333333333333333,-0.3333333333333333,-0.401496259351621,0.0,33.4
2026-08-09,a nfl,NFL,390.0,140.0,0.5555555555555556,-0.7043478260869566,-0.556547619047619,0.0,33.2
2026-08-09,nfl a,NFL,390.0,140.0,0.5555555555555556,-0.7043478260869566,-0.556547619047619,0.0,33.2
2026-08-09,nfl filter,NFL,310.0,260.0,0.23809523809523808,-0.5555555555555555,0.08900523560209436,-0.16,33.2
2026-08-09,nfl live,NFL,3500.0,70.0,-0.9960674157303371,-0.8294117647058824,-0.6768286242408239,-1.0,33.1
2026-08-09,nfl 2k26,NFL,660.0,310.0,-0.20512820512820512,-0.46829268292682935,-0.4097744360902255,-0.34,33.0
2026-08-09,nfl clips,NFL,850.0,310.0,-0.20512820512820512,-0.4776785714285714,-0.5163120567375886,-0.64,32.9
2026-08-09,nfl figures,NFL,580.0,210.0,-0.19230769230769232,-0.3676470588235293,-0.5033557046979866,-0.32,32.8
2026-08-09,nfl jersey,NFL,48500.0,14500.0,-0.3317972350230415,-0.3966480446927374,-0.6813235620697312,-0.45,32.6
2026-08-09,nfl jerseys,NFL,48500.0,14500.0,-0.3317972350230415,-0.3966480446927374,-0.6813235620697312,-0.45,32.6
2026-08-09,nfl blanket,NFL,660.0,170.0,0.0,-0.5416666666666666,-0.680073126142596,-0.45,32.5
2026-08-09,nfl breaks,NFL,170.0,110.0,0.8333333333333334,-0.5185185185185185,-0.30434782608695643,-0.21,32.0
2026-08-09,f nfl,NFL,470.0,60.0,-0.14285714285714285,-0.5488721804511278,-0.4061538461538461,-0.45,31.9
2026-08-09,nfl f,NFL,470.0,60.0,-0.14285714285714285,-0.5488721804511278,-0.4061538461538461,-0.45,31.9
2026-08-09,nfl 2026 uniforms,NFL,70.0,20.0,-0.3333333333333333,-0.8313253012048193,,-0.6,31.7
2026-08-09,nfl family,NFL,260.0,140.0,0.2727272727272727,-0.5185185185185185,-0.375,-0.33,31.6
2026-08-09,nfl juke,NFL,470.0,170.0,-0.34615384615384615,-0.36697247706422015,-0.4622356495468277,-0.64,31.3
2026-08-09,nfl jersey for women,NFL,1000.0,260.0,-0.16129032258064516,-0.5944700460829494,-0.6640969162995595,-0.55,31.1
2026-08-09,e nfl,NFL,210.0,70.0,0.16666666666666666,-0.5789473684210527,-0.4295774647887324,-0.22,30.8
2026-08-09,nfl e,NFL,210.0,70.0,0.16666666666666666,-0.5789473684210527,-0.4295774647887324,-0.22,30.8
2026-08-09,nfl jefferson,NFL,390.0,110.0,-0.35294117647058826,-0.4246575342465754,-0.6266233766233767,-0.48,30.7
2026-08-09,b nfl,NFL,260.0,60.0,-0.14285714285714285,-0.752808988764045,-0.41578947368421054,-0.33,30.1
2026-08-09,nfl b,NFL,260.0,60.0,-0.14285714285714285,-0.752808988764045,-0.41578947368421054,-0.33,30.1
2026-08-09,nfl interviews,NFL,390.0,70.0,-0.36363636363636365,-0.7368421052631579,-0.4125874125874126,-0.73,30.0
2026-08-09,nfl blue,NFL,90.0,60.0,0.0,-0.2962962962962963,-0.2580645161290322,0.2,30.0
2026-08-09,i nfl,NFL,140.0,50.0,-0.16666666666666666,-0.42857142857142855,-0.43298969072164945,-0.17,29.4
2026-08-09,nfl i,NFL,140.0,50.0,-0.16666666666666666,-0.42857142857142855,-0.43298969072164945,-0.17,29.4
2026-08-09,nfl intros,NFL,210.0,70.0,0.0,-0.6111111111111112,-0.609375,-0.67,29.1
2026-08-09,nfl bag,NFL,110.0,70.0,-0.2222222222222222,-0.28125,-0.3452380952380952,-0.36,28.8
2026-08-09,nfl items,NFL,60.0,30.0,0.0,-0.5,-0.52,0.0,27.6
2026-08-09,nfl hotel,NFL,50.0,20.0,0.0,-0.45454545454545453,-0.5,0.0,27.2
2026-08-09,nfl kelce,NFL,90.0,20.0,0.0,-0.7391304347826088,-0.6777777777777777,-0.6,26.6
2026-08-09,nfl baseball jersey,NFL,110.0,60.0,-0.14285714285714285,0.0,-0.6116504854368932,-0.45,26.5
2026-08-09,g nfl,NFL,50.0,10.0,0.0,-0.5833333333333333,-0.46875000000000006,-0.5,26.0
2026-08-09,nfl j,NFL,60.0,10.0,-0.5,-0.6666666666666666,-0.45454545454545453,-0.67,24.9
2026-08-09,nfl k,NFL,50.0,10.0,-0.5,-0.6428571428571428,-0.5249999999999999,-0.5,24.7
2026-08-09,nfl 2026 highlights,NFL,50.0,50.0,0.0,-0.5294117647058824,,-0.71,24.2
2026-08-10,nfl 2026 draft,NFL,655000.0,72100.0,-0.4537878787878788,4.1990764063811925,17.805654610290375,3.05,72.3
2026-08-10,nfl power rankings 2026,NFL,1900.0,7900.0,0.0,6.5,6.321167883211679,19.26,70.8
2026-08-10,nfl picks draft,NFL,32400.0,1900.0,-0.6415094339622641,9.909747292418771,12.861344537815128,-0.34,70.1
2026-08-10,nfl 2026 draft picks,NFL,580.0,110.0,-0.5769230769230769,3.0964912280701755,5.384615384615385,4.5,66.5
2026-08-10,nfl power rankings,NFL,197000.0,17800.0,-0.17972350230414746,-0.40498442367601245,-0.9386311878221263,-0.33,64.7
2026-08-10,nfl power rankings post draft,NFL,660.0,260.0,-0.8916666666666667,264.33333333333337,21.194444444444446,0.24,62.5
2026-08-10,cfb rankings,CFB,360000.0,3500.0,-0.33962264150943394,-0.8245363766048502,-0.9797647405515582,-0.64,61.9
2026-08-10,nfl game today,NFL,3276000.0,11900.0,-0.45161290322580644,-0.9955964892228285,-0.3893176398297026,-0.87,59.4
2026-08-10,nfl hall of fame game 2026,NFL,850.0,4300.0,0.7916666666666666,2.318965517241379,9.547368421052632,15.54,59.3
2026-08-10,cfb rankings 2026,CFB,470.0,850.0,-0.2916666666666667,1.89010989010989,0.6388888888888888,0.81,59.0
2026-08-10,nfl 2026 schedule,NFL,11900.0,9700.0,-0.8,0.8269230769230769,8.074074074074074,13.7,58.6
2026-08-10,nfl picks today,NFL,32400.0,210.0,-0.19230769230769232,-0.9092778793418647,-0.8464779671920232,-0.83,58.0
2026-08-10,college football picks,CFB,26500.0,310.0,0.0,-0.9148936170212766,-0.949,-0.69,58.0
2026-08-10,nfl picks,NFL,48500.0,1200.0,-0.5,-0.7514518002322881,-0.7834407735697018,-0.37,57.4
2026-08-10,nfl predictions,NFL,32400.0,7900.0,-0.18556701030927836,-0.704895104895105,-0.6789181692094313,-0.34,57.3
2026-08-10,nfl power rankings 2025,NFL,14500.0,140.0,-0.3333333333333333,-0.8497109826589595,-0.974037834311807,-0.99,57.1
2026-08-10,'nfl,NFL,24370000.0,1795000.0,-0.18223234624145787,-0.913893945849634,-0.6411201556340552,-0.45,56.8
2026-08-10,nfl,NFL,24370000.0,1795000.0,-0.18223234624145787,-0.913893945849634,-0.6411201556340552,-0.45,56.8
2026-08-10,nfl's,NFL,24370000.0,1795000.0,-0.18223234624145787,-0.913893945849634,-0.6411201556340552,-0.45,56.8
2026-08-10,draft nfl 2026,NFL,1900.0,210.0,-0.5531914893617021,1.9333333333333333,13.927710843373493,6.0,56.5
2026-08-10,2026 nfl win totals,NFL,70.0,70.0,-0.36363636363636365,-0.5370370370370371,12.166666666666666,6.0,56.1
2026-08-10,college football spreads,CFB,7900.0,310.0,-0.20512820512820512,-0.8614540466392319,-0.8962629671291088,0.0,56.0
2026-08-10,nfl power rankings update,NFL,260.0,60.0,1.0,0.25,-0.8981132075471698,1.0,55.9
2026-08-10,nfl spreads,NFL,26500.0,310.0,-0.20512820512820512,-0.9845234446828072,-0.7262475214805023,-0.47,55.8
2026-08-10,nfl odds,NFL,88400.0,2400.0,0.0,-0.9697653429602888,-0.7065552699228792,-0.44,55.6
2026-08-10,nfl power rankings week 2,NFL,3500.0,10.0,-0.5,-0.6666666666666666,-0.9951495553759094,0.0,55.4
2026-08-10,cfb rankings today,CFB,2400.0,30.0,0.5,-0.8461538461538461,-0.985289310232102,0.5,55.2
2026-08-10,nfl picks tonight,NFL,850.0,50.0,4.0,-0.4307692307692308,-0.8957055214723927,-0.29,55.0
2026-08-10,nfl power rankings week 16,NFL,2400.0,20.0,-0.3333333333333333,-0.7037037037037036,-0.986886474334957,0.0,54.7
2026-08-10,nfl news,NFL,983000.0,655000.0,0.0,-0.41237113402061853,0.05792796138135908,0.0,54.6
2026-08-10,nfl g,NFL,5988000.0,59300.0,-0.32918552036199095,-0.9861492432242168,-0.6639946338997551,-0.8,54.3
2026-08-10,nfl game,NFL,5988000.0,59300.0,-0.32918552036199095,-0.9861492432242168,-0.6639946338997551,-0.8,54.3
2026-08-10,nfl predictions today,NFL,9700.0,60.0,-0.5714285714285714,-0.9805167301990683,-0.7675743530320588,-0.91,53.9
2026-08-10,cfb rankings 2025,CFB,6500.0,140.0,-0.17647058823529413,-0.5909090909090909,-0.9787087912087912,-0.95,53.9
2026-08-10,college football,CFB,3276000.0,132000.0,0.0,-0.9338624338624338,-0.794831097268807,-0.55,53.8
2026-08-10,college football odds,CFB,17800.0,850.0,0.0,-0.9031847133757962,-0.8736919315403423,-0.47,53.5
2026-08-10,nfl power rankings week 15,NFL,1600.0,10.0,-0.5,-0.6923076923076923,-0.9904974846282839,0.0,53.3
2026-08-10,nfl win totals,NFL,850.0,470.0,-0.4470588235294118,1.144736842105263,-0.6943734015345269,-0.71,52.7
2026-08-10,topps nfl 2026,NFL,390.0,260.0,-0.44680851063829785,2.597701149425287,39.0,25.0,52.7
2026-08-10,cfb predictions,CFB,2400.0,470.0,0.5161290322580645,-0.4858490566037736,-0.8851520572450805,-0.45,51.7
2026-08-10,new cfb rankings,CFB,1200.0,10.0,0.0,-0.625,-0.9931634555624611,0.0,51.7
2026-08-10,college football games,CFB,132000.0,5300.0,0.0,-0.9374015748031496,-0.8024881083058909,-0.63,51.6
2026-08-10,nfl hall of fame,NFL,21700.0,11900.0,0.0,-0.6574642126789367,0.1487314085739282,-0.55,51.5
2026-08-10,cfb picks,CFB,3500.0,50.0,0.6666666666666666,-0.9458128078817735,-0.9496114904638568,-0.71,51.4
2026-08-10,college football betting,CFB,3500.0,580.0,0.48717948717948717,-0.5414012738853503,-0.8811932555123217,-0.32,51.3
2026-08-10,nfl 2026 playoff predictions,NFL,140.0,110.0,-0.21428571428571427,-0.5633802816901408,0.728813559322034,0.0,51.3
2026-08-10,nfl predictions 2025,NFL,2900.0,20.0,-0.3333333333333333,-0.7317073170731708,-0.9838659633881476,-0.99,51.1
2026-08-10,cfb rankings prediction,CFB,660.0,20.0,1.0,-0.6428571428571428,-0.9756722151088347,-0.6,51.0
2026-08-10,playoffs nfl 2026,NFL,1200.0,170.0,0.0,-0.9480415667466028,4.222222222222222,4.67,50.5
2026-08-10,nfl bad bunny,NFL,4300.0,210.0,-0.19230769230769232,-0.9678082191780821,0.4574468085106383,20.0,50.2
2026-08-10,nfl 2026 season,NFL,660.0,850.0,-0.46875,0.013888888888888952,4.534351145038167,5.07,49.9
2026-08-10,updated cfb rankings,CFB,850.0,20.0,0.0,-0.5454545454545454,-0.9838872104733132,-0.6,49.7
2026-08-10,sunflower,NFL,360000.0,360000.0,-0.1836734693877551,0.06976744186046512,0.02780153977758763,-0.18,49.6
2026-08-10,cfb rankings preseason,CFB,70.0,90.0,0.0,4.25,-0.5535714285714286,-0.57,49.4
2026-08-10,nfl team,NFL,197000.0,108000.0,-0.18181818181818182,-0.2765072765072766,-0.38318452380952384,0.0,49.3
2026-08-10,nfl 2026 super bowl,NFL,580.0,310.0,0.47619047619047616,-0.7897574123989218,1.5224719101123596,1.21,49.2
2026-08-10,early cfb rankings,CFB,60.0,70.0,0.0,-0.08695652173913049,1.0952380952380951,-0.22,48.9
2026-08-10,nfl 2026 week 1,NFL,170.0,210.0,-0.6818181818181818,0.47945205479452047,5.241379310344827,9.5,48.8
2026-08-10,nfl 2026 mock draft,NFL,14500.0,310.0,-0.46551724137931033,-0.7275510204081633,0.1455380577427822,-0.87,48.7
2026-08-10,nfl betting,NFL,6500.0,660.0,-0.34,-0.8505617977528089,-0.6490566037735849,-0.81,47.5
2026-08-10,cfb rankings all teams,CFB,90.0,10.0,0.0,-0.4,-0.9175257731958762,0.0,47.5
2026-08-10,nfl players,NFL,295000.0,21700.0,-0.1811320754716981,-0.871517027863777,-0.775346687211094,-0.55,47.2
2026-08-10,nfl futures,NFL,2400.0,1000.0,0.0,-0.48846153846153845,-0.5751351351351351,-0.47,47.2
2026-08-10,nfl 2026,NFL,3500.0,3500.0,-0.46153846153846156,-0.3222748815165876,4.299401197604791,5.03,47.1
2026-08-10,nfl football,NFL,295000.0,14500.0,-0.3317972350230415,-0.949243349938904,-0.5854409256100274,-0.63,47.0
2026-08-10,nfl on cbs,NFL,21700.0,1900.0,0.0,-0.9383116883116883,-0.42865463016889926,-0.93,47.0
2026-08-10,cfb rankings espn,CFB,140.0,10.0,0.0,-0.25000000000000006,-0.9548387096774194,0.0,46.9
2026-08-10,nfl futures bets,NFL,660.0,310.0,-0.20512820512820512,0.054945054945055014,-0.6759098786828424,-0.74,46.3
2026-08-10,nfl picks 1,NFL,50.0,10.0,-0.5,0.6999999999999998,0.22727272727272735,-0.67,46.2
2026-08-10,cfb rankings by week,CFB,50.0,10.0,0.0,-0.5714285714285714,-0.7777777777777777,0.0,45.9
2026-08-10,cbs college football,CFB,9700.0,1200.0,0.0,-0.6936936936936938,-0.8759623609923011,-0.25,45.8
2026-08-10,combine nfl 2026,NFL,1200.0,20.0,-0.3333333333333333,-0.9860671310956302,122.15384615384616,0.0,45.5
2026-08-10,nfl kansas city,NFL,7900.0,1000.0,-0.16666666666666666,-0.4035087719298246,-0.882882882882883,-0.38,45.3
2026-08-10,nfl 2026 preseason,NFL,60.0,90.0,-0.5714285714285714,0.7826086956521737,20.333333333333336,2.0,45.0
2026-08-10,nfl power rankings 2024,NFL,110.0,10.0,-0.5,-0.5833333333333333,-0.8349514563106796,-0.93,44.9
2026-08-10,what is a nfl,NFL,1200.0,660.0,-0.2235294117647059,-0.3723404255319149,-0.18832891246684355,0.14,44.8
2026-08-10,cfb rankings week 1,CFB,60.0,0.0,-1.0,-0.5,-0.9154929577464789,0.0,44.2
2026-08-10,nfl george pickens,NFL,170.0,60.0,0.0,-0.42222222222222217,-0.43200000000000005,-0.14,43.9
2026-08-10,espn nfl football,NFL,3500.0,470.0,0.0,-0.7703927492447129,-0.7337258750408897,0.0,43.8
2026-08-10,nfl career simulator,NFL,1200.0,850.0,-0.15,-0.34146341463414637,-0.15632754342431762,0.29,43.3
2026-08-10,nfl t shirt,NFL,2900.0,1000.0,0.0,-0.5675675675675675,-0.5431034482758621,-0.47,43.1
2026-08-10,nfl 2026 schedules,NFL,90.0,50.0,-0.8387096774193549,-0.02083333333333339,7.636363636363637,1.5,42.8
2026-08-10,pro bowl nfl 2026,NFL,140.0,10.0,0.0,-0.9793103448275862,4.481481481481481,0.0,42.6
2026-08-10,nfl 2026 game,NFL,210.0,210.0,-0.5531914893617021,-0.13265306122448992,1.1279069767441858,0.91,42.3
2026-08-10,nfl funny moments,NFL,1900.0,850.0,0.0,-0.49056603773584906,-0.5,-0.55,42.1
2026-08-10,nfl spreadsheet,NFL,90.0,10.0,0.0,-0.6666666666666666,-0.8222222222222222,-0.67,41.3
2026-08-10,ultimate cfb rankings,CFB,50.0,0.0,,-1.0,-0.9622641509433962,0.0,41.3
2026-08-10,nfl cowboys,NFL,17800.0,2900.0,-0.32558139534883723,-0.25149700598802394,-0.8309206716850028,-0.45,40.9
2026-08-10,nfl 2026 combine,NFL,210.0,10.0,-0.5,-0.909502262443439,39.16666666666667,0.0,40.7
2026-08-10,nfl giants,NFL,9700.0,2400.0,-0.1724137931034483,-0.22627737226277375,-0.7293986636971047,-0.17,40.4
2026-08-10,best nfl moments,NFL,660.0,390.0,-0.1702127659574468,-0.3364055299539171,-0.24159663865546227,-0.33,40.3
2026-08-10,nfl best moments,NFL,660.0,390.0,-0.1702127659574468,-0.3364055299539171,-0.24159663865546227,-0.33,40.3
2026-08-10,eagles nfl,NFL,11900.0,2400.0,-0.1724137931034483,-0.6796875,-0.6519052523171988,-0.17,40.2
2026-08-10,nfl cards,NFL,6500.0,3500.0,-0.18604651162790697,-0.39069767441860465,-0.11282051282051278,-0.19,40.2
2026-08-10,nfl 2026 opponents,NFL,310.0,10.0,-0.9411764705882353,-0.8227272727272728,1.5643564356435644,0.0,40.1
2026-08-10,nfl best celebration,NFL,850.0,310.0,-0.20512820512820512,-0.4784688995215311,-0.534407027818448,-0.47,39.7
2026-08-10,nfl edits,NFL,9700.0,2900.0,0.0,-0.5809128630705394,-0.5263157894736842,-0.7,39.4
2026-08-10,nflbradzone,NFL,90.0,260.0,0.8571428571428571,0.46153846153846156,6.384615384615385,2.71,39.3
2026-08-10,nfl injuries,NFL,17800.0,1000.0,-0.16666666666666666,-0.7518248175182483,-0.9080150618612157,-0.85,39.2
2026-08-10,nfl helmets,NFL,7900.0,2900.0,-0.5538461538461539,-0.3287671232876712,-0.4512743628185907,-0.45,38.9
2026-08-10,nfl flag,NFL,6500.0,2900.0,-0.17142857142857143,-0.6514657980456027,-0.04608294930875572,-0.63,38.9
2026-08-10,nfl 2026 hall of fame,NFL,90.0,10.0,-0.5,-0.9210526315789473,1.8275862068965512,-0.67,38.7
2026-08-10,nfl 2026 logo,NFL,90.0,30.0,0.0,-0.8253968253968255,1.4666666666666666,0.0,38.6
2026-08-10,nfl h,NFL,3500.0,1600.0,-0.15789473684210525,-0.5354330708661417,-0.2762645914396887,0.0,38.4
2026-08-10,nflonfox,NFL,32400.0,660.0,-0.34,-0.9489443378119001,-0.8138048282896975,-0.65,38.1
2026-08-10,nfl gear,NFL,6500.0,1200.0,0.0,-0.75,-0.6836555360281196,-0.5,38.0
2026-08-10,nfl jaguars,NFL,5300.0,850.0,-0.15,-0.6980198019801981,-0.7044943820224718,-0.15,38.0
2026-08-10,college football app,CFB,470.0,110.0,0.0,-0.3095238095238095,-0.8599605522682445,-0.58,38.0
2026-08-10,nfl is back,NFL,310.0,50.0,0.6666666666666666,-0.13333333333333328,-0.9202279202279203,-0.91,37.8
2026-08-10,nfl career filter,NFL,110.0,140.0,0.2727272727272727,-0.11428571428571437,-0.07042253521126757,-0.18,37.6
2026-08-10,nfl lee,NFL,4300.0,1200.0,-0.25,-0.4817518248175183,-0.25714285714285723,-0.72,37.4
2026-08-10,the nfl,NFL,3500.0,850.0,-0.15,-0.6980198019801981,-0.512962962962963,-0.15,37.3
2026-08-10,nfl 2026 qb draft class,NFL,60.0,10.0,0.0,-0.6333333333333333,0.20588235294117643,0.0,37.3
2026-08-10,nfl dolphins,NFL,3500.0,1200.0,-0.3684210526315789,-0.28571428571428575,-0.6521739130434783,-0.25,37.2
2026-08-10,woman nfl,NFL,1600.0,1000.0,0.17647058823529413,-0.36666666666666664,-0.3717948717948718,-0.17,36.8
2026-08-10,nfl kendrick lamar,NFL,210.0,60.0,0.0,-0.8429752066115703,0.28440366972477077,-0.71,36.8
2026-08-10,nflacademy,NFL,1600.0,1000.0,0.17647058823529413,0.6507177033492824,-0.6166089965397924,0.18,36.7
2026-08-10,nfl song,NFL,3500.0,1200.0,-0.25,-0.5319148936170213,-0.5106382978723404,-0.59,36.5
2026-08-10,nfl karol g,NFL,260.0,10.0,-0.5,-0.3333333333333333,-0.9482758620689655,0.0,36.3
2026-08-10,nfl d,NFL,580.0,170.0,0.0,0.4264705882352941,0.018518518518518517,-0.19,36.2
2026-08-10,c nfl logo,NFL,70.0,50.0,0.6666666666666666,-0.56,-0.4,0.0,36.0
2026-08-10,nfl dances,NFL,580.0,580.0,-0.12121212121212122,0.21951219512195122,-0.22662889518413604,0.23,35.9
2026-08-10,nfl jersey for cheap,NFL,5300.0,2400.0,0.0,-0.3628318584070796,-0.6482889733840304,-0.17,35.7
2026-08-10,nfl joe burrow,NFL,260.0,60.0,-0.14285714285714285,-0.5652173913043478,-0.7306122448979592,-0.65,35.7
2026-08-10,sf nfl,NFL,1200.0,390.0,0.25806451612903225,-0.6955307262569833,-0.5399014778325123,0.0,35.6
2026-08-10,nfl card breaks,NFL,90.0,50.0,0.0,-0.6388888888888888,0.02083333333333339,-0.29,35.4
2026-08-10,nfl highlights,NFL,295000.0,11900.0,-0.1793103448275862,-0.8593155893536122,-0.8931331177727846,-0.63,35.1
2026-08-10,nfl dynasty,NFL,390.0,390.0,0.0,0.06837606837606842,0.18048780487804866,0.0,35.1
2026-08-10,nfl celebrations,NFL,1600.0,580.0,-0.3176470588235294,-0.40731707317073174,-0.5162962962962964,-0.52,34.7
2026-08-10,nfl gloves,NFL,850.0,470.0,0.0,-0.3380281690140845,-0.4139072847682119,-0.19,34.7
2026-08-10,nflfans,NFL,210.0,260.0,0.8571428571428571,-0.27027027027027023,-0.03759398496240593,1.36,34.5
2026-08-10,nfl 2026 qb class,NFL,60.0,10.0,0.0,-0.6875000000000001,-0.5333333333333333,-0.67,34.3
2026-08-10,nfl 2026 awards,NFL,310.0,30.0,-0.4,-0.9632768361581922,,-0.95,34.1
2026-08-10,c nfl,NFL,1000.0,260.0,-0.16129032258064516,-0.6231884057971013,-0.5550351288056206,-0.33,33.6
2026-08-10,nfl c,NFL,1000.0,260.0,-0.16129032258064516,-0.6231884057971013,-0.5550351288056206,-0.33,33.6
2026-08-10,nfl fl,NFL,580.0,260.0,-0.3333333333333333,-0.3333333333333333,-0.401496259351621,0.0,33.4
2026-08-10,a nfl,NFL,390.0,140.0,0.5555555555555556,-0.7043478260869566,-0.556547619047619,0.0,33.2
2026-08-10,nfl a,NFL,390.0,140.0,0.5555555555555556,-0.7043478260869566,-0.556547619047619,0.0,33.2
2026-08-10,nfl filter,NFL,310.0,260.0,0.23809523809523808,-0.5555555555555555,0.08900523560209436,-0.16,33.2
2026-08-10,nfl live,NFL,3500.0,70.0,-0.9960674157303371,-0.8294117647058824,-0.6768286242408239,-1.0,33.1
2026-08-10,nfl 2k26,NFL,660.0,310.0,-0.20512820512820512,-0.46829268292682935,-0.4097744360902255,-0.34,33.0
2026-08-10,nfl clips,NFL,850.0,310.0,-0.20512820512820512,-0.4776785714285714,-0.5163120567375886,-0.64,32.9
2026-08-10,nfl figures,NFL,580.0,210.0,-0.19230769230769232,-0.3676470588235293,-0.5033557046979866,-0.32,32.8
2026-08-10,nfl jersey,NFL,48500.0,14500.0,-0.3317972350230415,-0.3966480446927374,-0.6813235620697312,-0.45,32.6
2026-08-10,nfl jerseys,NFL,48500.0,14500.0,-0.3317972350230415,-0.3966480446927374,-0.6813235620697312,-0.45,32.6
2026-08-10,nfl blanket,NFL,660.0,170.0,0.0,-0.5416666666666666,-0.680073126142596,-0.45,32.5
2026-08-10,nfl breaks,NFL,170.0,110.0,0.8333333333333334,-0.5185185185185185,-0.30434782608695643,-0.21,32.0
2026-08-10,f nfl,NFL,470.0,60.0,-0.14285714285714285,-0.5488721804511278,-0.4061538461538461,-0.45,31.9
2026-08-10,nfl f,NFL,470.0,60.0,-0.14285714285714285,-0.5488721804511278,-0.4061538461538461,-0.45,31.9
2026-08-10,nfl 2026 uniforms,NFL,70.0,20.0,-0.3333333333333333,-0.8313253012048193,,-0.6,31.7
2026-08-10,nfl family,NFL,260.0,140.0,0.2727272727272727,-0.5185185185185185,-0.375,-0.33,31.6
2026-08-10,nfl juke,NFL,470.0,170.0,-0.34615384615384615,-0.36697247706422015,-0.4622356495468277,-0.64,31.3
2026-08-10,nfl jersey for women,NFL,1000.0,260.0,-0.16129032258064516,-0.5944700460829494,-0.6640969162995595,-0.55,31.1
2026-08-10,e nfl,NFL,210.0,70.0,0.16666666666666666,-0.5789473684210527,-0.4295774647887324,-0.22,30.8
2026-08-10,nfl e,NFL,210.0,70.0,0.16666666666666666,-0.5789473684210527,-0.4295774647887324,-0.22,30.8
2026-08-10,nfl jefferson,NFL,390.0,110.0,-0.35294117647058826,-0.4246575342465754,-0.6266233766233767,-0.48,30.7
2026-08-10,b nfl,NFL,260.0,60.0,-0.14285714285714285,-0.752808988764045,-0.41578947368421054,-0.33,30.1
2026-08-10,nfl b,NFL,260.0,60.0,-0.14285714285714285,-0.752808988764045,-0.41578947368421054,-0.33,30.1
2026-08-10,nfl interviews,NFL,390.0,70.0,-0.36363636363636365,-0.7368421052631579,-0.4125874125874126,-0.73,30.0
2026-08-10,nfl blue,NFL,90.0,60.0,0.0,-0.2962962962962963,-0.2580645161290322,0.2,30.0
2026-08-10,i nfl,NFL,140.0,50.0,-0.16666666666666666,-0.42857142857142855,-0.43298969072164945,-0.17,29.4
2026-08-10,nfl i,NFL,140.0,50.0,-0.16666666666666666,-0.42857142857142855,-0.43298969072164945,-0.17,29.4
2026-08-10,nfl intros,NFL,210.0,70.0,0.0,-0.6111111111111112,-0.609375,-0.67,29.1
2026-08-10,nfl bag,NFL,110.0,70.0,-0.2222222222222222,-0.28125,-0.3452380952380952,-0.36,28.8
2026-08-10,nfl items,NFL,60.0,30.0,0.0,-0.5,-0.52,0.0,27.6
2026-08-10,nfl hotel,NFL,50.0,20.0,0.0,-0.45454545454545453,-0.5,0.0,27.2
2026-08-10,nfl kelce,NFL,90.0,20.0,0.0,-0.7391304347826088,-0.6777777777777777,-0.6,26.6
2026-08-10,nfl baseball jersey,NFL,110.0,60.0,-0.14285714285714285,0.0,-0.6116504854368932,-0.45,26.5
2026-08-10,g nfl,NFL,50.0,10.0,0.0,-0.5833333333333333,-0.46875000000000006,-0.5,26.0
2026-08-10,nfl j,NFL,60.0,10.0,-0.5,-0.6666666666666666,-0.45454545454545453,-0.67,24.9
2026-08-10,nfl k,NFL,50.0,10.0,-0.5,-0.6428571428571428,-0.5249999999999999,-0.5,24.7
2026-08-10,nfl 2026 highlights,NFL,50.0,50.0,0.0,-0.5294117647058824,,-0.71,24.2
2026-08-17,nfl power rankings 2026,NFL,2900.0,11900.0,0.5063291139240507,6.012658227848101,10.898496240601505,8.92,73.0
2026-08-17,nfl 2026 draft,NFL,655000.0,72100.0,-0.4537878787878788,4.1990764063811925,17.805654610290375,3.05,72.3
2026-08-17,nfl 2026 draft picks,NFL,580.0,110.0,-0.5769230769230769,3.0964912280701755,5.384615384615385,4.5,66.5
2026-08-17,nfl power rankings,NFL,197000.0,21700.0,0.21910112359550563,0.45714285714285713,-0.9595055915244262,-0.75,66.4
2026-08-17,preseason cfb rankings 2026,CFB,60.0,260.0,1.8888888888888888,1.7058823529411768,9.5,3.33,65.0
2026-08-17,nfl picks draft,NFL,32400.0,1600.0,-0.15789473684210525,-0.9714471122647632,7.954802259887006,-0.63,64.3
2026-08-17,nfl hall of fame game 2026,NFL,3500.0,4300.0,0.7916666666666666,2.318965517241379,9.547368421052632,15.54,63.1
2026-08-17,cfb rankings,CFB,360000.0,3500.0,-0.33962264150943394,-0.8245363766048502,-0.9797647405515582,-0.64,61.9
2026-08-17,nfl power rankings week 2,NFL,3500.0,30.0,2.0,-0.4,-0.9967728922952804,0.0,61.2
2026-08-17,college football picks,CFB,26500.0,580.0,0.8709677419354839,-0.5683453237410072,-0.9871984560952074,-0.99,59.8
2026-08-17,cfb rankings 2026,CFB,580.0,850.0,-0.2916666666666667,1.89010989010989,0.6388888888888888,0.81,59.5
2026-08-17,nfl game today,NFL,3276000.0,11900.0,-0.45161290322580644,-0.9955964892228285,-0.3893176398297026,-0.87,59.4
2026-08-17,nfl 2026 schedule,NFL,14500.0,9700.0,-0.8,0.8269230769230769,8.074074074074074,13.7,59.1
2026-08-17,nfl power rankings post draft,NFL,660.0,140.0,-0.46153846153846156,-0.47368421052631576,49.74999999999999,0.56,58.9
2026-08-17,nfl power rankings week 16,NFL,2400.0,20.0,0.0,-0.22222222222222227,-0.994047619047619,1.0,58.5
2026-08-17,nfl power rankings 2025,NFL,11900.0,140.0,0.0,-0.3287671232876712,-0.9913902611150318,-1.0,58.3
2026-08-17,nfl picks today,NFL,32400.0,210.0,0.0,-0.9112271540469975,-0.9761236759232751,-0.99,57.8
2026-08-17,nfl predictions today,NFL,9700.0,140.0,1.3333333333333333,-0.8433179723502303,-0.9798555377207063,-0.98,57.6
2026-08-17,nfl picks,NFL,48500.0,1200.0,-0.5,-0.7514518002322881,-0.7834407735697018,-0.37,57.4
2026-08-17,nfl predictions,NFL,32400.0,7900.0,-0.18556701030927836,-0.704895104895105,-0.6789181692094313,-0.34,57.3
2026-08-17,'nfl,NFL,24370000.0,1795000.0,-0.18223234624145787,-0.913893945849634,-0.6411201556340552,-0.45,56.8
2026-08-17,draft nfl 2026,NFL,1900.0,210.0,-0.5531914893617021,1.9333333333333333,13.927710843373493,6.0,56.5
2026-08-17,nfl,NFL,24370000.0,1795000.0,0.0,-0.5856017191977078,-0.9335833697736217,-0.87,56.4
2026-08-17,nfl's,NFL,24370000.0,1795000.0,0.0,-0.5856017191977078,-0.9335833697736217,-0.87,56.4
2026-08-17,nfl spreads,NFL,26500.0,470.0,0.5161290322580645,-0.8133971291866029,-0.9752659574468086,-0.89,56.3
2026-08-17,2026 nfl win totals,NFL,70.0,70.0,-0.36363636363636365,-0.5370370370370371,12.166666666666666,6.0,56.1
2026-08-17,college football spreads,CFB,7900.0,310.0,-0.20512820512820512,-0.8614540466392319,-0.8962629671291088,0.0,56.0
2026-08-17,nfl win totals,NFL,850.0,850.0,0.8085106382978723,1.1485148514851484,-0.4936305732484077,-0.76,55.6
2026-08-17,college football odds,CFB,17800.0,1200.0,0.4117647058823529,0.19341563786008226,-0.9762689225289403,-0.93,55.5
2026-08-17,nfl power rankings week 15,NFL,1600.0,10.0,0.0,-0.2,-0.994991652754591,0.0,55.4
2026-08-17,cfb rankings today,CFB,2400.0,30.0,0.5,-0.8461538461538461,-0.985289310232102,0.5,55.2
2026-08-17,college football,CFB,3276000.0,197000.0,0.49242424242424243,-0.23038397328881471,-0.9728796213381092,-0.95,55.1
2026-08-17,nfl news,NFL,983000.0,655000.0,0.0,-0.41237113402061853,0.05792796138135908,0.0,54.6
2026-08-17,nfl odds,NFL,88400.0,2400.0,0.0,-0.7283018867924529,-0.9652827856186258,-0.89,54.6
2026-08-17,nfl g,NFL,5988000.0,59300.0,-0.32918552036199095,-0.9861492432242168,-0.6639946338997551,-0.8,54.3
2026-08-17,nfl game,NFL,5988000.0,59300.0,-0.32918552036199095,-0.9861492432242168,-0.6639946338997551,-0.8,54.3
2026-08-17,updated cfb rankings,CFB,850.0,30.0,0.5,1.3333333333333333,-0.9899699097291875,-0.95,54.0
2026-08-17,cfb rankings 2025,CFB,6500.0,140.0,-0.17647058823529413,-0.5909090909090909,-0.9787087912087912,-0.95,53.9
2026-08-17,nfl predictions 2025,NFL,2400.0,30.0,0.5,-0.5,-0.9917355371900827,-1.0,52.8
2026-08-17,cfb predictions,CFB,2900.0,470.0,0.5161290322580645,-0.4858490566037736,-0.8851520572450805,-0.45,52.2
2026-08-17,new cfb rankings,CFB,1200.0,10.0,0.0,-0.625,-0.9931634555624611,0.0,51.7
2026-08-17,college football games,CFB,132000.0,5300.0,0.0,-0.9374015748031496,-0.8024881083058909,-0.63,51.6
2026-08-17,nfl hall of fame,NFL,21700.0,11900.0,0.0,-0.6574642126789367,0.1487314085739282,-0.55,51.5
2026-08-17,cfb picks,CFB,3500.0,50.0,0.6666666666666666,-0.9458128078817735,-0.9496114904638568,-0.71,51.4
2026-08-17,nfl 2026 playoff predictions,NFL,140.0,110.0,-0.21428571428571427,-0.5633802816901408,0.728813559322034,0.0,51.3
2026-08-17,cfb rankings prediction,CFB,660.0,20.0,1.0,-0.6428571428571428,-0.9756722151088347,-0.6,51.0
2026-08-17,nfl 2026 season,NFL,850.0,850.0,-0.46875,0.013888888888888952,4.534351145038167,5.07,50.6
2026-08-17,nfl bad bunny,NFL,4300.0,210.0,-0.19230769230769232,-0.9678082191780821,0.4574468085106383,20.0,50.2
2026-08-17,sunflower,NFL,360000.0,360000.0,0.0,-0.06521739130434782,0.0646876384581302,-0.18,49.8
2026-08-17,nfl 2026 week 1,NFL,210.0,210.0,-0.6818181818181818,0.47945205479452047,5.241379310344827,9.5,49.4
2026-08-17,cfb rankings preseason,CFB,70.0,90.0,0.0,4.25,-0.5535714285714286,-0.57,49.4
2026-08-17,college football betting,CFB,3500.0,470.0,-0.1896551724137931,-0.15789473684210525,-0.9204545454545454,-0.93,49.3
2026-08-17,nfl 2026 super bowl,NFL,580.0,310.0,0.47619047619047616,-0.7897574123989218,1.5224719101123596,1.21,49.2
2026-08-17,topps nfl 2026,NFL,390.0,390.0,0.5,-0.6421725239616614,16.708333333333336,38.0,49.2
2026-08-17,early cfb rankings,CFB,60.0,70.0,0.0,-0.08695652173913049,1.0952380952380951,-0.22,48.9
2026-08-17,nfl 2026 mock draft,NFL,14500.0,310.0,-0.46551724137931033,-0.7275510204081633,0.1455380577427822,-0.87,48.7
2026-08-17,nfl futures,NFL,2400.0,1200.0,0.2,0.35593220338983067,-0.7233830845771144,-0.66,48.7
2026-08-17,nfl team,NFL,197000.0,88400.0,-0.1814814814814815,-0.05632183908045973,-0.5420446851726473,-0.55,48.3
2026-08-17,nfl power rankings update,NFL,260.0,30.0,-0.5,-0.07692307692307697,-0.9063670411985019,-0.79,48.3
2026-08-17,nfl power rankings 2024,NFL,90.0,20.0,1.0,-0.28571428571428564,-0.875,-0.92,48.0
2026-08-17,nfl on cbs,NFL,21700.0,2900.0,0.5263157894736842,-0.8775137111517367,-0.6677489177489176,-0.87,47.8
2026-08-17,nfl 2026,NFL,4300.0,3500.0,-0.46153846153846156,-0.3222748815165876,4.299401197604791,5.03,47.7
2026-08-17,nfl betting,NFL,6500.0,660.0,-0.34,-0.8505617977528089,-0.6490566037735849,-0.81,47.5
2026-08-17,nfl disney collab,NFL,4300.0,10.0,0.0,0.0,0.0,0.0,47.5
2026-08-17,cfb rankings all teams,CFB,90.0,10.0,0.0,-0.4,-0.9175257731958762,0.0,47.5
2026-08-17,nfl players,NFL,295000.0,21700.0,0.0,-0.5811863391252247,-0.9285239963779052,-0.8,47.3
2026-08-17,nfl football,NFL,295000.0,14500.0,0.0,-0.48632218844984804,-0.958956043956044,-0.94,47.2
2026-08-17,cfb rankings espn,CFB,140.0,10.0,0.0,-0.25000000000000006,-0.9548387096774194,0.0,46.9
2026-08-17,nfl picks tonight,NFL,850.0,10.0,-0.8,-0.8157894736842106,-0.956268221574344,-0.97,46.8
2026-08-17,playoffs nfl 2026,NFL,1200.0,210.0,0.23529411764705882,-0.40217391304347827,-0.8978457261987491,6.0,46.0
2026-08-17,nfl futures bets,NFL,580.0,310.0,-0.20512820512820512,0.054945054945055014,-0.6759098786828424,-0.74,45.9
2026-08-17,cfb rankings by week,CFB,50.0,10.0,0.0,-0.5714285714285714,-0.7777777777777777,0.0,45.9
2026-08-17,cbs college football,CFB,9700.0,1200.0,0.0,-0.6936936936936938,-0.8759623609923011,-0.25,45.8
2026-08-17,nfl live,NFL,88400.0,17800.0,0.0,-0.7446197991391679,-0.6534195933456561,-0.18,45.7
2026-08-17,combine nfl 2026,NFL,1200.0,20.0,-0.3333333333333333,-0.9860671310956302,122.15384615384616,0.0,45.5
2026-08-17,nfl 2026 preseason,NFL,70.0,90.0,-0.5714285714285714,0.7826086956521737,20.333333333333336,2.0,45.4
2026-08-17,nfl kansas city,NFL,7900.0,1000.0,-0.16666666666666666,-0.4035087719298246,-0.882882882882883,-0.38,45.3
2026-08-17,cfb rankings week 1,CFB,60.0,0.0,-1.0,-0.5,-0.9154929577464789,0.0,44.2
2026-08-17,nfl george pickens,NFL,170.0,60.0,0.0,-0.42222222222222217,-0.43200000000000005,-0.14,43.9
2026-08-17,espn nfl football,NFL,2900.0,470.0,0.0,-0.7295373665480427,-0.7045924700041374,0.0,43.4
2026-08-17,nfl career simulator,NFL,1200.0,850.0,-0.15,-0.34146341463414637,-0.15632754342431762,0.29,43.3
2026-08-17,nfl t shirt,NFL,2900.0,1200.0,0.2,-0.3725490196078431,-0.6653225806451614,-0.72,43.2
2026-08-17,nfl picks 1,NFL,50.0,10.0,0.0,-0.7647058823529411,-0.19230769230769235,-0.83,43.0
2026-08-17,what is a nfl,NFL,1000.0,470.0,-0.2878787878787879,-0.2693726937269373,-0.47065462753950343,-0.29,42.9
2026-08-17,nfl 2026 game,NFL,260.0,210.0,-0.5531914893617021,-0.13265306122448992,1.1279069767441858,0.91,42.9
2026-08-17,nfl 2026 schedules,NFL,90.0,50.0,-0.8387096774193549,-0.02083333333333339,7.636363636363637,1.5,42.8
2026-08-17,nfl funny moments,NFL,1900.0,850.0,0.0,-0.49056603773584906,-0.5,-0.55,42.1
2026-08-17,ultimate cfb rankings,CFB,50.0,10.0,,0.0,-0.9622641509433962,-0.97,41.4
2026-08-17,nfl spreadsheet,NFL,90.0,10.0,0.0,-0.4,-0.9166666666666666,-0.91,41.1
2026-08-17,nfl cowboys,NFL,17800.0,2900.0,-0.32558139534883723,-0.25149700598802394,-0.8309206716850028,-0.45,40.9
2026-08-17,nfl 2026 combine,NFL,210.0,10.0,-0.5,-0.909502262443439,39.16666666666667,0.0,40.7
2026-08-17,nfl giants,NFL,9700.0,2400.0,-0.1724137931034483,-0.22627737226277375,-0.7293986636971047,-0.17,40.4
2026-08-17,best nfl moments,NFL,660.0,390.0,-0.1702127659574468,-0.3364055299539171,-0.24159663865546227,-0.33,40.3
2026-08-17,nfl best moments,NFL,660.0,390.0,-0.1702127659574468,-0.3364055299539171,-0.24159663865546227,-0.33,40.3
2026-08-17,eagles nfl,NFL,11900.0,2400.0,-0.1724137931034483,-0.6796875,-0.6519052523171988,-0.17,40.2
2026-08-17,nfl 2026 opponents,NFL,310.0,10.0,-0.9411764705882353,-0.8227272727272728,1.5643564356435644,0.0,40.1
2026-08-17,nfl cards,NFL,6500.0,3500.0,0.0,-0.33918128654970764,-0.3603603603603604,-0.34,39.9
2026-08-17,nfl best celebration,NFL,850.0,310.0,-0.20512820512820512,-0.4784688995215311,-0.534407027818448,-0.47,39.7
2026-08-17,nfl injuries,NFL,17800.0,1000.0,-0.16666666666666666,-0.7518248175182483,-0.9080150618612157,-0.85,39.2
2026-08-17,nfl helmets,NFL,7900.0,2900.0,-0.5538461538461539,-0.3287671232876712,-0.4512743628185907,-0.45,38.9
2026-08-17,nfl flag,NFL,6500.0,2900.0,-0.17142857142857143,-0.6514657980456027,-0.04608294930875572,-0.63,38.9
2026-08-17,nfl edits,NFL,7900.0,2900.0,0.0,-0.5809128630705394,-0.5263157894736842,-0.7,38.8
2026-08-17,nflonfox,NFL,32400.0,660.0,0.0,-0.49565217391304345,-0.9796888758438509,-0.98,38.7
2026-08-17,nfl 2026 hall of fame,NFL,90.0,10.0,-0.5,-0.9210526315789473,1.8275862068965512,-0.67,38.7
2026-08-17,pro bowl nfl 2026,NFL,140.0,10.0,0.0,-0.9659090909090909,0.07058823529411765,0.0,38.6
2026-08-17,nfl 2026 logo,NFL,90.0,30.0,0.0,-0.8253968253968255,1.4666666666666666,0.0,38.6
2026-08-17,nfl h,NFL,3500.0,1600.0,-0.15789473684210525,-0.5354330708661417,-0.2762645914396887,0.0,38.4
2026-08-17,nflbradzone,NFL,110.0,260.0,0.0,0.4666666666666667,3.625,2.71,38.1
2026-08-17,nfl gear,NFL,6500.0,1200.0,0.0,-0.75,-0.6836555360281196,-0.5,38.0
2026-08-17,nfl jaguars,NFL,5300.0,850.0,-0.15,-0.6980198019801981,-0.7044943820224718,-0.15,38.0
2026-08-17,college football app,CFB,470.0,110.0,0.0,-0.3095238095238095,-0.8599605522682445,-0.58,38.0
2026-08-17,nfl is back,NFL,310.0,50.0,0.6666666666666666,-0.13333333333333328,-0.9202279202279203,-0.91,37.8
2026-08-17,nfl song,NFL,3500.0,1600.0,0.3333333333333333,-0.34328358208955223,-0.625,-0.7,37.6
2026-08-17,nfl career filter,NFL,110.0,140.0,0.2727272727272727,-0.11428571428571437,-0.07042253521126757,-0.18,37.6
2026-08-17,nfl 2026 qb draft class,NFL,60.0,10.0,0.0,-0.6333333333333333,0.20588235294117643,0.0,37.3
2026-08-17,nfl dolphins,NFL,3500.0,1200.0,-0.3684210526315789,-0.28571428571428575,-0.6521739130434783,-0.25,37.2
2026-08-17,nfl lee,NFL,3500.0,1200.0,-0.25,-0.4817518248175183,-0.25714285714285723,-0.72,36.9
2026-08-17,nfl kendrick lamar,NFL,210.0,60.0,0.0,-0.8429752066115703,0.28440366972477077,-0.71,36.8
2026-08-17,the nfl,NFL,3500.0,850.0,0.0,-0.4375,-0.7692307692307693,-0.65,36.6
2026-08-17,nfl karol g,NFL,260.0,10.0,-0.5,-0.3333333333333333,-0.9482758620689655,0.0,36.3
2026-08-17,nfl d,NFL,580.0,170.0,0.0,0.4264705882352941,0.018518518518518517,-0.19,36.2
2026-08-17,c nfl logo,NFL,70.0,50.0,0.6666666666666666,-0.56,-0.4,0.0,36.0
2026-08-17,nfl 2026 hof,NFL,50.0,10.0,0.0,-0.90625,1.6923076923076925,-0.67,36.0
2026-08-17,woman nfl,NFL,1600.0,1000.0,0.0,-0.20833333333333334,-0.4798387096774193,-0.47,35.9
2026-08-17,nfl jersey for cheap,NFL,5300.0,2400.0,0.0,-0.3628318584070796,-0.6482889733840304,-0.17,35.7
2026-08-17,nfl joe burrow,NFL,260.0,60.0,-0.14285714285714285,-0.5652173913043478,-0.7306122448979592,-0.65,35.7
2026-08-17,nfl dances,NFL,470.0,580.0,-0.12121212121212122,0.21951219512195122,-0.22662889518413604,0.23,35.3
2026-08-17,nfl highlights,NFL,295000.0,11900.0,-0.1793103448275862,-0.8593155893536122,-0.8931331177727846,-0.63,35.1
2026-08-17,sf nfl,NFL,1200.0,390.0,0.0,0.01869158878504662,-0.8293838862559242,-0.41,35.1
2026-08-17,nfl dynasty,NFL,390.0,390.0,0.0,0.06837606837606842,0.18048780487804866,0.0,35.1
2026-08-17,nfl celebrations,NFL,1600.0,580.0,-0.3176470588235294,-0.40731707317073174,-0.5162962962962964,-0.52,34.7
2026-08-17,nfl gloves,NFL,850.0,470.0,0.0,-0.3380281690140845,-0.4139072847682119,-0.19,34.7
2026-08-17,nfl card breaks,NFL,70.0,50.0,0.0,-0.6388888888888888,0.02083333333333339,-0.29,34.7
2026-08-17,nfl 2026 awards,NFL,310.0,30.0,-0.4,-0.9632768361581922,,-0.95,34.1
2026-08-17,nfl 2026 qb class,NFL,50.0,10.0,0.0,-0.6875000000000001,-0.5333333333333333,-0.67,33.8
2026-08-17,nflacademy,NFL,1600.0,1000.0,0.0,0.0035211267605634203,-0.6062283737024221,-0.47,33.6
2026-08-17,c nfl,NFL,1000.0,260.0,-0.16129032258064516,-0.6231884057971013,-0.5550351288056206,-0.33,33.6
2026-08-17,nfl c,NFL,1000.0,260.0,-0.16129032258064516,-0.6231884057971013,-0.5550351288056206,-0.33,33.6
2026-08-17,nfl fl,NFL,580.0,260.0,-0.3333333333333333,-0.3333333333333333,-0.401496259351621,0.0,33.4
2026-08-17,a nfl,NFL,390.0,140.0,0.5555555555555556,-0.7043478260869566,-0.556547619047619,0.0,33.2
2026-08-17,nfl a,NFL,390.0,140.0,0.5555555555555556,-0.7043478260869566,-0.556547619047619,0.0,33.2
2026-08-17,nfl filter,NFL,310.0,260.0,0.23809523809523808,-0.5555555555555555,0.08900523560209436,-0.16,33.2
2026-08-17,nfl 2k26,NFL,660.0,310.0,-0.20512820512820512,-0.46829268292682935,-0.4097744360902255,-0.34,33.0
2026-08-17,nfl jersey,NFL,48500.0,14500.0,0.0,-0.1377551020408163,-0.7681558331568918,-0.8,32.9
2026-08-17,nfl clips,NFL,850.0,310.0,-0.20512820512820512,-0.4776785714285714,-0.5163120567375886,-0.64,32.9
2026-08-17,nfl figures,NFL,580.0,210.0,-0.19230769230769232,-0.3676470588235293,-0.5033557046979866,-0.32,32.8
2026-08-17,nfl jerseys,NFL,48500.0,14500.0,-0.3317972350230415,-0.3966480446927374,-0.6813235620697312,-0.45,32.6
2026-08-17,nfl 2026 uniforms,NFL,90.0,20.0,-0.3333333333333333,-0.8313253012048193,,-0.6,32.4
2026-08-17,nfl blanket,NFL,580.0,170.0,0.0,-0.5416666666666666,-0.680073126142596,-0.45,32.2
2026-08-17,nflfans,NFL,260.0,260.0,0.0,-0.0149253731343284,-0.06993006993007,0.53,32.0
2026-08-17,nfl breaks,NFL,170.0,110.0,0.8333333333333334,-0.5185185185185185,-0.30434782608695643,-0.21,32.0
2026-08-17,f nfl,NFL,470.0,60.0,-0.14285714285714285,-0.5488721804511278,-0.4061538461538461,-0.45,31.9
2026-08-17,nfl f,NFL,470.0,60.0,-0.14285714285714285,-0.5488721804511278,-0.4061538461538461,-0.45,31.9
2026-08-17,nfl family,NFL,260.0,140.0,0.2727272727272727,-0.5185185185185185,-0.375,-0.33,31.6
2026-08-17,nfl jersey for women,NFL,1000.0,260.0,-0.16129032258064516,-0.5944700460829494,-0.6640969162995595,-0.55,31.1
2026-08-17,nfl juke,NFL,390.0,170.0,-0.34615384615384615,-0.36697247706422015,-0.4622356495468277,-0.64,30.8
2026-08-17,nfl jefferson,NFL,390.0,110.0,-0.35294117647058826,-0.4246575342465754,-0.6266233766233767,-0.48,30.7
2026-08-17,e nfl,NFL,170.0,70.0,0.16666666666666666,-0.5789473684210527,-0.4295774647887324,-0.22,30.2
2026-08-17,nfl e,NFL,170.0,70.0,0.16666666666666666,-0.5789473684210527,-0.4295774647887324,-0.22,30.2
2026-08-17,b nfl,NFL,260.0,60.0,-0.14285714285714285,-0.752808988764045,-0.41578947368421054,-0.33,30.1
2026-08-17,nfl b,NFL,260.0,60.0,-0.14285714285714285,-0.752808988764045,-0.41578947368421054,-0.33,30.1
2026-08-17,nfl interviews,NFL,390.0,70.0,-0.36363636363636365,-0.7368421052631579,-0.4125874125874126,-0.73,30.0
2026-08-17,nfl blue,NFL,90.0,60.0,0.0,-0.2962962962962963,-0.2580645161290322,0.2,30.0
2026-08-17,nfl intros,NFL,210.0,70.0,0.0,-0.6111111111111112,-0.609375,-0.67,29.1
2026-08-17,i nfl,NFL,110.0,50.0,-0.16666666666666666,-0.42857142857142855,-0.43298969072164945,-0.17,28.8
2026-08-17,nfl bag,NFL,110.0,70.0,-0.2222222222222222,-0.28125,-0.3452380952380952,-0.36,28.8
2026-08-17,nfl i,NFL,110.0,50.0,-0.16666666666666666,-0.42857142857142855,-0.43298969072164945,-0.17,28.8
2026-08-17,nfl items,NFL,60.0,30.0,0.0,-0.5,-0.52,0.0,27.6
2026-08-17,nfl hotel,NFL,50.0,20.0,0.0,-0.45454545454545453,-0.5,0.0,27.2
2026-08-17,nfl kelce,NFL,90.0,20.0,0.0,-0.7391304347826088,-0.6777777777777777,-0.6,26.6
2026-08-17,nfl baseball jersey,NFL,110.0,60.0,-0.14285714285714285,0.0,-0.6116504854368932,-0.45,26.5
2026-08-17,g nfl,NFL,50.0,10.0,0.0,-0.5833333333333333,-0.46875000000000006,-0.5,26.0
2026-08-17,nfl j,NFL,60.0,10.0,-0.5,-0.6666666666666666,-0.45454545454545453,-0.67,24.9
2026-08-17,nfl k,NFL,50.0,10.0,-0.5,-0.6428571428571428,-0.5249999999999999,-0.5,24.7
2026-08-17,nfl 2026 highlights,NFL,50.0,50.0,0.0,-0.5294117647058824,,-0.71,24.2
2026-08-24,nfl power rankings 2026,NFL,2900.0,11900.0,0.5063291139240507,6.012658227848101,10.898496240601505,8.92,73.0
2026-08-24,nfl 2026 draft,NFL,655000.0,72100.0,-0.4537878787878788,4.1990764063811925,17.805654610290375,3.05,72.3
2026-08-24,nfl 2026 draft picks,NFL,580.0,110.0,-0.5769230769230769,3.0964912280701755,5.384615384615385,4.5,66.5
2026-08-24,nfl power rankings,NFL,197000.0,21700.0,0.21910112359550563,0.45714285714285713,-0.9595055915244262,-0.75,66.4
2026-08-24,preseason cfb rankings 2026,CFB,60.0,260.0,1.8888888888888888,1.7058823529411768,9.5,3.33,65.0
2026-08-24,nfl picks draft,NFL,32400.0,1600.0,-0.15789473684210525,-0.9714471122647632,7.954802259887006,-0.63,64.3
2026-08-24,nfl hall of fame game 2026,NFL,3500.0,4300.0,0.7916666666666666,2.318965517241379,9.547368421052632,15.54,63.1
2026-08-24,cfb rankings,CFB,360000.0,3500.0,-0.33962264150943394,-0.8245363766048502,-0.9797647405515582,-0.64,61.9
2026-08-24,nfl power rankings week 2,NFL,3500.0,30.0,2.0,-0.4,-0.9967728922952804,0.0,61.2
2026-08-24,college football picks,CFB,26500.0,580.0,0.8709677419354839,-0.5683453237410072,-0.9871984560952074,-0.99,59.8
2026-08-24,cfb rankings 2026,CFB,580.0,850.0,-0.2916666666666667,1.89010989010989,0.6388888888888888,0.81,59.5
2026-08-24,nfl game today,NFL,3276000.0,11900.0,-0.45161290322580644,-0.9955964892228285,-0.3893176398297026,-0.87,59.4
2026-08-24,nfl 2026 schedule,NFL,14500.0,9700.0,-0.8,0.8269230769230769,8.074074074074074,13.7,59.1
2026-08-24,nfl power rankings post draft,NFL,660.0,140.0,-0.46153846153846156,-0.47368421052631576,49.74999999999999,0.56,58.9
2026-08-24,nfl power rankings week 16,NFL,2400.0,20.0,0.0,-0.22222222222222227,-0.994047619047619,1.0,58.5
2026-08-24,nfl power rankings 2025,NFL,11900.0,140.0,0.0,-0.3287671232876712,-0.9913902611150318,-1.0,58.3
2026-08-24,nfl picks today,NFL,32400.0,210.0,0.0,-0.9112271540469975,-0.9761236759232751,-0.99,57.8
2026-08-24,nfl predictions today,NFL,9700.0,140.0,1.3333333333333333,-0.8433179723502303,-0.9798555377207063,-0.98,57.6
2026-08-24,nfl picks,NFL,48500.0,1200.0,-0.5,-0.7514518002322881,-0.7834407735697018,-0.37,57.4
2026-08-24,nfl predictions,NFL,32400.0,7900.0,-0.18556701030927836,-0.704895104895105,-0.6789181692094313,-0.34,57.3
2026-08-24,draft nfl 2026,NFL,1900.0,210.0,-0.5531914893617021,1.9333333333333333,13.927710843373493,6.0,56.5
2026-08-24,'nfl,NFL,24370000.0,1795000.0,0.0,-0.5856017191977078,-0.9335833697736217,-0.87,56.4
2026-08-24,nfl,NFL,24370000.0,1795000.0,0.0,-0.5856017191977078,-0.9335833697736217,-0.87,56.4
2026-08-24,nfl's,NFL,24370000.0,1795000.0,0.0,-0.5856017191977078,-0.9335833697736217,-0.87,56.4
2026-08-24,nfl spreads,NFL,26500.0,470.0,0.5161290322580645,-0.8133971291866029,-0.9752659574468086,-0.89,56.3
2026-08-24,2026 nfl win totals,NFL,70.0,70.0,-0.36363636363636365,-0.5370370370370371,12.166666666666666,6.0,56.1
2026-08-24,college football spreads,CFB,7900.0,310.0,-0.20512820512820512,-0.8614540466392319,-0.8962629671291088,0.0,56.0
2026-08-24,nfl win totals,NFL,850.0,850.0,0.8085106382978723,1.1485148514851484,-0.4936305732484077,-0.76,55.6
2026-08-24,college football odds,CFB,17800.0,1200.0,0.4117647058823529,0.19341563786008226,-0.9762689225289403,-0.93,55.5
2026-08-24,nfl power rankings week 15,NFL,1600.0,10.0,0.0,-0.2,-0.994991652754591,0.0,55.4
2026-08-24,cfb rankings today,CFB,2400.0,30.0,0.5,-0.8461538461538461,-0.985289310232102,0.5,55.2
2026-08-24,college football,CFB,3276000.0,197000.0,0.49242424242424243,-0.23038397328881471,-0.9728796213381092,-0.95,55.1
2026-08-24,nfl news,NFL,983000.0,655000.0,0.0,-0.41237113402061853,0.05792796138135908,0.0,54.6
2026-08-24,nfl odds,NFL,88400.0,2400.0,0.0,-0.7283018867924529,-0.9652827856186258,-0.89,54.6
2026-08-24,nfl g,NFL,5988000.0,59300.0,-0.32918552036199095,-0.9861492432242168,-0.6639946338997551,-0.8,54.3
2026-08-24,nfl game,NFL,5988000.0,59300.0,-0.32918552036199095,-0.9861492432242168,-0.6639946338997551,-0.8,54.3
2026-08-24,updated cfb rankings,CFB,850.0,30.0,0.5,1.3333333333333333,-0.9899699097291875,-0.95,54.0
2026-08-24,cfb rankings 2025,CFB,6500.0,140.0,-0.17647058823529413,-0.5909090909090909,-0.9787087912087912,-0.95,53.9
2026-08-24,nfl predictions 2025,NFL,2400.0,30.0,0.5,-0.5,-0.9917355371900827,-1.0,52.8
2026-08-24,cfb predictions,CFB,2900.0,470.0,0.5161290322580645,-0.4858490566037736,-0.8851520572450805,-0.45,52.2
2026-08-24,new cfb rankings,CFB,1200.0,10.0,0.0,-0.625,-0.9931634555624611,0.0,51.7
2026-08-24,college football games,CFB,132000.0,5300.0,0.0,-0.9374015748031496,-0.8024881083058909,-0.63,51.6
2026-08-24,nfl hall of fame,NFL,21700.0,11900.0,0.0,-0.6574642126789367,0.1487314085739282,-0.55,51.5
2026-08-24,cfb picks,CFB,3500.0,50.0,0.6666666666666666,-0.9458128078817735,-0.9496114904638568,-0.71,51.4
2026-08-24,nfl 2026 playoff predictions,NFL,140.0,110.0,-0.21428571428571427,-0.5633802816901408,0.728813559322034,0.0,51.3
2026-08-24,cfb rankings prediction,CFB,660.0,20.0,1.0,-0.6428571428571428,-0.9756722151088347,-0.6,51.0
2026-08-24,nfl 2026 season,NFL,850.0,850.0,-0.46875,0.013888888888888952,4.534351145038167,5.07,50.6
2026-08-24,nfl bad bunny,NFL,4300.0,210.0,-0.19230769230769232,-0.9678082191780821,0.4574468085106383,20.0,50.2
2026-08-24,sunflower,NFL,360000.0,360000.0,0.0,-0.06521739130434782,0.0646876384581302,-0.18,49.8
2026-08-24,nfl 2026 week 1,NFL,210.0,210.0,-0.6818181818181818,0.47945205479452047,5.241379310344827,9.5,49.4
2026-08-24,cfb rankings preseason,CFB,70.0,90.0,0.0,4.25,-0.5535714285714286,-0.57,49.4
2026-08-24,college football betting,CFB,3500.0,470.0,-0.1896551724137931,-0.15789473684210525,-0.9204545454545454,-0.93,49.3
2026-08-24,nfl 2026 super bowl,NFL,580.0,310.0,0.47619047619047616,-0.7897574123989218,1.5224719101123596,1.21,49.2
2026-08-24,topps nfl 2026,NFL,390.0,390.0,0.5,-0.6421725239616614,16.708333333333336,38.0,49.2
2026-08-24,early cfb rankings,CFB,60.0,70.0,0.0,-0.08695652173913049,1.0952380952380951,-0.22,48.9
2026-08-24,nfl 2026 mock draft,NFL,14500.0,310.0,-0.46551724137931033,-0.7275510204081633,0.1455380577427822,-0.87,48.7
2026-08-24,nfl futures,NFL,2400.0,1200.0,0.2,0.35593220338983067,-0.7233830845771144,-0.66,48.7
2026-08-24,nfl team,NFL,197000.0,88400.0,-0.1814814814814815,-0.05632183908045973,-0.5420446851726473,-0.55,48.3
2026-08-24,nfl power rankings update,NFL,260.0,30.0,-0.5,-0.07692307692307697,-0.9063670411985019,-0.79,48.3
2026-08-24,nfl power rankings 2024,NFL,90.0,20.0,1.0,-0.28571428571428564,-0.875,-0.92,48.0
2026-08-24,nfl on cbs,NFL,21700.0,2900.0,0.5263157894736842,-0.8775137111517367,-0.6677489177489176,-0.87,47.8
2026-08-24,nfl 2026,NFL,4300.0,3500.0,-0.46153846153846156,-0.3222748815165876,4.299401197604791,5.03,47.7
2026-08-24,nfl betting,NFL,6500.0,660.0,-0.34,-0.8505617977528089,-0.6490566037735849,-0.81,47.5
2026-08-24,nfl disney collab,NFL,4300.0,10.0,0.0,0.0,0.0,0.0,47.5
2026-08-24,cfb rankings all teams,CFB,90.0,10.0,0.0,-0.4,-0.9175257731958762,0.0,47.5
2026-08-24,nfl players,NFL,295000.0,21700.0,0.0,-0.5811863391252247,-0.9285239963779052,-0.8,47.3
2026-08-24,nfl football,NFL,295000.0,14500.0,0.0,-0.48632218844984804,-0.958956043956044,-0.94,47.2
2026-08-24,cfb rankings espn,CFB,140.0,10.0,0.0,-0.25000000000000006,-0.9548387096774194,0.0,46.9
2026-08-24,nfl picks tonight,NFL,850.0,10.0,-0.8,-0.8157894736842106,-0.956268221574344,-0.97,46.8
2026-08-24,playoffs nfl 2026,NFL,1200.0,210.0,0.23529411764705882,-0.40217391304347827,-0.8978457261987491,6.0,46.0
2026-08-24,nfl futures bets,NFL,580.0,310.0,-0.20512820512820512,0.054945054945055014,-0.6759098786828424,-0.74,45.9
2026-08-24,cfb rankings by week,CFB,50.0,10.0,0.0,-0.5714285714285714,-0.7777777777777777,0.0,45.9
2026-08-24,cbs college football,CFB,9700.0,1200.0,0.0,-0.6936936936936938,-0.8759623609923011,-0.25,45.8
2026-08-24,nfl live,NFL,88400.0,17800.0,0.0,-0.7446197991391679,-0.6534195933456561,-0.18,45.7
2026-08-24,combine nfl 2026,NFL,1200.0,20.0,-0.3333333333333333,-0.9860671310956302,122.15384615384616,0.0,45.5
2026-08-24,nfl 2026 preseason,NFL,70.0,90.0,-0.5714285714285714,0.7826086956521737,20.333333333333336,2.0,45.4
2026-08-24,nfl kansas city,NFL,7900.0,1000.0,-0.16666666666666666,-0.4035087719298246,-0.882882882882883,-0.38,45.3
2026-08-24,cfb rankings week 1,CFB,60.0,0.0,-1.0,-0.5,-0.9154929577464789,0.0,44.2
2026-08-24,nfl george pickens,NFL,170.0,60.0,0.0,-0.42222222222222217,-0.43200000000000005,-0.14,43.9
2026-08-24,espn nfl football,NFL,2900.0,470.0,0.0,-0.7295373665480427,-0.7045924700041374,0.0,43.4
2026-08-24,nfl career simulator,NFL,1200.0,850.0,-0.15,-0.34146341463414637,-0.15632754342431762,0.29,43.3
2026-08-24,nfl t shirt,NFL,2900.0,1200.0,0.2,-0.3725490196078431,-0.6653225806451614,-0.72,43.2
2026-08-24,nfl picks 1,NFL,50.0,10.0,0.0,-0.7647058823529411,-0.19230769230769235,-0.83,43.0
2026-08-24,what is a nfl,NFL,1000.0,470.0,-0.2878787878787879,-0.2693726937269373,-0.47065462753950343,-0.29,42.9
2026-08-24,nfl 2026 game,NFL,260.0,210.0,-0.5531914893617021,-0.13265306122448992,1.1279069767441858,0.91,42.9
2026-08-24,nfl 2026 schedules,NFL,90.0,50.0,-0.8387096774193549,-0.02083333333333339,7.636363636363637,1.5,42.8
2026-08-24,nfl funny moments,NFL,1900.0,850.0,0.0,-0.49056603773584906,-0.5,-0.55,42.1
2026-08-24,ultimate cfb rankings,CFB,50.0,10.0,,0.0,-0.9622641509433962,-0.97,41.4
2026-08-24,nfl spreadsheet,NFL,90.0,10.0,0.0,-0.4,-0.9166666666666666,-0.91,41.1
2026-08-24,nfl cowboys,NFL,17800.0,2900.0,-0.32558139534883723,-0.25149700598802394,-0.8309206716850028,-0.45,40.9
2026-08-24,nfl 2026 combine,NFL,210.0,10.0,-0.5,-0.909502262443439,39.16666666666667,0.0,40.7
2026-08-24,nfl giants,NFL,9700.0,2400.0,-0.1724137931034483,-0.22627737226277375,-0.7293986636971047,-0.17,40.4
2026-08-24,best nfl moments,NFL,660.0,390.0,-0.1702127659574468,-0.3364055299539171,-0.24159663865546227,-0.33,40.3
2026-08-24,eagles nfl,NFL,11900.0,2400.0,-0.1724137931034483,-0.6796875,-0.6519052523171988,-0.17,40.2
2026-08-24,nfl best moments,NFL,660.0,390.0,0.0,-0.40191387559808606,-0.30991735537190085,-0.41,40.2
2026-08-24,nfl 2026 opponents,NFL,310.0,10.0,-0.9411764705882353,-0.8227272727272728,1.5643564356435644,0.0,40.1
2026-08-24,nfl cards,NFL,6500.0,3500.0,0.0,-0.33918128654970764,-0.3603603603603604,-0.34,39.9
2026-08-24,nfl best celebration,NFL,850.0,310.0,-0.20512820512820512,-0.4784688995215311,-0.534407027818448,-0.47,39.7
2026-08-24,nfl injuries,NFL,17800.0,1000.0,-0.16666666666666666,-0.7518248175182483,-0.9080150618612157,-0.85,39.2
2026-08-24,nfl helmets,NFL,7900.0,2900.0,-0.5538461538461539,-0.3287671232876712,-0.4512743628185907,-0.45,38.9
2026-08-24,nfl flag,NFL,6500.0,2900.0,-0.17142857142857143,-0.6514657980456027,-0.04608294930875572,-0.63,38.9
2026-08-24,nfl edits,NFL,7900.0,2900.0,0.0,-0.5809128630705394,-0.5263157894736842,-0.7,38.8
2026-08-24,nflonfox,NFL,32400.0,660.0,0.0,-0.49565217391304345,-0.9796888758438509,-0.98,38.7
2026-08-24,nfl 2026 hall of fame,NFL,90.0,10.0,-0.5,-0.9210526315789473,1.8275862068965512,-0.67,38.7
2026-08-24,pro bowl nfl 2026,NFL,140.0,10.0,0.0,-0.9659090909090909,0.07058823529411765,0.0,38.6
2026-08-24,nfl 2026 logo,NFL,90.0,30.0,0.0,-0.8253968253968255,1.4666666666666666,0.0,38.6
2026-08-24,nfl h,NFL,3500.0,1600.0,-0.15789473684210525,-0.5354330708661417,-0.2762645914396887,0.0,38.4
2026-08-24,nflbradzone,NFL,110.0,260.0,0.0,0.4666666666666667,3.625,2.71,38.1
2026-08-24,nfl gear,NFL,6500.0,1200.0,0.0,-0.75,-0.6836555360281196,-0.5,38.0
2026-08-24,nfl jaguars,NFL,5300.0,850.0,-0.15,-0.6980198019801981,-0.7044943820224718,-0.15,38.0
2026-08-24,college football app,CFB,470.0,110.0,0.0,-0.3095238095238095,-0.8599605522682445,-0.58,38.0
2026-08-24,nfl is back,NFL,310.0,50.0,0.6666666666666666,-0.13333333333333328,-0.9202279202279203,-0.91,37.8
2026-08-24,nfl song,NFL,3500.0,1600.0,0.3333333333333333,-0.34328358208955223,-0.625,-0.7,37.6
2026-08-24,nfl career filter,NFL,110.0,140.0,0.2727272727272727,-0.11428571428571437,-0.07042253521126757,-0.18,37.6
2026-08-24,nfl 2026 qb draft class,NFL,60.0,10.0,0.0,-0.6333333333333333,0.20588235294117643,0.0,37.3
2026-08-24,nfl dolphins,NFL,3500.0,1200.0,-0.3684210526315789,-0.28571428571428575,-0.6521739130434783,-0.25,37.2
2026-08-24,nfl lee,NFL,3500.0,1200.0,-0.25,-0.4817518248175183,-0.25714285714285723,-0.72,36.9
2026-08-24,nfl kendrick lamar,NFL,210.0,60.0,0.0,-0.8429752066115703,0.28440366972477077,-0.71,36.8
2026-08-24,the nfl,NFL,3500.0,850.0,0.0,-0.4375,-0.7692307692307693,-0.65,36.6
2026-08-24,nfl karol g,NFL,260.0,10.0,-0.5,-0.3333333333333333,-0.9482758620689655,0.0,36.3
2026-08-24,nfl d,NFL,580.0,170.0,0.0,0.4264705882352941,0.018518518518518517,-0.19,36.2
2026-08-24,c nfl logo,NFL,70.0,50.0,0.6666666666666666,-0.56,-0.4,0.0,36.0
2026-08-24,nfl 2026 hof,NFL,50.0,10.0,0.0,-0.90625,1.6923076923076925,-0.67,36.0
2026-08-24,woman nfl,NFL,1600.0,1000.0,0.0,-0.20833333333333334,-0.4798387096774193,-0.47,35.9
2026-08-24,nfl jersey for cheap,NFL,5300.0,2400.0,0.0,-0.3628318584070796,-0.6482889733840304,-0.17,35.7
2026-08-24,nfl joe burrow,NFL,260.0,60.0,-0.14285714285714285,-0.5652173913043478,-0.7306122448979592,-0.65,35.7
2026-08-24,nfl dances,NFL,470.0,580.0,-0.12121212121212122,0.21951219512195122,-0.22662889518413604,0.23,35.3
2026-08-24,nfl highlights,NFL,295000.0,11900.0,-0.1793103448275862,-0.8593155893536122,-0.8931331177727846,-0.63,35.1
2026-08-24,sf nfl,NFL,1200.0,390.0,0.0,0.01869158878504662,-0.8293838862559242,-0.41,35.1
2026-08-24,nfl dynasty,NFL,390.0,390.0,0.0,0.06837606837606842,0.18048780487804866,0.0,35.1
2026-08-24,nfl celebrations,NFL,1600.0,580.0,-0.3176470588235294,-0.40731707317073174,-0.5162962962962964,-0.52,34.7
2026-08-24,nfl gloves,NFL,850.0,470.0,0.0,-0.3380281690140845,-0.4139072847682119,-0.19,34.7
2026-08-24,nfl card breaks,NFL,70.0,50.0,0.0,-0.6388888888888888,0.02083333333333339,-0.29,34.7
2026-08-24,nfl 2026 awards,NFL,310.0,30.0,-0.4,-0.9632768361581922,,-0.95,34.1
2026-08-24,nfl 2026 qb class,NFL,50.0,10.0,0.0,-0.6875000000000001,-0.5333333333333333,-0.67,33.8
2026-08-24,nflacademy,NFL,1600.0,1000.0,0.0,0.0035211267605634203,-0.6062283737024221,-0.47,33.6
2026-08-24,c nfl,NFL,1000.0,260.0,-0.16129032258064516,-0.6231884057971013,-0.5550351288056206,-0.33,33.6
2026-08-24,nfl fl,NFL,580.0,260.0,-0.3333333333333333,-0.3333333333333333,-0.401496259351621,0.0,33.4
2026-08-24,a nfl,NFL,390.0,140.0,0.5555555555555556,-0.7043478260869566,-0.556547619047619,0.0,33.2
2026-08-24,nfl a,NFL,390.0,140.0,0.5555555555555556,-0.7043478260869566,-0.556547619047619,0.0,33.2
2026-08-24,nfl filter,NFL,310.0,260.0,0.23809523809523808,-0.5555555555555555,0.08900523560209436,-0.16,33.2
2026-08-24,nfl c,NFL,1000.0,260.0,0.0,-0.49079754601226994,-0.7476923076923077,-0.69,33.1
2026-08-24,nfl 2k26,NFL,660.0,310.0,-0.20512820512820512,-0.46829268292682935,-0.4097744360902255,-0.34,33.0
2026-08-24,nfl jersey,NFL,48500.0,14500.0,0.0,-0.1377551020408163,-0.7681558331568918,-0.8,32.9
2026-08-24,nfl clips,NFL,850.0,310.0,-0.20512820512820512,-0.4776785714285714,-0.5163120567375886,-0.64,32.9
2026-08-24,nfl figures,NFL,580.0,210.0,-0.19230769230769232,-0.3676470588235293,-0.5033557046979866,-0.32,32.8
2026-08-24,nfl jerseys,NFL,48500.0,14500.0,-0.3317972350230415,-0.3966480446927374,-0.6813235620697312,-0.45,32.6
2026-08-24,nfl 2026 uniforms,NFL,90.0,20.0,-0.3333333333333333,-0.8313253012048193,,-0.6,32.4
2026-08-24,nfl blanket,NFL,580.0,170.0,0.0,-0.5416666666666666,-0.680073126142596,-0.45,32.2
2026-08-24,nflfans,NFL,260.0,260.0,0.0,-0.0149253731343284,-0.06993006993007,0.53,32.0
2026-08-24,nfl breaks,NFL,170.0,110.0,0.8333333333333334,-0.5185185185185185,-0.30434782608695643,-0.21,32.0
2026-08-24,f nfl,NFL,470.0,60.0,-0.14285714285714285,-0.5488721804511278,-0.4061538461538461,-0.45,31.9
2026-08-24,nfl f,NFL,470.0,60.0,-0.14285714285714285,-0.5488721804511278,-0.4061538461538461,-0.45,31.9
2026-08-24,nfl family,NFL,260.0,140.0,0.2727272727272727,-0.5185185185185185,-0.375,-0.33,31.6
2026-08-24,nfl jersey for women,NFL,1000.0,260.0,-0.16129032258064516,-0.5944700460829494,-0.6640969162995595,-0.55,31.1
2026-08-24,nfl juke,NFL,390.0,170.0,-0.34615384615384615,-0.36697247706422015,-0.4622356495468277,-0.64,30.8
2026-08-24,nfl jefferson,NFL,390.0,110.0,-0.35294117647058826,-0.4246575342465754,-0.6266233766233767,-0.48,30.7
2026-08-24,e nfl,NFL,170.0,70.0,0.16666666666666666,-0.5789473684210527,-0.4295774647887324,-0.22,30.2
2026-08-24,nfl e,NFL,170.0,70.0,0.16666666666666666,-0.5789473684210527,-0.4295774647887324,-0.22,30.2
2026-08-24,b nfl,NFL,260.0,60.0,-0.14285714285714285,-0.752808988764045,-0.41578947368421054,-0.33,30.1
2026-08-24,nfl interviews,NFL,390.0,70.0,-0.36363636363636365,-0.7368421052631579,-0.4125874125874126,-0.73,30.0
2026-08-24,nfl blue,NFL,90.0,60.0,0.0,-0.2962962962962963,-0.2580645161290322,0.2,30.0
2026-08-24,nfl b,NFL,260.0,60.0,0.0,-0.40625,-0.7935222672064778,-0.65,29.7
2026-08-24,nfl intros,NFL,210.0,70.0,0.0,-0.6111111111111112,-0.609375,-0.67,29.1
2026-08-24,i nfl,NFL,110.0,50.0,-0.16666666666666666,-0.42857142857142855,-0.43298969072164945,-0.17,28.8
2026-08-24,nfl bag,NFL,110.0,70.0,-0.2222222222222222,-0.28125,-0.3452380952380952,-0.36,28.8
2026-08-24,nfl i,NFL,110.0,50.0,-0.16666666666666666,-0.42857142857142855,-0.43298969072164945,-0.17,28.8
2026-08-24,nfl items,NFL,60.0,30.0,0.0,-0.5,-0.52,0.0,27.6
2026-08-24,nfl hotel,NFL,50.0,20.0,0.0,-0.45454545454545453,-0.5,0.0,27.2
2026-08-24,nfl kelce,NFL,90.0,20.0,0.0,-0.7391304347826088,-0.6777777777777777,-0.6,26.6
2026-08-24,nfl baseball jersey,NFL,110.0,60.0,-0.14285714285714285,0.0,-0.6116504854368932,-0.45,26.5
2026-08-24,g nfl,NFL,50.0,10.0,0.0,-0.5833333333333333,-0.46875000000000006,-0.5,26.0
2026-08-24,nfl j,NFL,60.0,10.0,-0.5,-0.6666666666666666,-0.45454545454545453,-0.67,24.9
2026-08-24,nfl k,NFL,50.0,10.0,-0.5,-0.6428571428571428,-0.5249999999999999,-0.5,24.7
2026-08-24,nfl 2026 highlights,NFL,50.0,50.0,0.0,-0.5294117647058824,,-0.71,24.2
2026-08-31,nfl power rankings 2026,NFL,2900.0,11900.0,0.5063291139240507,6.012658227848101,10.898496240601505,8.92,73.0
2026-08-31,nfl 2026 draft,NFL,655000.0,72100.0,-0.4537878787878788,4.1990764063811925,17.805654610290375,3.05,72.3
2026-08-31,nfl 2026 draft picks,NFL,580.0,110.0,-0.5769230769230769,3.0964912280701755,5.384615384615385,4.5,66.5
2026-08-31,nfl power rankings,NFL,197000.0,21700.0,0.21910112359550563,0.45714285714285713,-0.9595055915244262,-0.75,66.4
2026-08-31,preseason cfb rankings 2026,CFB,60.0,260.0,1.8888888888888888,1.7058823529411768,9.5,3.33,65.0
2026-08-31,nfl picks draft,NFL,32400.0,1600.0,-0.15789473684210525,-0.9714471122647632,7.954802259887006,-0.63,64.3
2026-08-31,nfl hall of fame game 2026,NFL,3500.0,4300.0,0.7916666666666666,2.318965517241379,9.547368421052632,15.54,63.1
2026-08-31,cfb rankings,CFB,360000.0,3500.0,-0.33962264150943394,-0.8245363766048502,-0.9797647405515582,-0.64,61.9
2026-08-31,nfl power rankings week 2,NFL,3500.0,30.0,2.0,-0.4,-0.9967728922952804,0.0,61.2
2026-08-31,college football picks,CFB,26500.0,580.0,0.8709677419354839,-0.5683453237410072,-0.9871984560952074,-0.99,59.8
2026-08-31,cfb rankings 2026,CFB,580.0,850.0,-0.2916666666666667,1.89010989010989,0.6388888888888888,0.81,59.5
2026-08-31,nfl game today,NFL,3276000.0,11900.0,-0.45161290322580644,-0.9955964892228285,-0.3893176398297026,-0.87,59.4
2026-08-31,nfl 2026 schedule,NFL,14500.0,9700.0,-0.8,0.8269230769230769,8.074074074074074,13.7,59.1
2026-08-31,nfl power rankings post draft,NFL,660.0,140.0,-0.46153846153846156,-0.47368421052631576,49.74999999999999,0.56,58.9
2026-08-31,nfl power rankings week 16,NFL,2400.0,20.0,0.0,-0.22222222222222227,-0.994047619047619,1.0,58.5
2026-08-31,nfl power rankings 2025,NFL,11900.0,140.0,0.0,-0.3287671232876712,-0.9913902611150318,-1.0,58.3
2026-08-31,nfl picks today,NFL,32400.0,210.0,0.0,-0.9112271540469975,-0.9761236759232751,-0.99,57.8
2026-08-31,nfl predictions today,NFL,9700.0,140.0,1.3333333333333333,-0.8433179723502303,-0.9798555377207063,-0.98,57.6
2026-08-31,nfl picks,NFL,48500.0,1200.0,-0.5,-0.7514518002322881,-0.7834407735697018,-0.37,57.4
2026-08-31,nfl predictions,NFL,32400.0,7900.0,-0.18556701030927836,-0.704895104895105,-0.6789181692094313,-0.34,57.3
2026-08-31,draft nfl 2026,NFL,1900.0,210.0,-0.5531914893617021,1.9333333333333333,13.927710843373493,6.0,56.5
2026-08-31,'nfl,NFL,24370000.0,1795000.0,0.0,-0.5856017191977078,-0.9335833697736217,-0.87,56.4
2026-08-31,nfl,NFL,24370000.0,1795000.0,0.0,-0.5856017191977078,-0.9335833697736217,-0.87,56.4
2026-08-31,nfl's,NFL,24370000.0,1795000.0,0.0,-0.5856017191977078,-0.9335833697736217,-0.87,56.4
2026-08-31,nfl spreads,NFL,26500.0,470.0,0.5161290322580645,-0.8133971291866029,-0.9752659574468086,-0.89,56.3
2026-08-31,2026 nfl win totals,NFL,70.0,70.0,-0.36363636363636365,-0.5370370370370371,12.166666666666666,6.0,56.1
2026-08-31,college football spreads,CFB,7900.0,310.0,-0.20512820512820512,-0.8614540466392319,-0.8962629671291088,0.0,56.0
2026-08-31,nfl win totals,NFL,850.0,850.0,0.8085106382978723,1.1485148514851484,-0.4936305732484077,-0.76,55.6
2026-08-31,college football odds,CFB,17800.0,1200.0,0.4117647058823529,0.19341563786008226,-0.9762689225289403,-0.93,55.5
2026-08-31,nfl power rankings week 15,NFL,1600.0,10.0,0.0,-0.2,-0.994991652754591,0.0,55.4
2026-08-31,cfb rankings today,CFB,2400.0,30.0,0.5,-0.8461538461538461,-0.985289310232102,0.5,55.2
2026-08-31,college football,CFB,3276000.0,197000.0,0.49242424242424243,-0.23038397328881471,-0.9728796213381092,-0.95,55.1
2026-08-31,nfl news,NFL,983000.0,655000.0,0.0,-0.41237113402061853,0.05792796138135908,0.0,54.6
2026-08-31,nfl odds,NFL,88400.0,2400.0,0.0,-0.7283018867924529,-0.9652827856186258,-0.89,54.6
2026-08-31,nfl g,NFL,5988000.0,59300.0,-0.32918552036199095,-0.9861492432242168,-0.6639946338997551,-0.8,54.3
2026-08-31,nfl game,NFL,5988000.0,59300.0,-0.32918552036199095,-0.9861492432242168,-0.6639946338997551,-0.8,54.3
2026-08-31,updated cfb rankings,CFB,850.0,30.0,0.5,1.3333333333333333,-0.9899699097291875,-0.95,54.0
2026-08-31,cfb rankings 2025,CFB,6500.0,140.0,-0.17647058823529413,-0.5909090909090909,-0.9787087912087912,-0.95,53.9
2026-08-31,nfl predictions 2025,NFL,2400.0,30.0,0.5,-0.5,-0.9917355371900827,-1.0,52.8
2026-08-31,cfb predictions,CFB,2900.0,470.0,0.5161290322580645,-0.4858490566037736,-0.8851520572450805,-0.45,52.2
2026-08-31,new cfb rankings,CFB,1200.0,10.0,0.0,-0.625,-0.9931634555624611,0.0,51.7
2026-08-31,college football games,CFB,132000.0,5300.0,0.0,-0.9374015748031496,-0.8024881083058909,-0.63,51.6
2026-08-31,nfl hall of fame,NFL,21700.0,11900.0,0.0,-0.6574642126789367,0.1487314085739282,-0.55,51.5
2026-08-31,cfb picks,CFB,3500.0,50.0,0.6666666666666666,-0.9458128078817735,-0.9496114904638568,-0.71,51.4
2026-08-31,nfl 2026 playoff predictions,NFL,140.0,110.0,-0.21428571428571427,-0.5633802816901408,0.728813559322034,0.0,51.3
2026-08-31,cfb rankings prediction,CFB,660.0,20.0,1.0,-0.6428571428571428,-0.9756722151088347,-0.6,51.0
2026-08-31,nfl 2026 season,NFL,850.0,850.0,-0.46875,0.013888888888888952,4.534351145038167,5.07,50.6
2026-08-31,nfl bad bunny,NFL,4300.0,210.0,-0.19230769230769232,-0.9678082191780821,0.4574468085106383,20.0,50.2
2026-08-31,sunflower,NFL,360000.0,360000.0,0.0,-0.06521739130434782,0.0646876384581302,-0.18,49.8
2026-08-31,nfl 2026 week 1,NFL,210.0,210.0,-0.6818181818181818,0.47945205479452047,5.241379310344827,9.5,49.4
2026-08-31,cfb rankings preseason,CFB,70.0,90.0,0.0,4.25,-0.5535714285714286,-0.57,49.4
2026-08-31,college football betting,CFB,3500.0,470.0,-0.1896551724137931,-0.15789473684210525,-0.9204545454545454,-0.93,49.3
2026-08-31,nfl 2026 super bowl,NFL,580.0,310.0,0.47619047619047616,-0.7897574123989218,1.5224719101123596,1.21,49.2
2026-08-31,topps nfl 2026,NFL,390.0,390.0,0.5,-0.6421725239616614,16.708333333333336,38.0,49.2
2026-08-31,early cfb rankings,CFB,60.0,70.0,0.0,-0.08695652173913049,1.0952380952380951,-0.22,48.9
2026-08-31,nfl 2026 mock draft,NFL,14500.0,310.0,-0.46551724137931033,-0.7275510204081633,0.1455380577427822,-0.87,48.7
2026-08-31,nfl futures,NFL,2400.0,1200.0,0.2,0.35593220338983067,-0.7233830845771144,-0.66,48.7
2026-08-31,nfl team,NFL,197000.0,88400.0,-0.1814814814814815,-0.05632183908045973,-0.5420446851726473,-0.55,48.3
2026-08-31,nfl power rankings update,NFL,260.0,30.0,-0.5,-0.07692307692307697,-0.9063670411985019,-0.79,48.3
2026-08-31,nfl power rankings 2024,NFL,90.0,20.0,1.0,-0.28571428571428564,-0.875,-0.92,48.0
2026-08-31,nfl on cbs,NFL,21700.0,2900.0,0.5263157894736842,-0.8775137111517367,-0.6677489177489176,-0.87,47.8
2026-08-31,nfl 2026,NFL,4300.0,3500.0,-0.46153846153846156,-0.3222748815165876,4.299401197604791,5.03,47.7
2026-08-31,nfl betting,NFL,6500.0,660.0,-0.34,-0.8505617977528089,-0.6490566037735849,-0.81,47.5
2026-08-31,nfl disney collab,NFL,4300.0,10.0,0.0,0.0,0.0,0.0,47.5
2026-08-31,cfb rankings all teams,CFB,90.0,10.0,0.0,-0.4,-0.9175257731958762,0.0,47.5
2026-08-31,nfl players,NFL,295000.0,21700.0,0.0,-0.5811863391252247,-0.9285239963779052,-0.8,47.3
2026-08-31,nfl football,NFL,295000.0,14500.0,0.0,-0.48632218844984804,-0.958956043956044,-0.94,47.2
2026-08-31,cfb rankings espn,CFB,140.0,10.0,0.0,-0.25000000000000006,-0.9548387096774194,0.0,46.9
2026-08-31,nfl picks tonight,NFL,850.0,10.0,-0.8,-0.8157894736842106,-0.956268221574344,-0.97,46.8
2026-08-31,playoffs nfl 2026,NFL,1200.0,210.0,0.23529411764705882,-0.40217391304347827,-0.8978457261987491,6.0,46.0
2026-08-31,nfl futures bets,NFL,580.0,310.0,-0.20512820512820512,0.054945054945055014,-0.6759098786828424,-0.74,45.9
2026-08-31,cfb rankings by week,CFB,50.0,10.0,0.0,-0.5714285714285714,-0.7777777777777777,0.0,45.9
2026-08-31,cbs college football,CFB,9700.0,1200.0,0.0,-0.6936936936936938,-0.8759623609923011,-0.25,45.8
2026-08-31,nfl live,NFL,88400.0,17800.0,0.0,-0.7446197991391679,-0.6534195933456561,-0.18,45.7
2026-08-31,combine nfl 2026,NFL,1200.0,20.0,-0.3333333333333333,-0.9860671310956302,122.15384615384616,0.0,45.5
2026-08-31,nfl 2026 preseason,NFL,70.0,90.0,-0.5714285714285714,0.7826086956521737,20.333333333333336,2.0,45.4
2026-08-31,nfl kansas city,NFL,7900.0,1000.0,-0.16666666666666666,-0.4035087719298246,-0.882882882882883,-0.38,45.3
2026-08-31,cfb rankings week 1,CFB,60.0,0.0,-1.0,-0.5,-0.9154929577464789,0.0,44.2
2026-08-31,nfl george pickens,NFL,170.0,60.0,0.0,-0.42222222222222217,-0.43200000000000005,-0.14,43.9
2026-08-31,espn nfl football,NFL,2900.0,470.0,0.0,-0.7295373665480427,-0.7045924700041374,0.0,43.4
2026-08-31,nfl career simulator,NFL,1200.0,850.0,-0.15,-0.34146341463414637,-0.15632754342431762,0.29,43.3
2026-08-31,nfl t shirt,NFL,2900.0,1200.0,0.2,-0.3725490196078431,-0.6653225806451614,-0.72,43.2
2026-08-31,nfl picks 1,NFL,50.0,10.0,0.0,-0.7647058823529411,-0.19230769230769235,-0.83,43.0
2026-08-31,what is a nfl,NFL,1000.0,470.0,-0.2878787878787879,-0.2693726937269373,-0.47065462753950343,-0.29,42.9
2026-08-31,nfl 2026 game,NFL,260.0,210.0,-0.5531914893617021,-0.13265306122448992,1.1279069767441858,0.91,42.9
2026-08-31,nfl 2026 schedules,NFL,90.0,50.0,-0.8387096774193549,-0.02083333333333339,7.636363636363637,1.5,42.8
2026-08-31,nfl funny moments,NFL,1900.0,850.0,0.0,-0.49056603773584906,-0.5,-0.55,42.1
2026-08-31,ultimate cfb rankings,CFB,50.0,10.0,,0.0,-0.9622641509433962,-0.97,41.4
2026-08-31,nfl spreadsheet,NFL,90.0,10.0,0.0,-0.4,-0.9166666666666666,-0.91,41.1
2026-08-31,nfl cowboys,NFL,17800.0,2900.0,-0.32558139534883723,-0.25149700598802394,-0.8309206716850028,-0.45,40.9
2026-08-31,nfl 2026 combine,NFL,210.0,10.0,-0.5,-0.909502262443439,39.16666666666667,0.0,40.7
2026-08-31,nfl giants,NFL,9700.0,2400.0,-0.1724137931034483,-0.22627737226277375,-0.7293986636971047,-0.17,40.4
2026-08-31,best nfl moments,NFL,660.0,390.0,-0.1702127659574468,-0.3364055299539171,-0.24159663865546227,-0.33,40.3
2026-08-31,eagles nfl,NFL,11900.0,2400.0,-0.1724137931034483,-0.6796875,-0.6519052523171988,-0.17,40.2
2026-08-31,nfl best moments,NFL,660.0,390.0,0.0,-0.40191387559808606,-0.30991735537190085,-0.41,40.2
2026-08-31,nfl 2026 opponents,NFL,310.0,10.0,-0.9411764705882353,-0.8227272727272728,1.5643564356435644,0.0,40.1
2026-08-31,nfl cards,NFL,6500.0,3500.0,0.0,-0.33918128654970764,-0.3603603603603604,-0.34,39.9
2026-08-31,nfl best celebration,NFL,850.0,310.0,-0.20512820512820512,-0.4784688995215311,-0.534407027818448,-0.47,39.7
2026-08-31,nfl injuries,NFL,17800.0,1000.0,-0.16666666666666666,-0.7518248175182483,-0.9080150618612157,-0.85,39.2
2026-08-31,nfl helmets,NFL,7900.0,2900.0,-0.5538461538461539,-0.3287671232876712,-0.4512743628185907,-0.45,38.9
2026-08-31,nfl flag,NFL,6500.0,2900.0,-0.17142857142857143,-0.6514657980456027,-0.04608294930875572,-0.63,38.9
2026-08-31,nfl edits,NFL,7900.0,2900.0,0.0,-0.5809128630705394,-0.5263157894736842,-0.7,38.8
2026-08-31,nflonfox,NFL,32400.0,660.0,0.0,-0.49565217391304345,-0.9796888758438509,-0.98,38.7
2026-08-31,nfl 2026 hall of fame,NFL,90.0,10.0,-0.5,-0.9210526315789473,1.8275862068965512,-0.67,38.7
2026-08-31,pro bowl nfl 2026,NFL,140.0,10.0,0.0,-0.9659090909090909,0.07058823529411765,0.0,38.6
2026-08-31,nfl 2026 logo,NFL,90.0,30.0,0.0,-0.8253968253968255,1.4666666666666666,0.0,38.6
2026-08-31,nfl h,NFL,3500.0,1600.0,-0.15789473684210525,-0.5354330708661417,-0.2762645914396887,0.0,38.4
2026-08-31,nflbradzone,NFL,110.0,260.0,0.0,0.4666666666666667,3.625,2.71,38.1
2026-08-31,nfl gear,NFL,6500.0,1200.0,0.0,-0.75,-0.6836555360281196,-0.5,38.0
2026-08-31,nfl jaguars,NFL,5300.0,850.0,-0.15,-0.6980198019801981,-0.7044943820224718,-0.15,38.0
2026-08-31,college football app,CFB,470.0,110.0,0.0,-0.3095238095238095,-0.8599605522682445,-0.58,38.0
2026-08-31,nfl is back,NFL,310.0,50.0,0.6666666666666666,-0.13333333333333328,-0.9202279202279203,-0.91,37.8
2026-08-31,nfl song,NFL,3500.0,1600.0,0.3333333333333333,-0.34328358208955223,-0.625,-0.7,37.6
2026-08-31,nfl career filter,NFL,110.0,140.0,0.2727272727272727,-0.11428571428571437,-0.07042253521126757,-0.18,37.6
2026-08-31,nfl 2026 qb draft class,NFL,60.0,10.0,0.0,-0.6333333333333333,0.20588235294117643,0.0,37.3
2026-08-31,nfl dolphins,NFL,3500.0,1200.0,-0.3684210526315789,-0.28571428571428575,-0.6521739130434783,-0.25,37.2
2026-08-31,nfl lee,NFL,3500.0,1200.0,-0.25,-0.4817518248175183,-0.25714285714285723,-0.72,36.9
2026-08-31,nfl kendrick lamar,NFL,210.0,60.0,0.0,-0.8429752066115703,0.28440366972477077,-0.71,36.8
2026-08-31,the nfl,NFL,3500.0,850.0,0.0,-0.4375,-0.7692307692307693,-0.65,36.6
2026-08-31,nfl karol g,NFL,260.0,10.0,-0.5,-0.3333333333333333,-0.9482758620689655,0.0,36.3
2026-08-31,nfl d,NFL,580.0,170.0,0.0,0.4264705882352941,0.018518518518518517,-0.19,36.2
2026-08-31,c nfl logo,NFL,70.0,50.0,0.6666666666666666,-0.56,-0.4,0.0,36.0
2026-08-31,nfl 2026 hof,NFL,50.0,10.0,0.0,-0.90625,1.6923076923076925,-0.67,36.0
2026-08-31,woman nfl,NFL,1600.0,1000.0,0.0,-0.20833333333333334,-0.4798387096774193,-0.47,35.9
2026-08-31,nfl jersey for cheap,NFL,5300.0,2400.0,0.0,-0.3628318584070796,-0.6482889733840304,-0.17,35.7
2026-08-31,nfl joe burrow,NFL,260.0,60.0,-0.14285714285714285,-0.5652173913043478,-0.7306122448979592,-0.65,35.7
2026-08-31,nfl dances,NFL,470.0,580.0,-0.12121212121212122,0.21951219512195122,-0.22662889518413604,0.23,35.3
2026-08-31,nfl highlights,NFL,295000.0,11900.0,-0.1793103448275862,-0.8593155893536122,-0.8931331177727846,-0.63,35.1
2026-08-31,sf nfl,NFL,1200.0,390.0,0.0,0.01869158878504662,-0.8293838862559242,-0.41,35.1
2026-08-31,nfl dynasty,NFL,390.0,390.0,0.0,0.06837606837606842,0.18048780487804866,0.0,35.1
2026-08-31,nfl celebrations,NFL,1600.0,580.0,-0.3176470588235294,-0.40731707317073174,-0.5162962962962964,-0.52,34.7
2026-08-31,nfl gloves,NFL,850.0,470.0,0.0,-0.3380281690140845,-0.4139072847682119,-0.19,34.7
2026-08-31,nfl card breaks,NFL,70.0,50.0,0.0,-0.6388888888888888,0.02083333333333339,-0.29,34.7
2026-08-31,nfl 2026 awards,NFL,310.0,30.0,-0.4,-0.9632768361581922,,-0.95,34.1
2026-08-31,nfl 2026 qb class,NFL,50.0,10.0,0.0,-0.6875000000000001,-0.5333333333333333,-0.67,33.8
2026-08-31,nflacademy,NFL,1600.0,1000.0,0.0,0.0035211267605634203,-0.6062283737024221,-0.47,33.6
2026-08-31,c nfl,NFL,1000.0,260.0,-0.16129032258064516,-0.6231884057971013,-0.5550351288056206,-0.33,33.6
2026-08-31,nfl fl,NFL,580.0,260.0,-0.3333333333333333,-0.3333333333333333,-0.401496259351621,0.0,33.4
2026-08-31,a nfl,NFL,390.0,140.0,0.5555555555555556,-0.7043478260869566,-0.556547619047619,0.0,33.2
2026-08-31,nfl a,NFL,390.0,140.0,0.5555555555555556,-0.7043478260869566,-0.556547619047619,0.0,33.2
2026-08-31,nfl filter,NFL,310.0,260.0,0.23809523809523808,-0.5555555555555555,0.08900523560209436,-0.16,33.2
2026-08-31,nfl c,NFL,1000.0,260.0,0.0,-0.49079754601226994,-0.7476923076923077,-0.69,33.1
2026-08-31,nfl 2k26,NFL,660.0,310.0,-0.20512820512820512,-0.46829268292682935,-0.4097744360902255,-0.34,33.0
2026-08-31,nfl jersey,NFL,48500.0,14500.0,0.0,-0.1377551020408163,-0.7681558331568918,-0.8,32.9
2026-08-31,nfl clips,NFL,850.0,310.0,-0.20512820512820512,-0.4776785714285714,-0.5163120567375886,-0.64,32.9
2026-08-31,nfl figures,NFL,580.0,210.0,-0.19230769230769232,-0.3676470588235293,-0.5033557046979866,-0.32,32.8
2026-08-31,nfl jerseys,NFL,48500.0,14500.0,-0.3317972350230415,-0.3966480446927374,-0.6813235620697312,-0.45,32.6
2026-08-31,nfl 2026 uniforms,NFL,90.0,20.0,-0.3333333333333333,-0.8313253012048193,,-0.6,32.4
2026-08-31,nfl blanket,NFL,580.0,170.0,0.0,-0.5416666666666666,-0.680073126142596,-0.45,32.2
2026-08-31,nflfans,NFL,260.0,260.0,0.0,-0.0149253731343284,-0.06993006993007,0.53,32.0
2026-08-31,nfl breaks,NFL,170.0,110.0,0.8333333333333334,-0.5185185185185185,-0.30434782608695643,-0.21,32.0
2026-08-31,f nfl,NFL,470.0,60.0,-0.14285714285714285,-0.5488721804511278,-0.4061538461538461,-0.45,31.9
2026-08-31,nfl f,NFL,470.0,60.0,-0.14285714285714285,-0.5488721804511278,-0.4061538461538461,-0.45,31.9
2026-08-31,nfl family,NFL,260.0,140.0,0.2727272727272727,-0.5185185185185185,-0.375,-0.33,31.6
2026-08-31,nfl jersey for women,NFL,1000.0,260.0,-0.16129032258064516,-0.5944700460829494,-0.6640969162995595,-0.55,31.1
2026-08-31,nfl juke,NFL,390.0,170.0,-0.34615384615384615,-0.36697247706422015,-0.4622356495468277,-0.64,30.8
2026-08-31,nfl jefferson,NFL,390.0,110.0,-0.35294117647058826,-0.4246575342465754,-0.6266233766233767,-0.48,30.7
2026-08-31,e nfl,NFL,170.0,70.0,0.16666666666666666,-0.5789473684210527,-0.4295774647887324,-0.22,30.2
2026-08-31,nfl e,NFL,170.0,70.0,0.16666666666666666,-0.5789473684210527,-0.4295774647887324,-0.22,30.2
2026-08-31,b nfl,NFL,260.0,60.0,-0.14285714285714285,-0.752808988764045,-0.41578947368421054,-0.33,30.1
2026-08-31,nfl interviews,NFL,390.0,70.0,-0.36363636363636365,-0.7368421052631579,-0.4125874125874126,-0.73,30.0
2026-08-31,nfl blue,NFL,90.0,60.0,0.0,-0.2962962962962963,-0.2580645161290322,0.2,30.0
2026-08-31,nfl b,NFL,260.0,60.0,0.0,-0.40625,-0.7935222672064778,-0.65,29.7
2026-08-31,nfl intros,NFL,210.0,70.0,0.0,-0.6111111111111112,-0.609375,-0.67,29.1
2026-08-31,i nfl,NFL,110.0,50.0,-0.16666666666666666,-0.42857142857142855,-0.43298969072164945,-0.17,28.8
2026-08-31,nfl bag,NFL,110.0,70.0,-0.2222222222222222,-0.28125,-0.3452380952380952,-0.36,28.8
2026-08-31,nfl i,NFL,110.0,50.0,-0.16666666666666666,-0.42857142857142855,-0.43298969072164945,-0.17,28.8
2026-08-31,nfl items,NFL,60.0,30.0,0.0,-0.5,-0.52,0.0,27.6
2026-08-31,nfl hotel,NFL,50.0,20.0,0.0,-0.45454545454545453,-0.5,0.0,27.2
2026-08-31,nfl kelce,NFL,90.0,20.0,0.0,-0.7391304347826088,-0.6777777777777777,-0.6,26.6
2026-08-31,nfl baseball jersey,NFL,110.0,60.0,-0.14285714285714285,0.0,-0.6116504854368932,-0.45,26.5
2026-08-31,g nfl,NFL,50.0,10.0,0.0,-0.5833333333333333,-0.46875000000000006,-0.5,26.0
2026-08-31,nfl j,NFL,60.0,10.0,-0.5,-0.6666666666666666,-0.45454545454545453,-0.67,24.9
2026-08-31,nfl k,NFL,50.0,10.0,-0.5,-0.6428571428571428,-0.5249999999999999,-0.5,24.7
2026-08-31,nfl 2026 highlights,NFL,50.0,50.0,0.0,-0.5294117647058824,,-0.71,24.2
2026-09-07,nfl power rankings 2026,NFL,2900.0,11900.0,0.5063291139240507,6.012658227848101,10.898496240601505,8.92,73.0
2026-09-07,nfl 2026 draft,NFL,655000.0,72100.0,-0.4537878787878788,4.1990764063811925,17.805654610290375,3.05,72.3
2026-09-07,nfl predictions 2026,NFL,1000.0,3500.0,0.4583333333333333,6.333333333333334,5.8965517241379315,4.3,68.1
2026-09-07,nfl 2026 draft picks,NFL,580.0,110.0,-0.5769230769230769,3.0964912280701755,5.384615384615385,4.5,66.5
2026-09-07,nfl power rankings,NFL,197000.0,21700.0,0.21910112359550563,0.45714285714285713,-0.9595055915244262,-0.75,66.4
2026-09-07,nfl 2026 predictions,NFL,580.0,1600.0,0.8823529411764706,1.4846625766871164,4.680000000000001,4.16,66.4
2026-09-07,nfl win totals 2026,NFL,390.0,1000.0,0.5151515151515151,0.9861111111111112,42.0,99.0,65.6
2026-09-07,nfl predictions playoffs,NFL,59300.0,9700.0,0.22784810126582278,1.1258278145695366,-0.9214250041618112,-0.46,65.4
2026-09-07,nfl draft 2026,NFL,655000.0,59300.0,-0.17753120665742025,-0.9617373619988379,9.670946551209317,1.24,65.1
2026-09-07,nfl predictions week 1,NFL,6500.0,660.0,1.5384615384615385,4.8999999999999995,-0.9815285771650382,-0.95,64.9
2026-09-07,nfl predictions week one,NFL,6500.0,660.0,1.5384615384615385,4.8999999999999995,-0.9815285771650382,-0.95,64.9
2026-09-07,week 1 nfl predictions,NFL,6500.0,660.0,1.5384615384615385,4.8999999999999995,-0.9815285771650382,-0.95,64.9
2026-09-07,nfl picks week 1,NFL,7900.0,580.0,1.2307692307692308,2.2812499999999996,-0.9845355006208375,-0.96,64.8
2026-09-07,nfl picks week one,NFL,7900.0,580.0,1.2307692307692308,2.2812499999999996,-0.9845355006208375,-0.96,64.8
2026-09-07,nfl picks draft,NFL,32400.0,1600.0,-0.15789473684210525,-0.9714471122647632,7.954802259887006,-0.63,64.3
2026-09-07,nfl predictions divisional round,NFL,1200.0,60.0,2.0,0.22222222222222215,-0.9862825788751715,5.0,63.8
2026-09-07,nfl power rankings week 6,NFL,4300.0,50.0,4.0,-0.12500000000000008,-0.9975070633205917,0.67,63.7
2026-09-07,cfb rankings,CFB,360000.0,3500.0,-0.33962264150943394,-0.8245363766048502,-0.9797647405515582,-0.64,61.9
2026-09-07,nfl picks week 12,NFL,4300.0,50.0,4.0,-0.4,-0.9951338199513382,0.0,61.7
2026-09-07,week 12 nfl picks,NFL,4300.0,50.0,4.0,-0.4,-0.9951338199513382,0.0,61.7
2026-09-07,nfl picks week 4,NFL,7900.0,60.0,1.0,-0.2857142857142857,-0.9960809928151535,0.0,61.5
2026-09-07,nfl power rankings week 2,NFL,3500.0,30.0,2.0,-0.4,-0.9967728922952804,0.0,61.2
2026-09-07,nfl picks for this week,NFL,17800.0,390.0,0.8571428571428571,-0.5380710659898477,-0.9859580692345198,-0.84,61.1
2026-09-07,nfl picks this week,NFL,17800.0,390.0,0.8571428571428571,-0.5380710659898477,-0.9859580692345198,-0.84,61.1
2026-09-07,nfl picks for today,NFL,32400.0,210.0,0.0,-0.9112271540469975,-0.9761236759232751,-0.99,59.8
2026-09-07,college football picks,CFB,26500.0,580.0,0.8709677419354839,-0.5683453237410072,-0.9871984560952074,-0.99,59.8
2026-09-07,nfl predictions for today,NFL,9700.0,140.0,1.3333333333333333,-0.8433179723502303,-0.9798555377207063,-0.98,59.6
2026-09-07,nfl 2026 rankings,NFL,110.0,260.0,0.5294117647058824,0.6666666666666666,1.823529411764706,3.33,59.3
2026-09-07,nfl picks week,NFL,17800.0,390.0,0.8571428571428571,-0.5380710659898477,-0.9859580692345198,-0.84,59.1
2026-09-07,nfl 2026 schedule,NFL,14500.0,9700.0,-0.8,0.8269230769230769,8.074074074074074,13.7,59.1
2026-09-07,nfl power rankings post draft,NFL,660.0,140.0,-0.46153846153846156,-0.47368421052631576,49.74999999999999,0.56,58.9
2026-09-07,nfl power rankings week 16,NFL,2400.0,20.0,0.0,-0.22222222222222227,-0.994047619047619,1.0,58.5
2026-09-07,nfl 2026 qb rankings,NFL,50.0,110.0,0.8333333333333334,0.846153846153846,0.9473684210526314,10.0,58.4
2026-09-07,preseason nfl 2026,NFL,470.0,2400.0,2.6363636363636362,3.511111111111111,18.84,79.0,58.3
2026-09-07,nfl predictions game,NFL,3500.0,1000.0,0.17647058823529413,1.2265624999999998,-0.8901595744680851,-0.47,58.0
2026-09-07,nfl picks today,NFL,32400.0,210.0,0.0,-0.9112271540469975,-0.9761236759232751,-0.99,57.8
2026-09-07,nfl picks 2026,NFL,170.0,110.0,0.5714285714285714,-0.8015873015873016,2.145833333333333,2.67,57.8
2026-09-07,nfl predictions today,NFL,9700.0,140.0,1.3333333333333333,-0.8433179723502303,-0.9798555377207063,-0.98,57.6
2026-09-07,nfl picks,NFL,48500.0,1200.0,-0.5,-0.7514518002322881,-0.7834407735697018,-0.37,57.4
2026-09-07,nfl predictions,NFL,32400.0,7900.0,-0.18556701030927836,-0.704895104895105,-0.6789181692094313,-0.34,57.3
2026-09-07,nfl predictions preseason,NFL,1900.0,260.0,1.8888888888888888,0.39393939393939403,-0.9616318601262749,-0.99,57.0
2026-09-07,draft nfl 2026,NFL,1900.0,210.0,-0.5531914893617021,1.9333333333333333,13.927710843373493,6.0,56.5
2026-09-07,nfl,NFL,24370000.0,1795000.0,0.0,-0.5856017191977078,-0.9335833697736217,-0.87,56.4
2026-09-07,nfl's,NFL,24370000.0,1795000.0,0.0,-0.5856017191977078,-0.9335833697736217,-0.87,56.4
2026-09-07,nfl spreads,NFL,26500.0,470.0,0.5161290322580645,-0.8133971291866029,-0.9752659574468086,-0.89,56.3
2026-09-07,college football spreads,CFB,7900.0,310.0,-0.20512820512820512,-0.8614540466392319,-0.8962629671291088,0.0,56.0
2026-09-07,nfl picks against spread week 1,NFL,580.0,50.0,1.5,0.7999999999999998,-0.9814569536423842,-0.94,56.0
2026-09-07,nfl picks preseason,NFL,850.0,70.0,2.5,0.7142857142857144,-0.9844897959183673,-0.99,55.7
2026-09-07,nfl win totals,NFL,850.0,850.0,0.8085106382978723,1.1485148514851484,-0.4936305732484077,-0.76,55.6
2026-09-07,college football odds,CFB,17800.0,1200.0,0.4117647058823529,0.19341563786008226,-0.9762689225289403,-0.93,55.5
2026-09-07,nfl predictions record,NFL,210.0,470.0,0.0,13.1,0.3853211009174312,0.0,55.5
2026-09-07,nfl power rankings week 15,NFL,1600.0,10.0,0.0,-0.2,-0.994991652754591,0.0,55.4
2026-09-07,college football,CFB,3276000.0,197000.0,0.49242424242424243,-0.23038397328881471,-0.9728796213381092,-0.95,55.1
2026-09-07,nfl draft,NFL,799000.0,39600.0,-0.33220910623946037,-0.9761688512746414,18.306928766056835,-0.55,55.1
2026-09-07,game nfl,NFL,5988000.0,72100.0,0.21585160202360876,-0.7333818534691896,-0.9845186733680261,-0.97,55.0
2026-09-07,nfl odds las vegas,NFL,14500.0,850.0,-0.15,-0.35634328358208955,-0.949512893982808,-0.84,54.9
2026-09-07,college football live,CFB,197000.0,3500.0,0.4583333333333333,0.2096774193548388,-0.9939885914874945,-0.99,54.8
2026-09-07,nfl odds this week,NFL,7900.0,260.0,0.5294117647058824,-0.5163398692810458,-0.9761203450452346,-0.61,54.8
2026-09-07,nfl 2026 record predictions,NFL,60.0,110.0,0.0,1.15,,0.83,54.7
2026-09-07,nfl odds,NFL,88400.0,2400.0,0.0,-0.7283018867924529,-0.9652827856186258,-0.89,54.6
2026-09-07,nfl flag football,NFL,14500.0,17800.0,2.358490566037736,-0.5633802816901409,0.19298245614035087,0.23,54.6
2026-09-07,nfl picks prediction,NFL,3500.0,210.0,0.5,-0.3645833333333333,-0.963231850117096,-0.79,54.6
2026-09-07,nfl predictions super bowl,NFL,2400.0,310.0,0.19230769230769232,-0.8155136268343816,-0.7322274881516588,-0.81,54.4
2026-09-07,nfl g,NFL,5988000.0,59300.0,-0.32918552036199095,-0.9861492432242168,-0.6639946338997551,-0.8,54.3
2026-09-07,nfl game,NFL,5988000.0,59300.0,-0.32918552036199095,-0.9861492432242168,-0.6639946338997551,-0.8,54.3
2026-09-07,nfl predictions scores,NFL,2900.0,310.0,0.47619047619047616,-0.45112781954887216,-0.9410586552217454,-0.64,54.2
2026-09-07,nfl odds week one,NFL,1000.0,260.0,0.5294117647058824,3.571428571428572,-0.9290909090909091,-0.94,54.0
2026-09-07,mvp nfl 2026,NFL,4300.0,310.0,0.0,-0.9821428571428571,8.854616895874264,14.5,53.8
2026-09-07,nfl odds to win super bowl,NFL,1200.0,1200.0,0.0,1.5999999999999996,-0.6265560165975104,-0.66,53.7
2026-09-07,nfl odds to win superbowl,NFL,1200.0,1200.0,0.0,1.5999999999999996,-0.6265560165975104,-0.66,53.7
2026-09-07,nfl predictions app,NFL,110.0,170.0,-0.19047619047619047,2.4375,-0.02739726027397268,0.55,53.7
2026-09-07,cfb picks today,CFB,3500.0,10.0,0.0,-0.5714285714285714,-0.9973333333333333,-1.0,52.6
2026-09-07,cfb predictions,CFB,2900.0,470.0,0.5161290322580645,-0.4858490566037736,-0.8851520572450805,-0.45,52.2
2026-09-07,cfb picks,CFB,3500.0,50.0,0.6666666666666666,-0.9458128078817735,-0.9496114904638568,-0.71,51.4
2026-09-07,nfl 2026 international games,NFL,470.0,170.0,0.21428571428571427,-0.46830985915492956,2.0208333333333335,4.67,51.4
2026-09-07,nfl halftime show,NFL,14500.0,1000.0,0.5151515151515151,-0.9789950203712087,1.103917910447761,-0.38,51.2
2026-09-07,nfl picks playoffs,NFL,1600.0,30.0,0.0,-0.6785714285714286,-0.9807090719499479,-0.57,51.2
2026-09-07,nfl futures predictions,NFL,170.0,60.0,1.0,1.1999999999999997,-0.9135135135135134,-0.81,50.9
2026-09-07,best nfl picks today,NFL,1000.0,10.0,0.0,-0.8571428571428572,-0.9757023538344722,-0.98,50.8
2026-09-07,early nfl predictions,NFL,70.0,110.0,0.5714285714285714,0.6,0.5757575757575758,-0.21,50.8
2026-09-07,nfl 2026 season,NFL,850.0,850.0,-0.46875,0.013888888888888952,4.534351145038167,5.07,50.6
2026-09-07,nfl 2026 picks,NFL,50.0,20.0,1.0,-0.84375,1.6428571428571428,0.0,50.5
2026-09-07,nfl bad bunny,NFL,4300.0,210.0,-0.19230769230769232,-0.9678082191780821,0.4574468085106383,20.0,50.2
2026-09-07,cfb predictions today,CFB,660.0,10.0,0.0,0.0,-0.9918256130790191,-0.98,49.4
2026-09-07,college football betting,CFB,3500.0,470.0,-0.1896551724137931,-0.15789473684210525,-0.9204545454545454,-0.93,49.3
2026-09-07,nfl 2026 super bowl,NFL,580.0,310.0,0.47619047619047616,-0.7897574123989218,1.5224719101123596,1.21,49.2
2026-09-07,topps nfl 2026,NFL,390.0,390.0,0.5,-0.6421725239616614,16.708333333333336,38.0,49.2
2026-09-07,best nfl picks,NFL,1000.0,50.0,-0.16666666666666666,-0.653061224489796,-0.9449081803005008,-0.91,49.0
2026-09-07,espn nfl,NFL,539000.0,72100.0,-0.18438914027149322,-0.5517529215358932,-0.8334932821497121,-0.76,48.9
2026-09-07,nfl combine,NFL,48500.0,3500.0,0.0,-0.9776810016330975,10.762004175365346,-0.34,48.8
2026-09-07,nfl 2026 mock draft,NFL,14500.0,310.0,-0.46551724137931033,-0.7275510204081633,0.1455380577427822,-0.87,48.7
2026-09-07,nfl futures,NFL,2400.0,1200.0,0.2,0.35593220338983067,-0.7233830845771144,-0.66,48.7
2026-09-07,nfl power rankings update,NFL,260.0,30.0,-0.5,-0.07692307692307697,-0.9063670411985019,-0.79,48.3
2026-09-07,top nfl picks,NFL,310.0,50.0,0.6666666666666666,-0.8152173913043479,-0.6175438596491228,-0.89,48.1
2026-09-07,nfl predictions tonight,NFL,470.0,10.0,0.0,-0.3333333333333333,-0.982905982905983,-0.96,47.9
2026-09-07,nfl 2026,NFL,4300.0,3500.0,-0.46153846153846156,-0.3222748815165876,4.299401197604791,5.03,47.7
2026-09-07,nfl betting,NFL,6500.0,660.0,-0.34,-0.8505617977528089,-0.6490566037735849,-0.81,47.5
2026-09-07,nfl betting scandal,NFL,140.0,30.0,0.0,-0.12500000000000008,-0.9006622516556292,2.0,47.5
2026-09-07,nfl players,NFL,295000.0,21700.0,0.0,-0.5811863391252247,-0.9285239963779052,-0.8,47.3
2026-09-07,nfl plays,NFL,295000.0,21700.0,0.0,-0.5811863391252247,-0.9285239963779052,-0.8,47.3
2026-09-07,nfl football,NFL,295000.0,14500.0,0.0,-0.48632218844984804,-0.958956043956044,-0.94,47.2
2026-09-07,nfl odds explained,NFL,50.0,60.0,0.2,0.3333333333333333,-0.38235294117647056,2.0,47.2
2026-09-07,nfl betting trends,NFL,660.0,110.0,0.8333333333333334,-0.686868686868687,-0.8346055979643765,-0.58,46.9
2026-09-07,nfl picks rams,NFL,210.0,10.0,0.0,-0.8,-0.91,0.0,46.9
2026-09-07,nfl 2026 kickoff,NFL,70.0,140.0,0.5555555555555556,0.0,2.4,13.0,46.1
2026-09-07,dfs nfl picks,NFL,260.0,10.0,0.0,-0.6666666666666666,-0.9574468085106383,-0.83,45.9
2026-09-07,nfl futures 2026,NFL,50.0,70.0,1.3333333333333333,-0.13333333333333328,0.12000000000000001,0.17,45.8
2026-09-07,nfl live,NFL,88400.0,17800.0,0.0,-0.7446197991391679,-0.6534195933456561,-0.18,45.7
2026-09-07,cfb picks this week,CFB,70.0,0.0,,,-0.98989898989899,0.0,45.5
2026-09-07,nfl 2026 preseason,NFL,70.0,90.0,-0.5714285714285714,0.7826086956521737,20.333333333333336,2.0,45.4
2026-09-07,my nfl predictions,NFL,50.0,30.0,0.0,0.7999999999999998,-0.688888888888889,-0.79,45.3
2026-09-07,nfl football 49ers,NFL,6500.0,1600.0,0.0,-0.20312500000000006,-0.8357142857142857,-0.7,44.9
2026-09-07,week 1 cfb predictions,CFB,70.0,10.0,0.0,-0.3333333333333333,-0.9444444444444444,-0.99,44.9
2026-09-07,cfb picks week 2,CFB,90.0,0.0,,-1.0,-0.9777777777777777,0.0,44.8
2026-09-07,nfl 2026 mvp,NFL,310.0,90.0,-0.18181818181818182,-0.8897338403041826,2.2444444444444445,0.8,44.1
2026-09-07,cfb picks tonight,CFB,50.0,0.0,,0.0,-0.962962962962963,0.0,44.1
2026-09-07,nfl games live,NFL,7900.0,140.0,0.2727272727272727,-0.8467153284671532,-0.9611793611793612,-0.97,43.9
2026-09-07,cfb predictions 2025,CFB,50.0,10.0,0.0,0.49999999999999994,-0.9137931034482759,-0.97,43.9
2026-09-07,nfl predictions fox,NFL,50.0,10.0,0.0,0.0,-0.8666666666666667,-0.5,43.9
2026-09-07,cfb picks week 1,CFB,60.0,10.0,0.0,,-0.971830985915493,-0.98,43.8
2026-09-07,cfb predictions week 1,CFB,50.0,10.0,,0.0,-0.967741935483871,-0.98,43.3
2026-09-07,cfb picks week 3,CFB,50.0,0.0,,-1.0,-0.98,0.0,43.2
2026-09-07,nfl 2026 game,NFL,260.0,210.0,-0.5531914893617021,-0.13265306122448992,1.1279069767441858,0.91,42.9
2026-09-07,nfl 2026 schedules,NFL,90.0,50.0,-0.8387096774193549,-0.02083333333333339,7.636363636363637,1.5,42.8
2026-09-07,nfl funny moments,NFL,1900.0,850.0,0.0,-0.49056603773584906,-0.5,-0.55,42.1
2026-09-07,nfl imposter,NFL,470.0,470.0,-0.1896551724137931,0.3486842105263158,0.9615384615384617,46.0,41.6
2026-09-07,nfl spreadsheet,NFL,90.0,10.0,0.0,-0.4,-0.9166666666666666,-0.91,41.1
2026-09-07,nfl announcer,NFL,11900.0,3500.0,0.20689655172413793,-0.33557046979865773,-0.7860224331320105,-0.46,40.8
2026-09-07,dallas nfl,NFL,17800.0,2900.0,0.0,-0.28368794326241137,-0.8619509412435825,-0.8,40.7
2026-09-07,nfl 2026 combine,NFL,210.0,10.0,-0.5,-0.909502262443439,39.16666666666667,0.0,40.7
2026-09-07,nfl best moments,NFL,660.0,390.0,0.0,-0.40191387559808606,-0.30991735537190085,-0.41,40.2
2026-09-07,nfl rio de janeiro,NFL,70.0,50.0,0.6666666666666666,-0.5483870967741935,-0.02173913043478267,0.67,40.2
2026-09-07,nfl betting analysis,NFL,60.0,10.0,0.0,-0.6666666666666666,-0.8235294117647058,0.0,40.1
2026-09-07,nfl cards,NFL,6500.0,3500.0,0.0,-0.33918128654970764,-0.3603603603603604,-0.34,39.9
2026-09-07,american nfl football,NFL,50.0,30.0,2.0,0.19999999999999993,-0.744186046511628,0.5,39.8
2026-09-07,nfl edit,NFL,7900.0,3500.0,0.20689655172413793,-0.5026737967914439,-0.6121883656509696,-0.71,39.2
2026-09-07,nfl game outfit,NFL,90.0,30.0,2.0,0.6666666666666667,-0.9207920792079207,-0.82,39.2
2026-09-07,nfl helmets,NFL,7900.0,2900.0,-0.5538461538461539,-0.3287671232876712,-0.4512743628185907,-0.45,38.9
2026-09-07,nfl edits,NFL,7900.0,2900.0,0.0,-0.5809128630705394,-0.5263157894736842,-0.7,38.8
2026-09-07,nfl official,NFL,7900.0,1600.0,0.0,-0.4343434343434343,-0.8201856148491878,-0.63,38.7
2026-09-07,nfl 2026 logo,NFL,90.0,30.0,0.0,-0.8253968253968255,1.4666666666666666,0.0,38.6
2026-09-07,atlanta nfl,NFL,6500.0,1600.0,0.0,-0.23880597014925378,-0.7999999999999999,-0.7,38.4
2026-09-07,nfl h,NFL,3500.0,1600.0,-0.15789473684210525,-0.5354330708661417,-0.2762645914396887,0.0,38.4
2026-09-07,nfl chiefs,NFL,7900.0,1200.0,-0.25,-0.265625,-0.8600252206809583,-0.82,38.0
2026-09-07,nfl is back,NFL,310.0,50.0,0.6666666666666666,-0.13333333333333328,-0.9202279202279203,-0.91,37.8
2026-09-07,dpoy nfl,NFL,6500.0,1900.0,-0.5581395348837209,-0.6754716981132076,-0.1439024390243902,-0.71,37.7
2026-09-07,nfl hat,NFL,4300.0,1600.0,0.0,-0.23880597014925378,-0.6861702127659575,-0.63,37.7
2026-09-07,justin jefferson nfl,NFL,210.0,110.0,0.5714285714285714,-0.3555555555555555,-0.5888888888888889,-0.48,37.7
2026-09-07,nfl in brazil,NFL,580.0,70.0,0.0,-0.4318181818181818,-0.8806228373702423,-0.88,37.6
2026-09-07,nfl career filter,NFL,110.0,140.0,0.2727272727272727,-0.11428571428571437,-0.07042253521126757,-0.18,37.6
2026-09-07,nfl ice,NFL,90.0,90.0,8.0,-0.7317073170731708,-0.23529411764705874,2.0,37.1
2026-09-07,the nfl,NFL,3500.0,850.0,0.0,-0.4375,-0.7692307692307693,-0.65,36.6
2026-09-07,jets nfl,NFL,3500.0,660.0,-0.34,-0.014814814814814857,-0.861139896373057,-0.73,36.4
2026-09-07,nfl jets,NFL,3500.0,660.0,-0.34,-0.014814814814814857,-0.861139896373057,-0.73,36.4
2026-09-07,nfl d,NFL,580.0,170.0,0.0,0.4264705882352941,0.018518518518518517,-0.19,36.2
2026-09-07,nfl academy,NFL,1600.0,1000.0,0.0,0.0035211267605634203,-0.6062283737024221,-0.47,36.1
2026-09-07,cmc nfl,NFL,1600.0,660.0,-0.2235294117647059,0.30263157894736836,-0.7535211267605633,-0.45,36.0
2026-09-07,nfl defense,NFL,3500.0,390.0,0.0,-0.44196428571428564,-0.9043835616438356,-0.84,35.9
2026-09-07,nfl imperialism,NFL,2900.0,1000.0,-0.375,-0.36666666666666664,-0.588235294117647,-0.66,35.8
2026-09-07,nfl back,NFL,310.0,140.0,1.8,0.6923076923076921,-0.8833333333333334,-0.79,35.7
2026-09-07,nfl highlights,NFL,295000.0,11900.0,-0.1793103448275862,-0.8593155893536122,-0.8931331177727846,-0.63,35.1
2026-09-07,nfl 2026 rivalry jerseys,NFL,50.0,140.0,1.0,0.2500000000000001,,3.67,35.1
2026-09-07,nfl flip touchdown,NFL,70.0,50.0,0.0,0.15384615384615377,-0.5,-0.44,35.0
2026-09-07,nfl celebrations,NFL,1600.0,580.0,-0.3176470588235294,-0.40731707317073174,-0.5162962962962964,-0.52,34.7
2026-09-07,nfl brazil,NFL,1900.0,310.0,0.0,-0.360759493670886,-0.8650338718082335,-0.87,34.4
2026-09-07,nfl intro,NFL,1000.0,470.0,0.20512820512820512,-0.30000000000000004,-0.6154761904761904,-0.61,34.4
2026-09-07,nfl 26 ps5,NFL,110.0,30.0,0.0,-0.45000000000000007,-0.6736842105263159,-0.67,34.1
2026-09-07,dazon nfl,NFL,1000.0,110.0,0.8333333333333334,-0.5892857142857142,-0.9347107438016529,-0.89,33.8
2026-09-07,c nfl,NFL,1000.0,260.0,-0.16129032258064516,-0.6231884057971013,-0.5550351288056206,-0.33,33.6
2026-09-07,nfl fl,NFL,580.0,260.0,-0.3333333333333333,-0.3333333333333333,-0.401496259351621,0.0,33.4
2026-09-07,dt nfl,NFL,580.0,390.0,0.0,-0.4010989010989011,-0.3294930875576037,-0.41,33.3
2026-09-07,a nfl,NFL,390.0,140.0,0.5555555555555556,-0.7043478260869566,-0.556547619047619,0.0,33.2
2026-09-07,nfl a,NFL,390.0,140.0,0.5555555555555556,-0.7043478260869566,-0.556547619047619,0.0,33.2
2026-09-07,nfl filter,NFL,310.0,260.0,0.23809523809523808,-0.5555555555555555,0.08900523560209436,-0.16,33.2
2026-09-07,a nfl player,NFL,50.0,20.0,0.0,-0.09090909090909079,-0.46153846153846156,-0.67,33.2
2026-09-07,nfl juegos,NFL,1900.0,50.0,-0.16666666666666666,-0.6825396825396824,-0.963834422657952,-0.94,33.1
2026-09-07,nfl c,NFL,1000.0,260.0,0.0,-0.49079754601226994,-0.7476923076923077,-0.69,33.1
2026-09-07,nfl drip,NFL,580.0,310.0,0.19230769230769232,-0.33834586466165417,-0.5110619469026549,-0.64,33.0
2026-09-07,nfl dance,NFL,470.0,210.0,-0.6379310344827587,0.5934065934065934,-0.3516483516483516,-0.64,33.0
2026-09-07,nfl tackles,NFL,580.0,260.0,0.0,-0.22222222222222227,-0.5023923444976076,-0.61,32.9
2026-09-07,nfl catches,NFL,660.0,260.0,0.0,-0.441717791411043,-0.6062015503875969,-0.69,32.4
2026-09-07,nfl icon,NFL,390.0,140.0,0.0,-0.7792792792792792,0.3349753694581282,-0.64,32.4
2026-09-07,nfl 2026 ps5,NFL,60.0,20.0,0.0,-0.45454545454545453,-0.6458333333333334,-0.71,32.4
2026-09-07,nfl dart,NFL,580.0,140.0,-0.17647058823529413,-0.014084507042253442,-0.7622259696458685,-0.79,32.0
2026-09-07,f nfl,NFL,470.0,60.0,-0.14285714285714285,-0.5488721804511278,-0.4061538461538461,-0.45,31.9
2026-09-07,nfl f,NFL,470.0,60.0,-0.14285714285714285,-0.5488721804511278,-0.4061538461538461,-0.45,31.9
2026-09-07,usa nfl,NFL,140.0,110.0,0.2222222222222222,-0.27027027027027023,-0.4234234234234234,0.22,31.4
2026-09-07,nfl animation,NFL,310.0,170.0,0.0,-0.20312500000000003,-0.6254071661237784,-0.56,31.1
2026-09-07,nfl gay,NFL,470.0,170.0,-0.19047619047619047,-0.3333333333333333,-0.6304849884526559,-0.8,31.0
2026-09-07,e nfl,NFL,170.0,70.0,0.16666666666666666,-0.5789473684210527,-0.4295774647887324,-0.22,30.2
2026-09-07,nfl e,NFL,170.0,70.0,0.16666666666666666,-0.5789473684210527,-0.4295774647887324,-0.22,30.2
2026-09-07,b nfl,NFL,260.0,60.0,-0.14285714285714285,-0.752808988764045,-0.41578947368421054,-0.33,30.1
2026-09-07,nfl brasil,NFL,390.0,70.0,-0.2222222222222222,-0.41025641025641024,-0.8434343434343434,-0.85,29.8
2026-09-07,nfl b,NFL,260.0,60.0,0.0,-0.40625,-0.7935222672064778,-0.65,29.7
2026-09-07,nfl hoje,NFL,390.0,10.0,0.0,-0.8125,-0.9532019704433498,-0.83,29.2
2026-09-07,nfl gatorade,NFL,140.0,70.0,0.0,-0.5490196078431372,-0.23711340206185566,-0.59,29.1
2026-09-07,nfl griddy,NFL,170.0,60.0,-0.3333333333333333,-0.13513513513513506,-0.5035971223021583,-0.77,28.8
2026-09-07,i nfl,NFL,110.0,50.0,-0.16666666666666666,-0.42857142857142855,-0.43298969072164945,-0.17,28.8
2026-09-07,nfl i,NFL,110.0,50.0,-0.16666666666666666,-0.42857142857142855,-0.43298969072164945,-0.17,28.8
2026-09-07,nfl black,NFL,70.0,30.0,0.5,-0.2666666666666667,-0.6119402985074628,-0.4,28.5
2026-09-07,brady nfl,NFL,140.0,60.0,-0.14285714285714285,-0.36666666666666664,-0.5950413223140495,-0.57,28.4
2026-09-07,johnson nfl,NFL,110.0,60.0,-0.3333333333333333,-0.09090909090909079,-0.5841584158415842,-0.65,27.8
2026-09-07,eminem nfl,NFL,110.0,30.0,0.0,-0.5263157894736842,-0.752212389380531,-0.57,27.4
2026-09-07,nflbrasil,NFL,390.0,70.0,-0.2222222222222222,-0.41025641025641024,-0.8434343434343434,-0.85,27.3
2026-09-07,dl nfl,NFL,90.0,30.0,0.0,-0.6071428571428571,-0.48,-0.73,27.0
2026-09-07,nfl height,NFL,60.0,30.0,0.0,-0.4,-0.52,-0.4,27.0
2026-09-07,colin nfl,NFL,50.0,20.0,0.0,-0.3000000000000001,-0.5405405405405405,-0.6,26.2
2026-09-07,g nfl,NFL,50.0,10.0,0.0,-0.5833333333333333,-0.46875000000000006,-0.5,26.0
2026-09-07,nfl j,NFL,60.0,10.0,-0.5,-0.6666666666666666,-0.45454545454545453,-0.67,24.9
2026-09-07,nfl handshakes,NFL,70.0,10.0,-0.6666666666666666,-0.4,-0.7837837837837838,-0.91,24.4
2026-09-07,nfl 2026 highlights,NFL,50.0,50.0,0.0,-0.5294117647058824,,-0.71,24.2
